,uniprot_id,protein_full_name,interaction_description,output
1,Q7Z6A9,B- and T-lymphocyte attenuator,"Phosphorylated on Tyr residues by TNFRSF14 and by antigen receptors cross-linking, both inducing association with PTPN6 and PTPN11",1
26,Q9H706,GRB2-associated and regulator of MAPK protein 1,"On EGF stimulation, phosphorylated on Tyr-105 and Tyr-453",0
36,Q14765,Signal transducer and activator of transcription 4,Acetylation at Lys-667 is required for JAK2-mediated phosphorylation and activation of STAT4,0
37,Q14765,Signal transducer and activator of transcription 4,"Tyrosine phosphorylated upon IL12 and IFN-alpha activation, but not by IFN-gamma in T-lymphocytes and NK cells (PubMed:8943379). Serine phosphorylation is required for maximal transcriptional activity but not for DNA binding (PubMed:8943379). Phosphorylation by MAP2K6 at Ser-721 is required for full transcriptional activity induced by IL12 (PubMed:10961885). However this serine phosphorylation is not required for cell proliferation although critical for IFN-gamma production (PubMed:12213961)",0
44,P51692,Signal transducer and activator of transcription 5B,"Tyrosine phosphorylated in response to signaling via activated KIT, resulting in translocation to the nucleus. Tyrosine phosphorylated in response to signaling via activated FLT3; wild-type FLT3 results in much weaker phosphorylation than constitutively activated mutant FLT3. Alternatively, can be phosphorylated by JAK2. Phosphorylation at Tyr-699 by PTK6 or HCK leads to an increase of its transcriptional activity",1
48,Q9UKE5,TRAF2 and NCK-interacting protein kinase,Autophosphorylated. Autophosphorylation is activated by RAP2A and induces association to the cytoskeletal fraction,1
69,P42229,Signal transducer and activator of transcription 5A,"Tyrosine phosphorylated in response to KITLG/SCF, IL2, IL3, IL7, IL15, CSF2/GMCSF, GH1, PRL, EPO and THPO (By similarity). Activated KIT promotes phosphorylation on tyrosine residues and subsequent translocation to the nucleus (PubMed:21135090). Tyrosine phosphorylated in response to constitutively activated FGFR1, FGFR2, FGFR3 and FGFR4 (By similarity). Tyrosine phosphorylation is required for DNA-binding activity and dimerization. Serine phosphorylation is also required for maximal transcriptional activity (By similarity). Tyrosine phosphorylated in response to signaling via activated FLT3; wild-type FLT3 results in much weaker phosphorylation than constitutively activated mutant FLT3 (PubMed:14504097). Alternatively, can be phosphorylated by JAK2 at Tyr-694 (PubMed:12529425)",1
78,P52630,Signal transducer and activator of transcription 2,Tyrosine phosphorylated in response to IFN-alpha. Phosphorylation at Ser-287 negatively regulates the transcriptional response,0
82,Q1MSJ5,Centrosome and spindle pole-associated protein 1,Phosphorylated. Phosphorylation increases in colcemide-treated cells,0
97,Q9Y5X1,Sorting nexin-9,Phosphorylated on tyrosine residues by TNK2. Phosphorylation promotes its activity in the degradation of EGFR,0
114,Q96Q27,Ankyrin repeat and SOCS box protein 2,Phosphorylation at Ser-371 is required for association with FLNA and subsequent FLNA degradation,0
120,Q6ZW76,Ankyrin repeat and SAM domain-containing protein 3,"Phosphorylations at Ser-5, Ser-225, Thr-319, Ser-320, Ser-368 and Ser-371 occur in a NEK7-dependent manner",0
123,Q9BYV9,Transcription regulator protein BACH2,Phosphorylation at Ser-521 downstream of the PI-3K pathway promotes nuclear export,0
134,Q9H6R7,WD repeat and coiled-coil-containing protein,Phosphorylated on Tyr when associated with HCK,0
144,Q0VGL1,Ragulator complex protein LAMTOR4,Phosphorylation at Ser-67 by PKA inhibits Ragulator complex assembly,1
150,O14492,SH2B adapter protein 2,"Tyrosine phosphorylated by JAK2, KIT and other kinases activated by B-cell receptor in response to stimulation with cytokines, IL3, IL5, PDGF, IGF1, IGF2, CSF2/GM-CSF and cross-linking of the B-cell receptor complex",1
157,Q99689,Fasciculation and elongation protein zeta-1,Phosphorylated by protein kinase C zeta; which enhances interaction with UBE4B and polyubiquitination,1
164,P42226,Signal transducer and activator of transcription 6,Tyrosine phosphorylated on Tyr-641 following stimulation by IL4/interleukin-4 (PubMed:27796300). Tyrosine phosphorylated following stimulation by IL3/interleukin-3 (By similarity). Dephosphorylation on tyrosine residues by PTPN2 negatively regulates the IL4/interleukin-4 mediated signaling (PubMed:17210636),0
169,Q8WXE1,ATR-interacting protein,Phosphorylated by ATR,0
170,Q9H765,Ankyrin repeat and SOCS box protein 8,Phosphorylated by TBK1,1
172,Q9Y233,"cAMP and cAMP-inhibited cGMP 3',5'-cyclic phosphodiesterase 10A",Phosphorylated on Thr-16,0
180,Q8IW19,Aprataxin and PNK-like factor,Phosphorylated in an ATM-dependent manner upon double-strand DNA break,0
181,Q8IVF5,Rho guanine nucleotide exchange factor TIAM2,"Phosphorylated on serine and threonine residues. Phosphorylated on Thr-1648 by Rho-kinase. Its phosphorylation by Rho-kinase inhibits its guanine nucleotide exchange activity, its interaction with MAP1A, MAP1B, PARP1 and YWHAE and reduces its ability to promote neurite growth (By similarity)",1
190,Q9UN19,Dual adapter for phosphotyrosine and 3-phosphotyrosine and 3-phosphoinositide,Phosphorylated on tyrosine residues,0
199,Q96BD8,SKA complex subunit 1,Phosphorylated by AURKB at Thr-157 and Ser-242 which negatively regulates the association of the SKA complex with kinetochores to allow correction of aberrant kinetochore-microtubule interactions and promote mitotic sister chromatid biorientation,1
202,Q9BXS6,Nucleolar and spindle-associated protein 1,Phosphorylation by ATM in G2/M-phase induces mitotic arrest,0
205,Q8IVT2,Mitotic interactor and substrate of PLK1,Phosphorylated by CDK1 and PLK1. CDK1 is the priming kinase for PLK1 phosphorylation. Phosphorylation by PLK1 is required for proper spindle orientation at metaphase,0
216,Q92556,Engulfment and cell motility protein 1,Phosphorylated by HCK,1
221,Q13444,Disintegrin and metalloproteinase domain-containing protein 15,Phosphorylation increases association with PTKs,0
235,Q9H1E3,Nuclear ubiquitous casein and cyclin-dependent kinase substrate 1,Phosphorylated in an ATM-dependent manner in response to DNA damage (PubMed:26323318). Phosphorylated by CDK1 and casein kinase (PubMed:11298763),1
242,O60658,"High affinity cAMP-specific and IBMX-insensitive 3',5'-cyclic phosphodiesterase 8A","Phosphorylated at Ser-359 by PKA under elevated cAMP conditions, this enhances catalytic activity",1
245,O95866,Megakaryocyte and platelet inhibitory receptor G6b,Phosphorylated,0
246,P31641,Sodium- and chloride-dependent taurine transporter,Taurine transport activity is down-regulated upon Ser-322 phosphorylation,0
252,Q99640,Membrane-associated tyrosine- and threonine-specific cdc2-inhibitory kinase,Autophosphorylated. Phosphorylated by CDC2-CCNB1 complexes on undefined serine and threonine residues. The phosphorylation by CDC2-CCNB1 complexes may inhibit the catalytic activity,0
256,Q9NYZ3,G2 and S phase-expressed protein 1,Phosphorylated in mitosis,0
264,P40763,Signal transducer and activator of transcription 3,"Tyrosine phosphorylated upon stimulation with EGF. Tyrosine phosphorylated in response to constitutively activated FGFR1, FGFR2, FGFR3 and FGFR4 (By similarity). Activated through tyrosine phosphorylation by BMX. Tyrosine phosphorylated in response to IL6, IL11, LIF, CNTF, KITLG/SCF, CSF1, EGF, PDGF, IFN-alpha, LEP and OSM. Activated KIT promotes phosphorylation on tyrosine residues and subsequent translocation to the nucleus. Phosphorylated on serine upon DNA damage, probably by ATM or ATR. Serine phosphorylation is important for the formation of stable DNA-binding STAT3 homodimers and maximal transcriptional activity. ARL2BP may participate in keeping the phosphorylated state of STAT3 within the nucleus. Upon LPS challenge, phosphorylated within the nucleus by IRAK1. Upon erythropoietin treatment, phosphorylated on Ser-727 by RPS6KA5. Dephosphorylation on tyrosine residues by PTPN2 negatively regulates IL6/interleukin-6 signaling (By similarity). Phosphorylation at Tyr-705 by PTK6, isoform M2 of PKM (PKM2) or FER leads to an increase of its transcriptional activity (PubMed:12763138, PubMed:16568091, PubMed:21135090, PubMed:22306293, PubMed:32929201). Phosphorylation at Tyr-705 is increased in the presence of calcineurin (By similarity). Phosphorylation at Tyr-640 by TYK2 negatively regulates transcriptional activity (PubMed:29162862)",1
267,P40763,Signal transducer and activator of transcription 3,(Microbial infection) Phosphorylated on Tyr-705 in the presence of S.typhimurium SarA,0
273,Q92625,Ankyrin repeat and SAM domain-containing protein 1A,Phosphorylated on tyrosine residues in response to EGF and PDGF,0
275,Q92698,DNA repair and recombination protein RAD54-like,Phosphorylated. Phosphorylation at Ser-572 by NEK1 specifically in G2 phase allows efficient removal of RAD51 filaments from DNA,0
280,Q9C000,"NACHT, LRR and PYD domains-containing protein 1","Phosphorylated by MAP3K20 isoform ZAKalpha, MAPK11 and MAPK14 in response to UV-B irradiation and ribosome collisions, promoting activation of the NLRP1 inflammasome and pyroptosis",0
291,Q9UPQ3,"Arf-GAP with GTPase, ANK repeat and PH domain-containing protein 1",Phosphorylated on tyrosines,0
292,P60484,"Phosphatidylinositol 3,4,5-trisphosphate 3-phosphatase and dual-specificity protein phosphatase PTEN","Constitutively phosphorylated by CK2 under normal conditions. Phosphorylated in vitro by MAST1, MAST2, MAST3 and STK11. Phosphorylation results in an inhibited activity towards PIP3. Phosphorylation can both inhibit or promote PDZ-binding. Phosphorylation at Tyr-336 by FRK/PTK5 protects this protein from ubiquitin-mediated degradation probably by inhibiting its binding to NEDD4. Phosphorylation by ROCK1 is essential for its stability and activity. Phosphorylation by PLK3 promotes its stability and prevents its degradation by the proteasome. Phosphorylated on Thr-319 and Thr-321 in the C2-type tensin domain following EGF stimulation which changes its binding preference from the p85 regulatory subunit of the PI3K kinase complex to DLC1 (PubMed:26166433)",1
304,Q8TDN4,CDK5 and ABL1 enzyme substrate 1,"Phosphorylated on Ser-313 by CCNE1/CDK3. Phosphorylated on serine/threonine residues by CDK5 and on tyrosine residues by ABL1. Also phosphorylated in vitro by CCNA1/CDK2, CCNE1/CDK2, CCNA1/CDK3 and CCNE1/CDK3 (By similarity)",0
312,Q8WV41,Sorting nexin-33,Phosphorylated,0
314,Q9BUH6,Protein PAXX,Phosphorylation may inhibit interaction with the DNA-bound XRCC5/Ku80 and XRCC6/Ku70 heterodimer (Ku complex),0
326,Q13671,Ras and Rab interactor 1,Phosphorylated on tyrosine residues by ABL1 and ABL2. Phosphorylation at Ser-351 by PRKD1 induces interaction with 14-3-3 proteins,0
356,P50479,PDZ and LIM domain protein 4,Phosphorylated on tyrosine residue(s). Can be dephosphorylated by PTPN13,0
357,Q6NZI2,Caveolae-associated protein 1,Phosphorylated. Present in active and inactive forms. Changes in phosphorylation pattern may alter activity. Phosphorylation at Tyr-156 is essential for its functionin the regulation of ribosomal transcriptional activity,0
358,Q6NZI2,Caveolae-associated protein 1,Five truncated forms are found in the caveolae. These are thought to be the result of proteolysis and may be phosphorylation-dependent,0
361,Q9C0D5,Protein TANC1,Phosphorylated; by MINK1 and TNIK upon stimulation by RAP2A,1
388,Q9BY11,Protein kinase C and casein kinase substrate in neurons protein 1,Phosphorylated by casein kinase 2 (CK2) and protein kinase C (PKC),1
397,Q99828,Calcium and integrin-binding protein 1,Phosphorylation of isoform 2 at Ser-118 by PRKD2 increases its ability to stimulate tumor angiogenesis,1
399,O96004,Heart- and neural crest derivatives-expressed protein 1,"Phosphorylation by PLK4 disrupts the interaction with MDFIC and leads to translocation into the nucleoplasm, allowing dimerization and transcription factor activity",1
409,Q96A49,Synapse-associated protein 1,Phosphorylated. Phosphorylation increases in a mTORC2-mediated manner in response to epidermal growth factor (EGF) stimulation,0
424,Q9UHB6,LIM domain and actin-binding protein 1,Phosphorylation of the C-terminal region by MAPK1/MAPK3 reduces its association with F-actin and contributes to actin filament reorganization and enhances cell motility,1
448,Q9UD71,Protein phosphatase 1 regulatory subunit 1B,Dopamine- and cyclic AMP-regulated neuronal phosphoprotein,0
449,Q9UD71,Protein phosphatase 1 regulatory subunit 1B,Phosphorylation of Thr-34 is required for activity,0
459,Q99490,"Arf-GAP with GTPase, ANK repeat and PH domain-containing protein 2","Isoform PIKE-A is phosphorylated at Tyr-682 and Tyr-774 by FYN, preventing its apoptotic cleavage",1
463,Q8N684,Cleavage and polyadenylation specificity factor subunit 7,Phosphorylated (PubMed:29276085),0
465,Q8N163,Cell cycle and apoptosis regulator protein 2,ATM/ATR-mediated phosphorylation at Thr-454 upon DNA damage promotes binding to SIRT1. Phosphorylation at Thr-454 promotes its sumoylation by switching the binding partner of CCAR2 from SENP1 to PIAS3,0
469,P42224,Signal transducer and activator of transcription 1-alpha/beta,"Phosphorylated on tyrosine and serine residues in response to a variety of cytokines/growth hormones including IFN-alpha, IFN-gamma, PDGF and EGF (PubMed:26479788, PubMed:28753426). Activated KIT promotes phosphorylation on tyrosine residues and subsequent translocation to the nucleus (PubMed:21135090). Upon EGF stimulation, phosphorylation on Tyr-701 (lacking in beta form) by JAK1, JAK2 or TYK2 promotes dimerization and subsequent translocation to the nucleus (PubMed:28753426, PubMed:7657660). Growth hormone (GH) activates STAT1 signaling only via JAK2 (PubMed:7657660). Tyrosine phosphorylated in response to constitutively activated FGFR1, FGFR2, FGFR3 and FGFR4 (PubMed:17561467, PubMed:19088846). Phosphorylation on Ser-727 by several kinases including MAPK14, ERK1/2, CAMK2/CAMKII and CK2 in response to IFN-gamma stimulation, is required for maximal transcriptional activity (PubMed:15322115, PubMed:16799645, PubMed:17897103, PubMed:7543024). Phosphorylated on Ser-727 by CAMK2/CAMKII in response to IFN-gamma stimulation and calcium mobilization, promoting activity (PubMed:11972023, PubMed:16257975). Phosphorylated by CAMK2/CAMKII in response to IFN-beta stimulation and calcium mobilization in epithelial cells, promoting activity (PubMed:35568036). Phosphorylation on Ser-727 promotes sumoylation though increasing interaction with PIAS (PubMed:17897103). Phosphorylation on Ser-727 by PRKCD induces apoptosis in response to DNA-damaging agents (PubMed:15322115). Phosphorylated on tyrosine residues when PTK2/FAK1 is activated; most likely this is catalyzed by a SRC family kinase (PubMed:11278462). Dephosphorylation on tyrosine residues by PTPN2 negatively regulates interferon-mediated signaling (PubMed:12138178). Upon viral infection or IFN induction, phosphorylation on Ser-708 occurs much later than phosphorylation on Tyr-701 and is required for the binding of ISGF3 on the ISREs of a subset of IFN-stimulated genes IKBKE-dependent (PubMed:22065572). Phosphorylation at Tyr-701 and Ser-708 are mutually exclusive, phosphorylation at Ser-708 requires previous dephosphorylation of Tyr-701 (PubMed:22065572). Phosphorylation at Thr-749 by IKBKB/IKKB promotes transcriptional activation of ARID5A and IL12B by STAT1 (PubMed:32209697). Phosphorylation at Thr-749 restricts interferon signaling and anti-inflammatory responses and promotes innate inflammatory responses (By similarity)",0
470,P42224,Signal transducer and activator of transcription 1-alpha/beta,"Sumoylated with SUMO1, SUMO2 and SUMO3. Sumoylation is enhanced by IFN-gamma-induced phosphorylation on Ser-727, and by interaction with PIAS proteins. Enhances the transactivation activity",0
472,P42224,Signal transducer and activator of transcription 1-alpha/beta,"Mono-ADP-ribosylated at Glu-657 and Glu-705 by PARP14; ADP-ribosylation prevents phosphorylation at Tyr-701 (PubMed:27796300). However, the role of ADP-ribosylation in the prevention of phosphorylation has been called into question and the lack of phosphorylation may be due to sumoylation of Lys-703 (PubMed:29858569)",0
473,P42224,Signal transducer and activator of transcription 1-alpha/beta,"Monomethylated at Lys-525 by SETD2; monomethylation is necessary for phosphorylation at Tyr-701, translocation into the nucleus and activation of the antiviral defense",0
478,Q6UWF3,SLP adapter and CSK-interacting membrane protein,"Phosphorylated by the Src-family protein tyrosine kinases LYN and SRC (PubMed:21930792). Phosphorylation occurs on tyrosine residues upon MHC-II stimulation (PubMed:21930792). Phosphorylation also occurs on tyrosine residues after activation of CLEC7A/DECTIN1 by particulate beta-glucan (By similarity). Lipopolysaccharide (LPS) induces phosphorylation of Tyr-69, Tyr-107 and Tyr-131 differentially to allow temporal recruitment of effector proteins GRB2, CSK and BLNK (By similarity). Phosphorylation of Tyr-69 is immediately induced by LPS stimulation and allows GRB2 to bind (By similarity). Tyr-107 is phosphorylated 5 minutes after LPS stimulation, which then allows CSK to bind, followed by phosphorylation of Tyr-131 10 minutes after LPS induction, which allows BLNK to bind (By similarity). Phosphorylation at Tyr-107 by LYN occurs after activation of TLR4 by lipopolysaccharide; phosphorylation enhances binding to TLR4 (By similarity)",1
481,Q6ZWK4,Regulator of hemoglobinization and erythroid cell expansion protein,Phosphorylated. Phosphorylation on Tyr-132 and Tyr-141 occurs in a erythropoietin (EPO)-dependent manner (PubMed:25092874),0
488,Q9C0C7,Activating molecule in BECN1-regulated autophagy protein 1,"Phosphorylation at Ser-52 by MTOR inhibits its ability to regulate autophagy and mediate ubiquitination of ULK1 (PubMed:23524951). Phosphorylation by ULK1 in response to autophagy induction abolishes interaction with DYNLL1 and DYNLL2, releasing AMBRA1 from the cytoskeletal docking site to induce autophagosome nucleation (PubMed:20921139). Phosphorylation by MTOR inhibits interaction with PPP2CA and subsequent dephosphorylation of MYC (PubMed:25438055). Phosphorylation at Ser-1043 by CHUK/IKKA promotes its interaction with ATG8 family proteins GABARAP and MAP1LC3B and its mitophagic activity (PubMed:30217973)",1
494,O75665,Centriole and centriolar satellite protein OFD1,"Phosphorylated. Phosphorylation at Ser-735, by the cAMP-dependent protein kinase PKA, triggers ubiquitination and proteasomal degradation of OFD1. Also increases its interaction with TBC1D31 and regulates its function in ciliogenesis",0
495,O75665,Centriole and centriolar satellite protein OFD1,"Ubiquitinated by PJA2, upon phosphorylation at Ser-735 by PKA, leads to the proteasomal degradation of OFD1",0
502,Q6ZP82,Coiled-coil domain-containing protein 141,Phosphorylation at Thr-91 by PLK1 affects CCDC141 degradation,0
506,Q9UKS6,Protein kinase C and casein kinase substrate in neurons protein 3,Phosphorylated by casein kinase 2 (CK2) and protein kinase C (PKC),1
513,Q96PX8,SLIT and NTRK-like protein 1,Undergoes proteolytic cleavage that results in shedding of the ectodomain and cleavage of the C-terminal cytoplasmic tail. Glycosylated. Phosphorylation at Ser-695 is necessary for proper function in promoting neurite outgrowth,0
521,O60504,Vinexin,Phosphorylated at Ser-530 by MAPK1/ERK2 during cell spreading,1
531,Q13535,Serine/threonine-protein kinase ATR,"Phosphorylated (PubMed:21144835). Autophosphorylation at Thr-1989 in response to DNA damage promotes interaction with TOPBP1 and activation of ATR (PubMed:21705319, PubMed:21777809)",1
538,Q9UNF0,Protein kinase C and casein kinase substrate in neurons protein 2,"Phosphorylated by casein kinase 2 (CK2). Phosphorylation by PKC probably decreases the membrane binding and tubulation capacities of PACSIN2, thereby modulating the lifetime of caveolae (By similarity)",1
543,O43150,"Arf-GAP with SH3 domain, ANK repeat and PH domain-containing protein 2",Phosphorylated on tyrosine residues by SRC and PTK2B,1
547,O75674,TOM1-like protein 1,Phosphorylated on tyrosines by FYN and LYN,1
560,Q9P1Z0,Zinc finger and BTB domain-containing protein 4,Phosphorylated by HIPK2. This phosphorylation reduces stability and triggers ZBTB4 protein degradation in response to DNA damage,1
577,Q5T890,DNA excision repair protein ERCC-6-like 2,Phosphorylated by NEK6,1
591,Q16630,Cleavage and polyadenylation specificity factor subunit 6,"Phosphorylated (PubMed:29276085). Phosphorylated in the Arg/Ser-rich domain by SRPK1, in vitro (PubMed:29276085)",1
600,Q969U6,F-box/WD repeat-containing protein 5,"Phosphorylated at Ser-151 by PLK4 during the G1/S transition, leading to inhibit its ability to ubiquitinate SASS6",1
604,O95273,Cyclin-D1-binding protein 1,Phosphorylated,0
607,Q8IX03,Protein KIBRA,"Phosphorylation at Ser-542 and Ser-931 by CDK1 in response to spindle damage stress regulates mitotic exit, these two sites are dephosphorylated by CDC14B",1
613,P59047,"NACHT, LRR and PYD domains-containing protein 5",Phosphorylated by PRKCE,1
615,Q8TER0,"Sushi, nidogen and EGF-like domain-containing protein 1",Phosphorylated on serine and threonine residues,0
624,Q9BYE7,Polycomb group RING finger protein 6,Phosphorylated during mitosis. Phosphorylated on Ser-30 by CDK7 in vitro,1
638,Q9NSG2,FIGNL1-interacting regulator of recombination and mitosis,Phosphorylation at Ser-43 by PLK1 strengthens FIRRM-PLK1 interaction (PubMed:34260926). Phosphorylation at Ser-744 by PLK1 negatively regulates its interaction with PPP1CC (PubMed:34260926),1
658,Q6PCD5,E3 ubiquitin-protein ligase RFWD3,"Phosphorylated at Ser-46 and Ser-63 upon DNA damage by ATM or ATR. ATM phosphorylation occurs at early times upon DNA damage, while ATR is the major kinase at later times. Phosphorylation by ATM and ATR is required to stabilize p53/TP53. Part of the phosphorylation depends upon RPA2 presence",1
659,Q6ZN04,RNA-binding protein MEX3B,"Phosphorylation at Ser-462 creates a docking site for 14-3-3, which stabilizes the protein and modulates its ability to bind RNA",0
678,Q6SZW1,NAD(+) hydrolase SARM1,"Phosphorylation at Ser-548 by JNK kinases (MAPK8, MAPK9 and /or MAPK10) enhance the NAD(+) hydrolase (NADase) activity (PubMed:30333228). Phosphorylation at Ser-548 and subsequent activation takes place in response to oxidative stress conditions and inhibits mitochondrial respiration (PubMed:30333228)",1
680,O95714,E3 ubiquitin-protein ligase HERC2,Phosphorylation at Thr-4827 is required for interaction with RNF8,0
683,Q15027,"Arf-GAP with coiled-coil, ANK repeat and PH domain-containing protein 1","Phosphorylation at Ser-554 by PKB is required for interaction with ITGB1, export of ITGB1 from recycling endosomes to the cell surface and ITGB1-dependent cell migration",1
687,Q8WWN8,"Arf-GAP with Rho-GAP domain, ANK repeat and PH domain-containing protein 3",Tyrosine phosphorylated at a low basal level. PDGF treatment stimulates phosphorylation. Tyrosine phosphorylation is increased in cells that are in the process of becoming attached to a substrate and that start spreading and flattening (By similarity),0
698,Q53H47,Histone-lysine N-methyltransferase SETMAR,Phosphorylated at Ser-508 by CHEK1 and dephosphorylated by protein phosphatase 2A/PP2A. Phosphorylation at Ser-508 is enhanced by DNA damage and promotes recruitment to damaged DNA. It stimulates DNA repair and impairs replication fork restart,0
699,Q7L099,Protein RUFY3,Phosphorylated by PAK1 (PubMed:25766321). Isoform 1 is partially phosphorylated (By similarity),1
718,O94875,Sorbin and SH3 domain-containing protein 2,Dephosphorylated by PTPN12,0
727,P25490,Transcriptional repressor protein YY1,Phosphorylation at Ser-118 by CK2 prevents proteolytic cleavage by caspase-7 (CASP7) during apoptosis,1
728,P25490,Transcriptional repressor protein YY1,Proteolytically cleaved by caspase-7 (CASP7) in response to apoptosis (PubMed:22184066). Phosphorylation at Ser-118 protects against proteolytic cleavage (PubMed:22184066),0
733,Q86XN8,RNA-binding protein MEX3D,Phosphorylated,0
743,P51813,Cytoplasmic tyrosine-protein kinase BMX,Phosphorylated in response to protein I/II and to LPS. Phosphorylation at Tyr-566 by SRC and by autocatalysis leads to activation and is required for STAT3 phosphorylation by BMX,1
750,Q9NRF2,SH2B adapter protein 1,Phosphorylated on tyrosine residues in response to receptor kinase stimulation. Phosphorylated by RET,1
759,O94868,F-BAR and double SH3 domains protein 2,Phosphorylated. Phosphorylation on a Ser residue is important for recruitment to the cell membrane and for its role in promoting endocytosis,0
780,Q9UKC9,F-box/LRR-repeat protein 2,"Phosphorylated by GSK-beta (GSK3B), promoting recognition by FBXO3, leading to its ubiquitination by the SCF(FBXO3) complex",0
785,O75807,Protein phosphatase 1 regulatory subunit 15A,"Phosphorylated at multiple Ser/Thr residues. Phosphorylated on tyrosine by LYN; which impairs its antiproliferative activity. Phosphorylation at Tyr-262 enhances proteasomal degradation, this position is dephosphorylated by PTPN2",1
799,O60229,Kalirin,Autophosphorylated,1
811,Q9H2D6,TRIO and F-actin-binding protein,Phosphorylation at Thr-457 by PLK1 ensures mitotic progression and is essential for accurate chromosome segregation (PubMed:22820163). Phosphorylation at residues Thr-221 and Thr-457 by kinase NEK2A and PLK1 coordinates TERF1 translocation from telomere to spindle pole (PubMed:24692559),0
815,Q494U1,Pleckstrin homology domain-containing family N member 1,Phosphorylation is essential for its mitochondrial localization and regulates its interaction with C1QBP,0
818,Q92917,G-patch domain and KOW motifs-containing protein,Phosphorylation regulates its ability to bind RNA,0
821,Q9UKG1,DCC-interacting protein 13-alpha,Phosphorylation at Ser-410 by PKA severely impairs binding to OCRL,1
826,P50461,Cysteine and glycine-rich protein 3,Phosphorylated by PKC/PRKCA,1
829,Q12830,Nucleosome-remodeling factor subunit BPTF,Phosphorylation enhances DNA-binding,0
833,Q8N6F7,Germinal center-associated signaling and motility protein,Phosphorylation on tyrosine residues can be induced by IL6. Phosphorylation is mediated by LYN,1
836,Q9BVN2,AP-4 complex accessory subunit RUSC1,Phosphorylated on serine residues following nuclear translocation,0
844,P78536,Disintegrin and metalloproteinase domain-containing protein 17,Phosphorylated. Stimulation by growth factor or phorbol 12-myristate 13-acetate induces phosphorylation of Ser-819 but decreases phosphorylation of Ser-791. Phosphorylation at Thr-735 by MAPK14 is required for ADAM17-mediated ectodomain shedding,0
874,Q9H171,Z-DNA-binding protein 1,Phosphorylated,0
885,Q5JUK3,Potassium channel subfamily T member 1,Phosphorylated by protein kinase C. Phosphorylation of the C-terminal domain increases channel activity,1
887,O95251,Histone acetyltransferase KAT7,"Phosphorylated at Ser-50 and Ser-53 by ATR in response to DNA damage, promoting its ubiquitination by the CRL4(DDB2) complex and subsequent degradation (PubMed:26572825). Phosphorylation at Ser-50 and Ser-53 by ATR in response to ultraviolet-induced DNA, promotes localization to DNA damage sites (PubMed:28719581). Phosphorylation at Ser-57 by PLK1 during mitosis seems important for prereplicative complex formation and DNA replication licensing, and requires prior phosphorylation at Thr-85 and Thr-88 by CDK1 (PubMed:18250300). Phosphorylated by MAP2K1, which accelerates its degradation (By similarity)",1
888,O95251,Histone acetyltransferase KAT7,"Ubiquitinated at Lys-338, leading to proteasomal degradation (PubMed:23319590). Ubiquitinated by the CRL4(DDB2) complex following phosphorylation by ATR, leading to its subsequent degradation (PubMed:26572825)",0
892,Q13433,Zinc transporter ZIP6,Phosphorylated by ZAP70 in response to TCR stimulation leading to its activation,0
897,Q96EP1,E3 ubiquitin-protein ligase CHFR,Phosphorylated by PKB. Phosphorylation may affect its E3 ligase activity,0
900,P29322,Ephrin type-A receptor 8,"Phosphorylated. Phosphorylation is stimulated upon binding of its ligands including EFNA2, EFNA3 and EFNA5. Autophosphorylation on Tyr-616 is critical for association with FYN. Autophosphorylation on Tyr-839 modulates tyrosine kinase activity (By similarity)",1
906,Q9NX09,DNA damage-inducible transcript 4 protein,Phosphorylated by GSK3B; this promotes proteasomal degradation,1
918,A1X283,SH3 and PX domain-containing protein 2B,Phosphorylated in SRC-transformed cells,0
928,Q8WVT3,Trafficking protein particle complex subunit 12,Phosphorylated as the cells enter mitosis but is dephosphorylated at or before the onset of anaphase. The phosphorylated form recruits CENPE to kinetochores more efficiently than the non-phosphorylated form,0
935,Q96PU4,E3 ubiquitin-protein ligase UHRF2,Phosphorylated. Phosphorylation may be mediated by CDK2,0
937,Q9ULH1,"Arf-GAP with SH3 domain, ANK repeat and PH domain-containing protein 1",Phosphorylated on tyrosine residues by SRC,1
941,Q8N3Y1,F-box/WD repeat-containing protein 8,"Phosphorylation at Ser-85 by mTORC2 promotes FBXW8 stabilization, allowing its translocation to the cytosol in response to insulin",1
942,Q9NZJ0,Denticleless protein homolog,"Ubiquitinated by the anaphase promoting complex/cyclosome (APC/C). Autoubiquitinated through 'Lys-48'-polyubiquitin chains in a PCNA-independent reaction, allowing proteasomal turnover. Polyubiquitinated by SCF(FBXO11) when not phosphorylated, leading to its degradation. A tight regulation of the polyubiquitination by SCF(FBXO11) is involved in the control of different processes such as TGF-beta signaling, cell cycle progression and exit",0
943,Q9NZJ0,Denticleless protein homolog,"Phosphorylated at Thr-464 by CDK1/Cyclin-B and CDK2/Cyclin-A but not by CDK2/Cyclin-E, MAPK1 or PLK1. Phosphorylation at Thr-464 inhibits the interaction with FBXO11 and decreases upon cell cycle exit induced by TGF-beta or serum starvation",0
945,Q13541,Eukaryotic translation initiation factor 4E-binding protein 1,"Phosphorylated on serine and threonine residues in response to insulin, EGF and PDGF (PubMed:12588975, PubMed:12747827, PubMed:22578813, PubMed:24403073, PubMed:29236692, PubMed:7935836, PubMed:9465032). Phosphorylation at Thr-37, Thr-46, Ser-65 and Thr-70, corresponding to the hyperphosphorylated form, is regulated by mTORC1 and abolishes binding to EIF4E (PubMed:12588975, PubMed:12747827, PubMed:22578813, PubMed:24403073, PubMed:29236692, PubMed:7935836, PubMed:9465032)",0
946,Q13541,Eukaryotic translation initiation factor 4E-binding protein 1,"Ubiquitinated: when eIF4E levels are low, hypophosphorylated form is ubiquitinated by the BCR(KLHL25) complex, leading to its degradation and serving as a homeostatic mechanism to maintain translation and prevent eIF4E inhibition when eIF4E levels are low. Not ubiquitinated when hyperphosphorylated (at Thr-37, Thr-46, Ser-65 and Thr-70) or associated with eIF4E",0
966,O60506,Heterogeneous nuclear ribonucleoprotein Q,"Phosphorylated on tyrosine. The membrane-bound form found in microsomes is phosphorylated in vitro by insulin receptor tyrosine kinase (INSR). Phosphorylation is inhibited upon binding to RNA, whereas the cytoplasmic form is poorly phosphorylated (By similarity)",1
972,Q96T23,Remodeling and spacing factor 1,Phosphorylated,0
973,Q9HC77,Centrosomal P4.1-associated protein,Phosphorylation at Ser-589 and Ser-595 by PLK2 is required for procentriole formation and centriole elongation. Phosphorylation by PLK2 oscillates during the cell cycle: it increases at G1/S transition and decreases during the exit from mitosis. Phosphorylation at Ser-595 is also mediated by PLK4 but is not a critical step in PLK4 function in procentriole assembly,0
975,Q96T51,RUN and FYVE domain-containing protein 1,Phosphorylation on Tyr-389 and/or Tyr-400 is required for interaction with BMX and endosomal targeting,0
976,Q9NZQ8,Transient receptor potential cation channel subfamily M member 5,"Ser-129 phosphorylation by PKC, is essential for activating TRPM5 via the G(q) pathway",1
978,Q8IZJ1,Netrin receptor UNC5B,Phosphorylated on cytoplasmic tyrosine residues,0
982,Q9Y3Z3,Deoxynucleoside triphosphate triphosphohydrolase SAMHD1,"Phosphorylation at Thr-592 by CDK1 acts as a switch to control deoxynucleoside triphosphate (dNTPase)-dependent and -independent functions (PubMed:29670289). Phosphorylation at Thr-592 takes place in cycling cells: it reduces the stability of the homotetramer, impairing the dNTPase activity and subsequent ability to restrict infection by viruses (PubMed:23601106, PubMed:23602554, PubMed:26294762, PubMed:26431200, PubMed:31291580). It also inhibits ability to suppress LINE-1 retrotransposon activity (PubMed:29610582). In contrast, phosphorylation at Thr-592 promotes DNA end resection at stalled replication forks in response to DNA damage (PubMed:29670289)",1
983,Q9Y3Z3,Deoxynucleoside triphosphate triphosphohydrolase SAMHD1,(Microbial infection) Phosphorylation at Thr-592 by Epstein-Barr virus kinase BGLF4 and human cytomegalovirus/HCMV UL97 leads to a reduced level of dCTPase and dTTPase activity and the loss of viral restriction,0
990,Q96T88,E3 ubiquitin-protein ligase UHRF1,"Phosphorylation at Ser-298 of the linker region decreases the binding to H3K9me3. Phosphorylation at Ser-639 by CDK1 during M phase impairs interaction with USP7, preventing deubiquitination and leading to degradation by the proteasome",1
991,Q96T88,E3 ubiquitin-protein ligase UHRF1,"Ubiquitinated; which leads to proteasomal degradation. Autoubiquitinated; interaction with USP7 leads to deubiquitination and prevents degradation. Ubiquitination and degradation takes place during M phase, when phosphorylation at Ser-639 prevents interaction with USP7 and subsequent deubiquitination. Polyubiquitination may be stimulated by DNA damage",0
997,O15117,FYN-binding protein 1,T-cell receptor ligation leads to increased tyrosine phosphorylation,0
1001,Q13443,Disintegrin and metalloproteinase domain-containing protein 9,Phosphorylation is induced in vitro by phorbol-12-myristate-13-acetate (PMA),0
1017,Q9H5V8,CUB domain-containing protein 1,"Phosphorylated on tyrosine by kinases of the SRC family such as SRC and YES as well as by the protein kinase C gamma/PRKCG. Dephosphorylated by phosphotyrosine phosphatases. Also phosphorylated by suramin, a heparin analog. Tyrosine phosphorylated in response to dissociation of integrin alpha-6 beta-4 from laminin-5",1
1024,Q6UVM3,Potassium channel subfamily T member 2,Phosphorylated by protein kinase C. Phosphorylation of the C-terminal domain inhibits channel activity,1
1033,Q969H0,F-box/WD repeat-containing protein 7,"Phosphorylation at Thr-205 promotes interaction with PIN1, leading to disrupt FBXW7 dimerization and promoting FBXW7 autoubiquitination and degradation (PubMed:22608923). Phosphorylated by ATM at Ser-26 in response to DNA damage, promoting recruitment to DNA damage sites and 'Lys-63'-linked ubiquitination of phosphorylated XRCC4 (PubMed:26774286)",1
1034,Q969H0,F-box/WD repeat-containing protein 7,Ubiquitinated: autoubiquitinates following phosphorylation at Thr-205 and subsequent interaction with PIN1. Ubiquitination leads to its proteasomal degradation (PubMed:22608923),0
1036,O75582,Ribosomal protein S6 kinase alpha-5,"Ser-376 and Thr-581 phosphorylation is required for kinase activity. Ser-376 and Ser-212 are autophosphorylated by the C-terminal kinase domain, and their phosphorylation is essential for the catalytic activity of the N-terminal kinase domain. Phosphorylated at Ser-360, Thr-581 and Thr-700 by MAPK1/ERK2, MAPK3/ERK1 and MAPK14/p38-alpha. Autophosphorylated at Ser-750, Ser-752 and Ser-758 by the N-terminal kinase domain",0
1038,O75676,Ribosomal protein S6 kinase alpha-4,"Ser-343 and Thr-568 phosphorylation is required for kinase activity. Ser-343 and Ser-196 are autophosphorylated by the C-terminal kinase domain, and their phosphorylation is essential for the catalytic activity of the N-terminal kinase domain. Phosphorylated at Ser-343, Thr-568 and Thr-687 by MAPK1/ERK2, MAPK3/ERK1 and MAPK14/p38-alpha. Autophosphorylated at Ser-737 and Ser-745 by the N-terminal kinase domain (By similarity)",1
1045,Q9NYL2,Mitogen-activated protein kinase kinase kinase 20,"Activated by phosphorylation by PKN1, followed by autophosphorylation on Thr-161 and Ser-165 (PubMed:12220515, PubMed:12761180, PubMed:15342622, PubMed:26999302). Autophosphorylation in response to ribotoxic stress promotes dissociation from colliding ribosomes and activation (PubMed:32289254, PubMed:32610081)",1
1051,Q9ULZ3,Apoptosis-associated speck-like protein containing a CARD,Phosphorylated,0
1057,Q9Y2X7,ARF GTPase-activating protein GIT1,Phosphorylated by PAK1 (PubMed:27012601). Phosphorylation on tyrosine residues may be catalyzed by PTK2/FAK1 and SRC in growing fibroblasts. Phosphorylation at Tyr-383 is induced by activation of Ephrin-B1/EFNB1 and catalyzed by SRC family kinases. It is required for the interaction with NCK2 and for GIT1 recruitment to synapses in hippocampal neurons (By similarity),1
1058,Q6Q0C0,E3 ubiquitin-protein ligase TRAF7,Phosphorylated by MAP3K3,1
1059,Q6Q0C0,E3 ubiquitin-protein ligase TRAF7,Ubiquitinates itself upon phosphorylation,0
1063,Q7Z4T9,Cilia- and flagella-associated protein 91,Phosphorylated by PKA,1
1065,Q5TCZ1,SH3 and PX domain-containing protein 2A,"Tyrosine phosphorylated by SRC. Phosphorylation plays a regulatory role in the protein localization. The intramolecular interaction of the PX domain with the third SH3 domain maintains the protein in the cytoplasm and phosphorylation disrupts this interaction, resulting in the redistribution of the protein from cytoplasm to the perimembrane region. Phosphorylated on serine upon DNA damage, probably by ATM or ATR",1
1068,Q99708,DNA endonuclease RBBP8,"Hyperphosphorylation upon ionizing radiation results in dissociation from BRCA1 (PubMed:10910365, PubMed:17965729). Phosphorylation at Thr-847 by CDK1 is essential for the recruitment to DNA and the DNA repair function (PubMed:19202191, PubMed:27814491, PubMed:27889449). Phosphorylation at Thr-847 and Thr-859 promote interaction with NBN and recruitment to double-strand breaks (DSBs) (PubMed:23273981, PubMed:27814491, PubMed:27889449, PubMed:33836577). Phosphorylated on Ser-327 as cells enter G2 phase (PubMed:15485915). This phosphorylation is required for binding BRCA1 and for the G2/M DNA damage transition checkpoint control (PubMed:15485915). Phosphorylation at Thr-315, probably catalyzed by CDK2, is required for PIN1-binding, while phosphorylation at Ser-276 serves as a PIN1 isomerization site (PubMed:23623683). Phosphorylation at Thr-315 is cell-cycle dependent (PubMed:23623683). It steadily increases during S phase, peaks at late S/G2 phase, and drops at G1 (PubMed:23623683). Phosphorylation is not required for tetramerization (PubMed:30601117). Binds to DNA more strongly when dephosphorylated (PubMed:30601117)",1
1078,Q92597,Protein NDRG1,"Under stress conditions, phosphorylated in the C-terminal on many serine and threonine residues. Phosphorylated in vitro by PKA. Phosphorylation enhanced by increased intracellular cAMP levels. Homocysteine induces dephosphorylation. Phosphorylation by SGK1 is cell cycle dependent",1
1079,O75716,Serine/threonine-protein kinase 16,Mainly autophosphorylated on serine/threonine residues. Also autophosphorylated on Tyr-198,1
1084,O94874,E3 UFM1-protein ligase 1,"Phosphorylated at Ser-462 by ATM, enhancing protein ligase activity and promoting ATM activation in a positive feedback loop (PubMed:30886146). Phosphorylation at Thr-536 by AMPK promotes its interaction with YWHAG/14-3-3-gamma, thereby preventing UFL1 association with PDCD1/PD-1 substrate (PubMed:38377992)",0
1089,Q14978,Nucleolar and coiled-body phosphoprotein 1,Undergoes rapid and massive phosphorylation/dephosphorylation cycles on CK2 and PKC sites. NOLC1 is one of the mostly phosphorylated proteins in the cell,0
1091,Q14978,Nucleolar and coiled-body phosphoprotein 1,"Pyrophosphorylated by 5-diphosphoinositol pentakisphosphate (5-IP7). Serine pyrophosphorylation is achieved by Mg(2+)-dependent, but enzyme independent transfer of a beta-phosphate from a inositol pyrophosphate to a pre-phosphorylated serine residue",0
1093,P23246,"Splicing factor, proline- and glutamine-rich","Phosphorylated on multiple serine and threonine residues during apoptosis. In vitro phosphorylated by PKC. Phosphorylation stimulates binding to DNA and D-loop formation, but inhibits binding to RNA. Phosphorylation of C-terminal tyrosines promotes its cytoplasmic localization, impaired its binding to polypyrimidine RNA and led to cell cycle arrest. In resting T-cells is phosphorylated at Thr-687 by GSK3B which is proposed to promote association with THRAP and to prevent binding to PTPRC/CD45 pre-mRNA; T-cell activation leads to reduced phosphorylation at Thr-687",0
1096,Q03112,Histone-lysine N-methyltransferase MECOM,Phosphorylated,0
1101,P41182,B-cell lymphoma 6 protein,Phosphorylated by MAPK1 in response to antigen receptor activation at Ser-333 and Ser-343. Phosphorylated by ATM in response to genotoxic stress. Phosphorylation induces its degradation by ubiquitin/proteasome pathway,0
1109,Q15750,TGF-beta-activated kinase 1 and MAP3K7-binding protein 1,"Phosphorylated at all three sites Ser-423, Thr-431 and Ser-438 by MAPK14 when cells were exposed to cellular stresses, or stimulated with TNF-alpha, IL1 or LPS (PubMed:14592977). These phosphorylations inhibit TAK1 activation by a feedback control mechanism (PubMed:14592977). Dephosphorylated by DUSP14 at Ser-438, leading to TAB1-MAP3K7/TAK1 complex inactivation in T-cells (PubMed:24403530)",1
1117,Q92794,Histone acetyltransferase KAT6A,Phosphorylation at Thr-369 by PKB/AKT1 inhibits its interaction with PML and negatively regulates its acetylation activity towards p53/TP53,0
1133,Q8N568,Serine/threonine-protein kinase DCLK2,Autophosphorylated,1
1136,Q9NPP4,NLR family CARD domain-containing protein 4,Phosphorylated at Ser-533 following infection of macrophages with S.typhimurium (Salmonella). Phosphorylation is essential for NLRC4 inflammasome function to promote caspase-1 activation and pyroptosis. PRKCD phosphorylates Ser-533 in vitro,1
1138,Q9BT67,NEDD4 family-interacting protein 1,"Undergoes transient tyrosine phosphorylation following EGF stimulation, most probably by catalyzed by SRC. Phosphorylation SRC is enhanced in the presence of NDFIP2 which may act as a scaffold to recruit SRC to NDFIP1",0
1142,Q8TDQ0,Hepatitis A virus cellular receptor 2,Phosphorylated on tyrosine residues; modestly increased after TCR/CD28 stimulation. Can be phosphorylated in the cytoplasmic domain by FYN (By similarity). Phosphorylation at Tyr-265 is increased by stimulation with ligand LGALS9,0
1143,Q96P20,"NACHT, LRR and PYD domains-containing protein 3","Phosphorylation at Ser-198 by MAPK8/JNK1 increases inflammasome activation by promoting deubiquitination by BRCC3 and NLRP3 homooligomerization (PubMed:28943315). Phosphorylation at Ser-806 by CSNK1A1 prevents inflammasome activation by preventing NEK7 recruitment (PubMed:34615873). Phosphorylation at Ser-5 in the pyrin domain inhibits homomultimerization of NLRP3 and activation of the NLRP3 inflammasome: dephosphorylation by protein phosphatase 2A (PP2A) promotes assembly of the NLRP3 inflammasome (PubMed:28465465). Phosphorylation at Ser-295 by PKD/PRKD1 promotes NLRP3 inflammasome assembly (By similarity). Phosphorylation by ERK1/MAPK3 promotes NLRP3 inflammasome assembly (PubMed:24623131). Phosphorylation by BTK (at Tyr-136, Tyr-140, Tyr-143 and Tyr-168) in the region that mediates binding to phosphatidylinositol phosphate, promotes relocalization of NLRP3 and assembly of the NLRP3 inflammasome (PubMed:34554188). Phosphorylation at Tyr-861 inhibits NLRP3 inflammasome assembly: dephosphorylation by PTPN22 promotes inflammasome activation (PubMed:27043286). Phosphorylated by LATS1 and LATS2 at Ser-265 following palmitoylation by ZDHHC1, promoting its relocalization to the microtubule organizing center (MTOC), where NLRP3 is activated by NEK7, leading to inflammasome assembly and activation (PubMed:39173637)",1
1145,Q96P20,"NACHT, LRR and PYD domains-containing protein 3","Palmitoylation by ZDHHC12 inhibits the NLRP3 inflammasome by promoting NLRP3 degradation by the chaperone-mediated autophagy pathway (PubMed:36586411). Following palmitoylation, HSPA8/HSC70 recognizes and binds the KFERQ-like motifs on NLRP3 and promotes NLRP3 recruitment to lysosomes, where it is degraded via the chaperone-mediated autophagy pathway in a LAMP2-dependent process (PubMed:36586411). Palmitoylation at Cys-837 and Cys-838 by ZDHHC5 enhances its binding to NEK7 leading to inflammasome assembly and activation (PubMed:38092000). Palmitoylation at Cys-130 and Cys-958 by ZDHHC1 facilitates phosphorylation at Ser-265 by LATS1 and LATS2, promoting its relocalization to the microtubule organizing center (MTOC), where NLRP3 is activated by NEK7, leading to inflammasome assembly and activation (PubMed:39173637). Depalmitoylated by ABHD17A (PubMed:38092000)",0
1152,Q5T1R4,Transcription factor HIVEP3,Phosphorylated on threonine and serine residues,0
1156,Q63ZY3,KN motif and ankyrin repeat domain-containing protein 2,Phosphorylated by casein kinase II upon estrogen stimulation (PubMed:17476305). Phosphorylation induces the release by KANK2 of NCOA1 and its translocation to the nucleus where NCOA1 can activate gene transcription (PubMed:17476305),1
1163,Q9NYJ8,TGF-beta-activated kinase 1 and MAP3K7-binding protein 2,Phosphorylated,0
1174,Q02763,Angiopoietin-1 receptor,"Autophosphorylated on tyrosine residues in response to ligand binding. Autophosphorylation occurs in trans, i.e. one subunit of the dimeric receptor phosphorylates tyrosine residues on the other subunit. Autophosphorylation occurs in a sequential manner, where Tyr-992 in the kinase activation loop is phosphorylated first, followed by autophosphorylation at Tyr-1108 and at additional tyrosine residues. ANGPT1-induced phosphorylation is impaired during hypoxia, due to increased expression of ANGPT2. Phosphorylation is important for interaction with GRB14, PIK3R1 and PTPN11. Phosphorylation at Tyr-1102 is important for interaction with SHC1, GRB2 and GRB7. Phosphorylation at Tyr-1108 is important for interaction with DOK2 and for coupling to downstream signal transduction pathways in endothelial cells. Dephosphorylated by PTPRB",0
1175,Q02763,Angiopoietin-1 receptor,"Ubiquitinated. The phosphorylated receptor is ubiquitinated and internalized, leading to its degradation",0
1189,Q14444,Caprin-1,Tyrosine phosphorylation by EPHA4 promotes interaction with FMR1 and liquid-liquid phase separation (LLPS) for the formation of a membraneless compartment that concentrates mRNAs with associated regulatory factors,1
1195,Q8N5C8,TGF-beta-activated kinase 1 and MAP3K7-binding protein 3,Phosphorylated at Ser-506 by MAPKAPK2 and MAPKAPK3 following IL1 treatment,0
1197,Q8N264,Rho GTPase-activating protein 24,"Phosphorylated by ROCK, leading to activate the RacGAP activity",1
1199,Q9UL54,Serine/threonine-protein kinase TAO2,Isoforms 1 and 2 are autophosphorylated,1
1201,Q9UL54,Serine/threonine-protein kinase TAO2,Autophosphorylated. Phosphorylated by ATM,0
1202,Q9UL54,Serine/threonine-protein kinase TAO2,Phosphorylated on Ser-1031 by MAPK14. This phosphorylation is required PCDH8 for endocytosis (By similarity),0
1204,P35638,DNA damage-inducible transcript 3 protein,Phosphorylation at serine residues by MAPK14 enhances its transcriptional activation activity while phosphorylation at serine residues by CK2 inhibits its transcriptional activation activity,0
1207,P14598,Neutrophil cytosol factor 1,"Phosphorylated by PRKCD; phosphorylation induces activation of NCF1, leading to assembly and activation of the NADPH oxidase complex",1
1208,Q6P1N0,Coiled-coil and C2 domain-containing protein 1A,Phosphorylation on Ser-208 by CDK1 promotes spindle pole localization and association with SCC1/RAD21,1
1217,Q7L7X3,Serine/threonine-protein kinase TAO1,Autophosphorylated (By similarity). Phosphorylated by ATM in response to DNA damage. Phosphorylated by LRRK2,0
1220,P42345,Serine/threonine-protein kinase mTOR,"Autophosphorylates when part of mTORC1 or mTORC2 (PubMed:15467718, PubMed:20022946, PubMed:9434772). Phosphorylation at Ser-1261, Ser-2159 and Thr-2164 promotes autophosphorylation (PubMed:19487463). Phosphorylated at Ser-2448 by RPS6KB1 (PubMed:15899889, PubMed:15905173, PubMed:19145465). Phosphorylation in the kinase domain modulates the interactions of MTOR with RPTOR and AKT1S1/PRAS40 and leads to increased intrinsic mTORC1 kinase activity (PubMed:15905173, PubMed:19145465, PubMed:21576368). Phosphorylation at Ser-2159 by TBK1 in response to growth factors and pathogen recognition receptors promotes mTORC1 activity (PubMed:29150432). Phosphorylation at Ser-2159 by TBK1 in response to EGF growth factor promotes mTORC2 activity, leading to AKT1 phosphorylation and activation (By similarity). Phosphorylation at Thr-2173 in the ATP-binding region by AKT1 strongly reduces kinase activity (PubMed:24247430)",1
1222,O75563,Src kinase-associated phosphoprotein 2,Phosphorylated in resting platelets. Phosphorylated by FYN on Tyr-261 upon T-cell activation (Probable). Dephosphorylated on Tyr-75 by PTPN22,1
1223,Q8IUC6,TIR domain-containing adapter molecule 1,"Phosphorylated by TBK1 (PubMed:14530355, PubMed:25636800). Following activation, phosphorylated by TBK1 at Ser-210 in the pLxIS motif (PubMed:25636800). The phosphorylated pLxIS motif constitutes an IRF3-binding motif, leading to recruitment of the transcription factor IRF3 to induce type-I interferons and other cytokines (PubMed:25636800, PubMed:27302953)",1
1235,Q15696,U2 small nuclear ribonucleoprotein auxiliary factor 35 kDa subunit-related protein 2,Phosphorylated in the RS domain by SRPK1,1
1237,Q96GD4,Aurora kinase B,"The phosphorylation of Thr-232 requires the binding to INCENP and occurs by means of an autophosphorylation mechanism (PubMed:14722118). Thr-232 phosphorylation is indispensable for the AURKB kinase activity (PubMed:14722118, PubMed:26829474)",1
1248,Q9BYM8,RanBP-type and C3HC4-type zinc finger-containing protein 1,"Phosphorylated. In vitro, phosphorylation inhibits auto-ubiquitination activity (By similarity)",0
1255,O00327,Basic helix-loop-helix ARNT-like protein 1,"Phosphorylated upon dimerization with CLOCK. Phosphorylation enhances the transcriptional activity, alters the subcellular localization and decreases the stability of the CLOCK-BMAL1 heterodimer by promoting its degradation. Phosphorylation shows circadian variations in the liver with a peak between CT10 to CT14. Phosphorylation at Ser-90 by CK2 is essential for its nuclear localization, its interaction with CLOCK and controls CLOCK nuclear entry (By similarity). Dephosphorylation at Ser-78 is important for dimerization with CLOCK and transcriptional activity (PubMed:23229515)",0
1268,Q9H2K8,Serine/threonine-protein kinase TAO3,Autophosphorylated. Phosphorylation at Ser-324 by ATM following DNA damage is required for activation of the p38/MAPK14 stress-activated MAPK cascade. Phosphorylated by LRRK2,1
1271,Q92879,CUGBP Elav-like family member 1,Phosphorylated. Its phosphorylation status increases in senescent cells,0
1274,O14965,Aurora kinase A,"Activated by phosphorylation at Thr-288; this brings about a change in the conformation of the activation segment. Phosphorylation at Thr-288 varies during the cell cycle and is highest during M phase. Autophosphorylated at Thr-288 upon TPX2 binding. Thr-288 can be phosphorylated by several kinases, including PAK and PKA. Protein phosphatase type 1 (PP1) binds AURKA and inhibits its activity by dephosphorylating Thr-288 during mitosis. Phosphorylation at Ser-342 decreases the kinase activity. PPP2CA controls degradation by dephosphorylating Ser-51 at the end of mitosis",0
1276,A7KAX9,Rho GTPase-activating protein 32,Isoform 2 is phosphorylated on multiple tyrosine residues by FYN. Phosphorylated tyrosine residues undergo dephosphorylation after stimulation of NMDA receptors (By similarity). Phosphorylated in vitro by CaMK2 in the presence of calmodulin and calcium; which inhibits GAP activity (By similarity),1
1277,Q86UT5,Na(+)/H(+) exchange regulatory cofactor NHE-RF4,Phosphorylation at Ser-395 negatively regulates its interaction with SLC26A3,0
1283,P01024,Complement C3,Phosphorylated by FAM20C in the extracellular medium,1
1289,P19447,General transcription and DNA repair factor IIH helicase/translocase subunit XPB,Phosphorylation on Ser-751 by CK2 controls the 5'-excision activity of ERCC1-XPF endonuclease; phosphorylated protein inhibits the excision activity and thus NER (PubMed:15549133). Dephosphorylation reactivates the 5'-excision step (PubMed:15549133). Phosphorylation has no effect on transcription or the 3'-5' helicase activity (PubMed:15549133),1
1291,Q7Z6Z7,E3 ubiquitin-protein ligase HUWE1,Phosphorylated on tyrosine; phosphorylation is probably required for its ability to inhibit TP53 transactivation,0
1312,Q9HC16,DNA dC->dU-editing enzyme APOBEC-3G,Phosphorylation at Thr-32 reduces its binding to HIV-1 Vif and subsequent ubiquitination and degradation thus promoting its antiviral activity,0
1317,Q9GZX7,Single-stranded DNA cytosine deaminase,Ser-38 is the major site whereas Thr-27 is the minor site of phosphorylation. Phosphorylation regulates its class-switch recombination activity,0
1372,A1L020,RNA-binding protein MEX3A,Phosphorylated,0
1382,Q9C0E8,Endoplasmic reticulum junction formation protein lunapark,"Phosphorylated. Phosphorylation occurs at Ser-177, Ser-182, Ser-217, Ser-227, Ser-321 and Ser-384 during interphase (PubMed:27619977). Phosphorylation occurs at Ser-114, Ser-153, Ser-194, Thr-211 and Ser-353 during mitosis; these phosphorylations reduce both its homodimerization and the ER three-way tubular junction formation (PubMed:27619977)",0
1383,Q9C0E8,Endoplasmic reticulum junction formation protein lunapark,Subject to proteasomal degradation following phosphorylation during mitosis (PubMed:27619977),0
1388,O95863,Zinc finger protein SNAI1,"Phosphorylated by GSK3B (PubMed:15448698, PubMed:15647282, PubMed:20305697, PubMed:25827072, PubMed:29059170). Once phosphorylated, it becomes a target for ubiquitination by BTRC, the ECS(SPSB3) or the SCF(FBXO11) complexes (PubMed:15647282, PubMed:29059170). Phosphorylation by CSNK1E, probably at Ser-104, provides the priming site for the subsequent phosphorylation by GSK3B, probably at Ser-100 and Ser-96 (PubMed:19923321, PubMed:20305697). Phosphorylation by PAK1 may modulate its transcriptional activity by promoting increased accumulation in the nucleus (PubMed:15833848). Phosphorylation at Ser-11 and Ser-92 positively regulates its functions in induction of EMT and cell survival, respectively (PubMed:19923321). Phosphorylation by LATS2, upon mitotic stress, oncogenic stress or Hippo pathway activation, occurs in the nucleus and promotes nuclear retention and stabilization of total cellular protein level (PubMed:21952048, PubMed:24157836)",1
1389,O95863,Zinc finger protein SNAI1,"Ubiquitinated on Lys-98, Lys-137 and Lys-146 by FBXL14 and BTRC leading to degradation (PubMed:19955572). BTRC-triggered ubiquitination requires previous GSK3B-mediated SNAI1 phosphorylation (PubMed:19955572). Ubiquitinated by the SCF(FBXO11) complex; ubiquitination requires previous GSK3B-mediated SNAI1 phosphorylation (PubMed:25827072). Ubiquitinated by the ECS(SPSB3) complex; ubiquitination requires previous GSK3B-mediated SNAI1 phosphorylation (PubMed:29059170). Ubiquitination induced upon interaction with NOTCH1 or TP53/p53 is mediated by MDM2 (PubMed:20385133). Ubiquitinated in a FBXL5-dependent manner; preventing interaction with DNA and promoting its degradation (PubMed:24157836). Deubiquitinated by USP37; leading to stabilization (PubMed:31911859)",0
1390,O95863,Zinc finger protein SNAI1,"O-GlcNAcylation at Ser-112 is enhanced in hyperglycaemic conditions, it opposes phosphorylation by GSK3B, and stabilizes the protein",0
1396,Q16658,Fascin,"Phosphorylation at Ser-39 inhibits actin-binding (PubMed:8647875, PubMed:8999969). Phosphorylation is required for the reorganization of the actin cytoskeleton in response to NGF (PubMed:22155786)",0
1397,Q9H063,Repressor of RNA polymerase III transcription MAF1 homolog,"Phosphorylated at Ser-60, Ser-68 and Ser-75; the major sites of phosphorylation. Nuclear accumulation correlates with a concomitant dephosphorylation. Phosphorylation may attenuate its RNA polymerase III-repressive function",0
1399,Q8N556,Actin filament-associated protein 1,Phosphorylated on tyrosine residues by SRC,1
1400,P05230,Fibroblast growth factor 1,"In the nucleus, phosphorylated by PKC/PRKCD",1
1401,O60667,Immunoglobulin mu Fc receptor,Phosphorylated on both Tyr and Ser residues,0
1405,Q9NXR1,Nuclear distribution protein nudE homolog 1,Phosphorylated in mitosis. Phosphorylated in vitro by CDC2. Phosphorylation at Thr-246 is essential for the G2/M transition (By similarity),1
1406,P09327,Villin-1,"Tyrosine phosphorylation is induced by epidermal growth factor (EGF) and stimulates cell migration (By similarity). Phosphorylated on tyrosine residues by SRC. The unphosphorylated form increases the initial rate of actin-nucleating activity, whereas the tyrosine-phosphorylated form inhibits actin-nucleating activity, enhances actin-bundling activity and enhances actin-severing activity by reducing high Ca(2+) requirements. The tyrosine-phosphorylated form does not regulate actin-capping activity. Tyrosine phosphorylation is essential for cell migration: tyrosine phosphorylation sites in the N-terminus half regulate actin reorganization and cell morphology, whereas tyrosine phosphorylation sites in the C-terminus half regulate cell migration via interaction with PLCG1",1
1410,Q9BXW9,Fanconi anemia group D2 protein,"Monoubiquitinated on Lys-561 during S phase and upon genotoxic stress by FANCL in complex with E2 ligases UBE2T or UBE2W (isoform 1 and isoform 2). Deubiquitinated by USP1 as cells enter G2/M, or once DNA repair is completed. Monoubiquitination requires the joint intervention of the FANC core complex, including FANCA, FANCB, FANCC, FANCE, FANCF, FANCG, and FANCM, and proteins involved in cell cycle checkpoints and DNA repair, including RPA1, ATR, CHEK1 and BRCA1, and is mediated by FANCL/PHF9. Ubiquitination is required for binding to chromatin, interaction with BRCA1, BRCA2 and MTMR15/FAN1, DNA repair, and normal cell cycle progression, but not for phosphorylation on Ser-222 or interaction with MEN1",0
1411,Q9BXW9,Fanconi anemia group D2 protein,"Phosphorylated in response to various genotoxic stresses by ATM and/or ATR. Upon ionizing radiation, phosphorylated by ATM on Ser-222 and Ser-1404. Phosphorylation on Ser-222 is required for S-phase checkpoint activation, but not for ubiquitination, foci formation, or DNA repair. In contrast, phosphorylation by ATR on other sites may be required for ubiquitination and foci formation",0
1413,Q14940,Sodium/hydrogen exchanger 5,Phosphorylated by PRKAA2; promotes its accumulation at the cell surface (PubMed:24936055). Phosphorylated by CSNK2A1 in a manner favoring its beta-arrestin binding and endocytosis (PubMed:21296876),1
1415,Q96P31,Fc receptor-like protein 3,Phosphorylated on cytoplasmic tyrosines; required for interaction with protein tyrosine phosphatases and protein tyrosine kinases,0
1419,Q9NQC7,Ubiquitin carboxyl-terminal hydrolase CYLD,"Phosphorylated on several serine residues by IKKA and/or IKKB in response to immune stimuli. Phosphorylation requires IKBKG. Phosphorylation abolishes TRAF2 deubiquitination, interferes with the activation of Jun kinases, and strongly reduces CD40-dependent gene activation by NF-kappa-B",0
1420,P56645,Period circadian protein homolog 3,Phosphorylation by CSNK1E is weak and appears to require association with PER1 and translocation to the nucleus,1
1423,O43623,Zinc finger protein SNAI2,"Phosphorylated by GSK3B. Once phosphorylated, it becomes a target for ubiquitination",1
1424,O43623,Zinc finger protein SNAI2,Ubiquitinated by the SCF(FBXO11) complex; ubiquitination requires previous GSK3B-mediated SNAI2 phosphorylation (PubMed:25827072),0
1426,O75956,Cyclin-dependent kinase 2-associated protein 2,Phosphorylated by MAPK1 and CDK2,1
1433,Q04695,"Keratin, type I cytoskeletal 17","Phosphorylation at Ser-44 occurs in a growth- and stress-dependent fashion in skin keratinocytes, it has no effect on filament organization",0
1435,Q9Y580,RNA-binding protein 7,"Phosphorylated at Ser-136 by MAPK14/p38-alpha-activated MAPKAPK2/MK2; this phosphorylation is stress-dependent; this phosphorylation decreases its RNA-binding capacity therefore affecting RNA nuclear exosome-mediated degradation (PubMed:25189701, PubMed:25525152). This phosphorylation mediates YWHAE and YWHAZ interactions (PubMed:25189701)",1
1436,Q9NVP2,Histone chaperone ASF1B,Phosphorylated by TLK1 and TLK2,1
1437,P43268,ETS translocation variant 4,"Sumoylated; enhanced upon ERK/MAP kinase pathway activation, it positively regulates the transcriptional activator capacity. Sumoylation at Lys-96 probably requires phosphorylation at Ser-101. Transiently polysumoylated and desumoylated by SENP1. Sumoylation is a prerequisite to polyubiquitination which in turn increases proteasomal-mediated degradation. Probably polyubiquitinated by RNF4 and deubiquitinated by USP2",0
1439,Q53HL2,Borealin,"Phosphorylated by TTK, essentially at Thr-88, Thr94, Thr-169 and Thr-230. Phosphorylation (probably by CDK1) promotes targeting of the CPC to centromeric DNA",1
1444,Q14493,Histone RNA hairpin-binding protein,Phosphorylated on Thr-61 and Thr-62 in the S-phase. Phosphorylation of Thr-62 by CDK1 primes phosphorylation of Thr-61 by CK2. Phosphorylation of Thr-62 is required for its degradation by the proteasome at the end of the S phase. Its degradation is not required for histone mRNA degradation at the end of the S phase. All the phosphorylated forms detected are present in the cytoplasm. Both unphosphorylated and phosphorylated forms bind the stem-loop structure of histone mRNAs. Phosphorylation at Thr-171 increases affinity for histone mRNAs,1
1449,Q9Y657,Spindlin-1,Phosphorylated during oocyte meiotic maturation,0
1452,P49450,Histone H3-like centromeric protein A,"Phosphorylated by CDK1 at Ser-68 during early mitosis; this abolishes association with chromatin and centromeres, prevents interaction with HJURP and thereby prevents premature assembly of CENPA into centromeres (PubMed:25556658). Dephosphorylated at Ser-68 by PPP1CA during late mitosis (PubMed:25556658). Phosphorylation of Ser-7 by AURKA and AURKB during prophase is required for localization of AURKA and AURKB at inner centromere and is essential for normal cytokinesis (PubMed:11756469, PubMed:14667408, PubMed:18239465). Initial phosphorylation during prophase is mediated by AURKA and is maintained by AURKB",0
1455,Q16526,Cryptochrome-1,"Phosphorylation on Ser-247 by MAPK is important for the inhibition of CLOCK-BMAL1-mediated transcriptional activity. Phosphorylation by CSNK1E requires interaction with PER1 or PER2. Phosphorylation at Ser-71 and Ser-280 by AMPK decreases protein stability. Phosphorylation at Ser-568 exhibits a robust circadian rhythm with a peak at CT8, increases protein stability, prevents SCF(FBXL3)-mediated degradation and is antagonized by interaction with PRKDC",1
1458,Q13291,Signaling lymphocytic activation molecule,Phosphorylated on tyrosine residues by FYN,1
1461,O00267,Transcription elongation factor SPT5,Phosphorylated by CDK7 and CDK9. Phosphorylation by P-TEFb alleviates transcriptional pausing and can stimulate transcriptional elongation from the HIV-1 LTR. P-TEFb dependent phosphorylation is stimulated by the HIV-1 Tat protein. Phosphorylation may also stimulate interaction with PIN1. Bulk phosphorylation occurs predominantly in mitosis,0
1463,Q12778,Forkhead box protein O1,"Phosphorylation by NLK promotes nuclear export and inhibits the transcriptional activity. In response to growth factors, phosphorylation on Thr-24, Ser-256 and Ser-322 by PKB/AKT1 promotes nuclear export and inactivation of transactivational activity. Phosphorylation on Thr-24 is required for binding 14-3-3 proteins. Phosphorylation of Ser-256 decreases DNA-binding activity and promotes the phosphorylation of Thr-24 and Ser-319, permitting phosphorylation of Ser-322 and Ser-325, probably by CDK1, leading to nuclear exclusion and loss of function. Stress signals, such as response to oxygen or nitric oxide, attenuate the PKB/AKT1-mediated phosphorylation leading to nuclear retention. Phosphorylation of Ser-329 is independent of IGF1 and leads to reduced function. Dephosphorylated on Thr-24 and Ser-256 by PP2A in beta-cells under oxidative stress leading to nuclear retention (By similarity). Phosphorylation of Ser-249 by CDK1 disrupts binding of 14-3-3 proteins leading to nuclear accumulation and has no effect on DNA-binding nor transcriptional activity. Phosphorylation by STK4/MST1 on Ser-212, upon oxidative stress, inhibits binding to 14-3-3 proteins and nuclear export. PPIA/CYPA promotes its dephosphorylation on Ser-256 (PubMed:31063815)",1
1464,Q12778,Forkhead box protein O1,Ubiquitinated by SKP2 (PubMed:15668399). Ubiquitination leads to proteasomal degradation (PubMed:19483080). Ubiquitinated by STUB1/CHIP; when Ser-256 is phosphorylated (PubMed:19483080),0
1465,Q12778,Forkhead box protein O1,Methylation inhibits AKT1-mediated phosphorylation at Ser-256 and is increased by oxidative stress,0
1466,Q12778,Forkhead box protein O1,"Acetylated (PubMed:15220471, PubMed:15890677, PubMed:18786403, PubMed:20543840). Acetylation at Lys-262, Lys-265 and Lys-274 are necessary for autophagic cell death induction (PubMed:20543840). Deacetylated by SIRT2 in response to oxidative stress or serum deprivation, thereby negatively regulating FOXO1-mediated autophagic cell death (PubMed:20543840). Once in the nucleus, acetylated by CREBBP/EP300 (PubMed:15220471, PubMed:15890677, PubMed:18786403). Acetylation diminishes the interaction with target DNA and attenuates the transcriptional activity. It increases the phosphorylation at Ser-256 (PubMed:15220471, PubMed:15890677, PubMed:18786403). Deacetylation by SIRT1 results in reactivation of the transcriptional activity (PubMed:15220471, PubMed:15890677, PubMed:18786403). Oxidative stress by hydrogen peroxide treatment appears to promote deacetylation and uncoupling of insulin-induced phosphorylation (PubMed:15220471, PubMed:15890677, PubMed:18786403). By contrast, resveratrol acts independently of acetylation (PubMed:15220471, PubMed:15890677, PubMed:18786403). Acetylated at Lys-423, promoting its localization to the nucleus and transcription factor activity (PubMed:25009184). Deacetylation at Lys-423 by SIRT6, promotes its translocation into the cytoplasm, preventing its transcription factor activity (PubMed:25009184). Deacetylation and subsequent inhibition by SIRT6 has different effects depending on cell types: it inhibits gluconeogenesis in hepatocytes, promotes glucose sensing in pancreatic beta-cells and regulates lipid catabolism in brown adipocytes (By similarity)",0
1467,Q9NZI8,Insulin-like growth factor 2 mRNA-binding protein 1,"Phosphorylated at Ser-181 by mTORC2 cotranslationally, promoting binding to the 3'-UTR of IGF2 mRNA",1
1472,Q7Z418,Potassium channel subfamily K member 18,Phosphorylation of Ser-264 is required for the binding of 14-3-3eta/YWHAH. Calcineurin-mediated dephosphorylation enhances channel activity,0
1477,Q14721,Potassium voltage-gated channel subfamily B member 1,"Phosphorylated. Differential C-terminal phosphorylation on a subset of serines allows graded activity-dependent regulation of channel gating in hippocampal neurons. Ser-607 and Tyr-128 are significant sites of voltage-gated regulation through phosphorylation/dephosphorylation activities. Tyr-128 can be phosphorylated by Src and dephosphorylated by cytoplasmic form of the phosphatase PTPRE. CDK5-induced Ser-607 phosphorylation increases in response to acute blockade of neuronal activity. Phosphorylated on Tyr-128 by Src and on Ser-805 by MAPK14/P38MAPK; phosphorylations are necessary and sufficient for an increase in plasma membrane insertion, apoptotic potassium current surge and completion of the neuronal cell death program. Phosphorylated on Ser-520, Ser-607, Ser-656 and Ser-805 by CDK5; phosphorylation is necessary for KCNB1 channel clustering formation. The Ser-607 phosphorylation state differs between KCNB1-containing clusters on the proximal and distal portions of the axon initial segment (AIS). Highly phosphorylated on serine residues in the C-terminal cytoplasmic tail in resting neurons. Phosphorylated in pancreatic beta cells in response to incretin hormones stimulation in a PKA- and RPS6KA5/MSK1-dependent signaling pathway, promoting beta cell survival. Phosphorylation on Ser-567 is reduced during postnatal development with low levels at P2 and P5; levels then increase to reach adult levels by P14. Phosphorylation on Ser-457, Ser-541, Ser-567, Ser-607, Ser-656 and Ser-720 as well as the N-terminal Ser-15 are sensitive to calcineurin-mediated dephosphorylation contributing to the modulation of the voltage-dependent gating properties. Dephosphorylation by phosphatase PTPRE confers neuroprotection by its inhibitory influence on the neuronal apoptotic potassium current surge in a Zn(2+)-dependent manner. Dephosphorylated at Ser-607 by protein phosphatase PPP1CA. Hypoxia-, seizure- or glutamate-induced neuronal activity promote calcium/calcineurin-dependent dephosphorylation resulting in a loss of KCNB1-containing clustering and enhanced channel activity. In response to brain ischemia, Ser-567 and Ser-607 are strongly dephosphorylated while Ser-457 and Ser-720 are less dephosphorylated. In response to brain seizures, phosphorylation levels on Ser-567 and Ser-607 are greatly reduced. Phosphorylated/dephosphorylated by Src or FYN tyrosine-protein kinases and tyrosine phosphatase PTPRE in primary Schwann cells and sciatic nerve tissue (By similarity). Phosphorylation at Ser-593 of the FFAT motif activates interaction with MOSPD2, VAPA and VAPB (PubMed:33124732)",0
1485,Q9UGP4,LIM domain-containing protein 1,Phosphorylated during mitosis,0
1489,Q16777,Histone H2A type 2-C,Phosphorylation on Ser-2 (H2AS1ph) is enhanced during mitosis. Phosphorylation on Ser-2 by RPS6KA5/MSK1 directly represses transcription. Acetylation of H3 inhibits Ser-2 phosphorylation by RPS6KA5/MSK1. Phosphorylation at Thr-121 (H2AT120ph) by DCAF1 is present in the regulatory region of many tumor suppresor genes and down-regulates their transcription,0
1495,Q9BTE7,DCN1-like protein 5,Phosphorylation at Ser-41 is independent of cullin's interaction. Phosphorylated in response to both TICAM1 and MYD88 dependent Toll-like receptor (TLR) pathway activation (By similarity). Phosphorylated in response to IL1B stimulation (PubMed:29958295),0
1496,Q14207,Protein NPAT,"Phosphorylated at Ser-775, Ser-779, Ser-1100, Thr-1270 and Thr-1350 by CCNE1/CDK2 at G1-S transition and until prophase, which promotes association with histone gene clusters and stimulates activation of histone transcription. Also phosphorylated by CCNA1/CDK2 in vitro",0
1497,Q99613,Eukaryotic translation initiation factor 3 subunit C,Phosphorylated. Phosphorylation is enhanced upon serum stimulation,0
1503,Q14686,Nuclear receptor coactivator 6,Phosphorylated by PRKDC,1
1504,Q14686,Nuclear receptor coactivator 6,Phosphorylation on Ser-884 leads to a strong decrease in binding to ESR1 and ESR2,0
1505,Q99653,Calcineurin B homologous protein 1,Phosphorylated; decreased phosphorylation is associated with an increase in SLC9A1/NHE1 Na(+)/H(+) exchange activity. Phosphorylation occurs in serum-dependent manner. The phosphorylation state may regulate the binding to SLC9A1/NHE1,0
1508,P05783,"Keratin, type I cytoskeletal 18",Phosphorylation at Ser-34 increases during mitosis. Hyperphosphorylated at Ser-53 in diseased cirrhosis liver. Phosphorylation increases by IL-6,0
1511,Q9UBK5,Hematopoietic cell signal transducer,Phosphorylated; PIK3R1 and GRB2 associate specifically with tyrosine-phosphorylated HCST,0
1513,Q05682,Caldesmon,"In non-muscle cells, phosphorylation by CDK1 during mitosis causes caldesmon to dissociate from microfilaments. Phosphorylation reduces caldesmon binding to actin, myosin, and calmodulin as well as its inhibition of actomyosin ATPase activity. Phosphorylation also occurs in both quiescent and dividing smooth muscle cells with similar effects on the interaction with actin and calmodulin and on microfilaments reorganization. CDK1-mediated phosphorylation promotes Schwann cell migration during peripheral nerve regeneration (By similarity)",1
1514,Q9BWT1,Cell division cycle-associated protein 7,"Phosphorylation at Thr-163 promotes interaction with YWHAE and YWHAZ, dissociation from MYC and sequestration in the cytoplasm. In vitro, phosphorylated at Thr-163 by AKT",1
1516,Q92630,Dual specificity tyrosine-phosphorylation-regulated kinase 2,"Autophosphorylates cotranslationally on the second tyrosine residue in the Tyr-X-Tyr motif in the activation loop, but once mature, does not have any protein tyrosine kinase activity. Phosphorylated at Thr-106 and Ser-442 by ATM in response to genotoxic stress",1
1517,Q92630,Dual specificity tyrosine-phosphorylation-regulated kinase 2,"Under normal conditions, polyubiquitinated in the nucleus by MDM2, leading to its proteasomal degradation. Phosphorylation on Thr-106 and Ser-442 by ATM in response to genotoxic stress disrupts MDM2 binding and prevents MDM2-mediated ubiquitination and subsequent proteasomal degradation. Polyubiquitinated by SIAH2, leading to its proteasomal degradation. Polyubiquitinated by SIAH2 occurs under normal conditions, and is enhanced in response to hypoxia",0
1519,Q9NQS7,Inner centromere protein,Phosphorylation by AURKB or AURKC at its C-terminal part is important for AURKB or AURKC activation by INCENP,1
1521,Q9H6L5,Reticulophagy regulator 1,Phosphorylation at Ser-151 by CAMK2B enhances oligomerization and membrane scission and reticulophagy activity,1
1525,Q9H0H5,Rac GTPase-activating protein 1,"Phosphorylated at multiple sites in the midbody during cytokinesis (PubMed:12689593). Phosphorylation by AURKB on Ser-387 at the midbody is, at least in part, responsible for exerting its latent GAP activity towards RhoA (PubMed:12689593). Phosphorylation on multiple serine residues by PLK1 enhances its association with ECT2 and is critical for cleavage furrow formation (PubMed:19468300, PubMed:19468302). Phosphorylation on Ser-164 plays a major role in mediating interaction with ECT2 (PubMed:25068414). Phosphorylation on Ser-157 does not appear to contribute to binding to ECT2 (PubMed:25068414)",1
1530,P0DPK5,Histone H3.X,"Phosphorylation at Thr-7 (H3T6ph) is a specific tag for epigenetic transcriptional activation that prevents demethylation of Lys-5 (H3K4me) by LSD1/KDM1A. At centromeres, specifically phosphorylated at Thr-12 (H3T11ph) from prophase to early anaphase. Phosphorylation at Thr-12 (H3T11ph) is a specific tag for epigenetic transcriptional activation that promotes demethylation of Lys-10 (H3K9me). Phosphorylation at Tyr-42 (H3Y41ph) promotes exclusion of CBX5 (HP1 alpha) from chromatin",0
1538,O15516,Circadian locomoter output cycles protein kaput,"Phosphorylation is dependent on the CLOCK-BMAL1 heterodimer formation. Phosphorylation enhances the transcriptional activity, alters the subcellular localization and decreases the stability of the heterodimer by promoting its degradation. Phosphorylation shows circadian variations in the liver. May be phosphorylated by CSNK1D and CKSN1E",0
1543,Q53ET0,CREB-regulated transcription coactivator 2,"Phosphorylation/dephosphorylation states of Ser-171 are required for regulating transduction of CREB activity (PubMed:15589160, PubMed:17210223). CRTCs/TORCs are inactive when phosphorylated, and active when dephosphorylated at this site (PubMed:17210223). This primary site of phosphorylation, is regulated by cAMP and calcium levels and is dependent on the phosphorylation of SIKs (SIK1 and SIK2) by LKB1 (PubMed:15454081, PubMed:16817901). Following adenylyl cyclase activation, dephosphorylated at Ser-171 by PPP3CA/calcineurin A resulting in CRTC2 dissociation from 14-3-3 proteins and PPP3CA (By similarity). Both insulin and AMPK increase this phosphorylation of CRTC2 while glucagon suppresses it (PubMed:15454081). Phosphorylation at Ser-274 by MARK2 is induced under low glucose conditions and dephosphorylated in response to glucose influx (PubMed:18626018). Phosphorylation at Ser-274 promotes interaction with 14-3-3 proteins and translocation to the cytoplasm (PubMed:18626018)",1
1547,Q08495,Dematin,"Phosphorylated. Phosphorylation at Ser-403 by PKA causes the C-terminal headpiece domain to associate with the N-terminal core domain, and leads to the inhibition of its actin bundling activity",1
1552,Q9H4B6,Protein salvador homolog 1,Phosphorylated by STK3/MST2 and STK4/MST1. Phosphorylation is not required for SAV1 stability and may increase the number of protein binding sites on the scaffold molecule,1
1553,Q9BZB8,Cytoplasmic polyadenylation element-binding protein 1,Phosphorylated on serine/threonine residues by AURKA within positions 166 and 197. Phosphorylation and dephosphorylation on Thr-172 regulates cytoplasmic polyadenylation and translation of CPE-containing mRNAs. Phosphorylation on Thr-172 by AURKA and CAMK2A activates CPEB1. Phosphorylation on Thr-172 may be promoted by APLP1. Phosphorylation increases binding to RNA (By similarity),1
1557,Q13263,Transcription intermediary factor 1-beta,"ATM-induced phosphorylation on Ser-824 represses sumoylation leading to the de-repression of expression of a subset of genes involved in cell cycle control and apoptosis in response to genotoxic stress. Dephosphorylation by the phosphatases, PPP1CA and PP1CB forms, allows sumoylation and expression of TRIM28 target genes",0
1558,Q13263,Transcription intermediary factor 1-beta,"Sumoylation/desumoylation events regulate TRIM28-mediated transcriptional repression. Sumoylation is required for interaction with CHD3 and SETDB1 and the corepressor activity. Represses and is repressed by Ser-824 phosphorylation. Enhances the TRIM28 corepressor activity, inhibiting transcriptional activity of a number of genes including GADD45A and CDKN1A/p21. Lys-554, Lys-779 and Lys-804 are the major sites of sumoylation. In response to Dox-induced DNA damage, enhanced phosphorylation on Ser-824 prevents sumoylation and allows de-repression of CDKN1A/p21",0
1562,O75821,Eukaryotic translation initiation factor 3 subunit G,Phosphorylated. Phosphorylation is enhanced upon serum stimulation,0
1564,Q08211,ATP-dependent RNA helicase A,Phosphorylated by PRKDC; phosphorylation occurs in a RNA-dependent manner (PubMed:14704337). Phosphorylated by EIF2AK2/PKR; this phosphorylation reduces its association with double-stranded RNA (PubMed:19229320),0
1568,P13688,Cell adhesion molecule CEACAM1,"Phosphorylated on serine and tyrosine (By similarity). Isoform 1 is phosphorylated on tyrosine by Src family kinases like SRC and LCK and by receptor like CSF3R, EGFR and INSR upon stimulation (PubMed:15467833, PubMed:18424730, PubMed:7478590). Phosphorylated at Ser-508; mediates activity. Phosphorylated at Tyr-493; regulates activity (By similarity). Phosphorylated at Tyr-493 by EGFR and INSR upon stimulation; this phosphorylation is Ser-508-phosphorylation-dependent; mediates cellular internalization; increases interaction with downstream proteins like SHC1 and FASN (By similarity). Phosphorylated at Tyr-493 and Tyr-520 by LCK; mediates PTPN6 association and is regulated by homophilic ligation of CEACAM1 in the absence of T cell activation (PubMed:18424730). Phosphorylated at Tyr-520; mediates interaction with PTPN11 (By similarity)",1
1569,P13688,Cell adhesion molecule CEACAM1,Phosphorylated on serine and threonine,0
1571,O75952,Calcium-binding tyrosine phosphorylation-regulated protein,Isoform 1 is phosphorylated on tyrosine residues during in vitro capacitation. Isoform 3 and isoform 5 are phosphorylated by GSK3B in vitro. Dephosphorylation affects its ability to bind calcium,1
1573,O00329,"Phosphatidylinositol 4,5-bisphosphate 3-kinase catalytic subunit delta isoform",Autophosphorylation on Ser-1039 results in the almost complete inactivation of the lipid kinase activity,1
1579,P20671,Histone H2A type 1-D,Phosphorylation on Ser-2 (H2AS1ph) is enhanced during mitosis. Phosphorylation on Ser-2 by RPS6KA5/MSK1 directly represses transcription. Acetylation of H3 inhibits Ser-2 phosphorylation by RPS6KA5/MSK1. Phosphorylation at Thr-121 (H2AT120ph) by DCAF1 is present in the regulatory region of many tumor suppresor genes and down-regulates their transcription,0
1589,Q99878,Histone H2A type 1-J,Phosphorylation on Ser-2 (H2AS1ph) is enhanced during mitosis. Phosphorylation on Ser-2 by RPS6KA5/MSK1 directly represses transcription. Acetylation of H3 inhibits Ser-2 phosphorylation by RPS6KA5/MSK1. Phosphorylation at Thr-121 (H2AT120ph) by DCAF1 is present in the regulatory region of many tumor suppresor genes and down-regulates their transcription,0
1607,P30304,M-phase inducer phosphatase 1,"Phosphorylated by CHEK1 on Ser-76, Ser-124, Ser-178, Ser-279, Ser-293 and Thr-507 during checkpoint mediated cell cycle arrest. Also phosphorylated by CHEK2 on Ser-124, Ser-279, and Ser-293 during checkpoint mediated cell cycle arrest. Phosphorylation on Ser-178 and Thr-507 creates binding sites for YWHAE/14-3-3 epsilon which inhibits CDC25A. Phosphorylation on Ser-76, Ser-124, Ser-178, Ser-279 and Ser-293 may also promote ubiquitin-dependent proteolysis of CDC25A by the SCF complex. Phosphorylation of CDC25A at Ser-76 by CHEK1 primes it for subsequent phosphorylation at Ser-79, Ser-82 and Ser-88 by NEK11. Phosphorylation by NEK11 is required for BTRC-mediated polyubiquitination and degradation. Phosphorylation by PIM1 leads to an increase in phosphatase activity. Phosphorylated by PLK3 following DNA damage, leading to promote its ubiquitination and degradation",0
1612,P51681,C-C chemokine receptor type 5,Phosphorylation on serine residues in the C-terminal is stimulated by binding CC chemokines especially by APO-RANTES,0
1618,P0DPK2,Histone H3.Y,"Phosphorylation at Thr-7 (H3T6ph) is a specific tag for epigenetic transcriptional activation that prevents demethylation of Lys-5 (H3K4me) by LSD1/KDM1A. At centromeres, specifically phosphorylated at Thr-12 (H3T11ph) from prophase to early anaphase. Phosphorylation at Thr-12 (H3T11ph) is a specific tag for epigenetic transcriptional activation that promotes demethylation of Lys-10 (H3K9me). Phosphorylation at Tyr-42 (H3Y41ph) promotes exclusion of CBX5 (HP1 alpha) from chromatin",0
1622,Q8WV28,B-cell linker protein,"Following BCR activation, phosphorylated on tyrosine residues by SYK and LYN. When phosphorylated, serves as a scaffold to assemble downstream targets of antigen activation, including PLCG1, VAV1, GRB2 and NCK1. Phosphorylation of Tyr-84, Tyr-178 and Tyr-189 facilitates PLCG1 binding. Phosphorylation of Tyr-96 facilitates BTK binding. Phosphorylation of Tyr-72 facilitates VAV1 and NCK1 binding. Phosphorylation is required for both Ca(2+) and MAPK signaling pathways",0
1627,O43156,TELO2-interacting protein 1 homolog,"Phosphorylated at Ser-828 by CK2 following growth factor deprivation, leading to its subsequent ubiquitination by the SCF(FBXO9) complex. Phosphorylation by CK2 only takes place when TELO2 is bound to mTORC1, not mTORC2; leading to selective ubiquitination of mTORC1-associated protein",1
1628,O43156,TELO2-interacting protein 1 homolog,"Ubiquitinated by the SCF(FBXO9) complex following phosphorylation by CK2 in response to growth factor deprivation, leading to its degradation by the proteasome. Only mTORC1-associated protein is ubiquitinated and degraded, leading to selective inactivation of mTORC1 to restrain cell growth and protein translation, while mTORC2 is activated due to the relief of feedback inhibition by mTORC1",0
1629,O75822,Eukaryotic translation initiation factor 3 subunit J,Phosphorylated. Phosphorylation is enhanced upon serum stimulation,0
1632,P10914,Interferon regulatory factor 1,Phosphorylated by CK2 and this positively regulates its activity,1
1642,P51810,G-protein coupled receptor 143,Phosphorylated,0
1643,Q6NTE8,MRN complex-interacting protein,Phosphorylated; phosphorylation is constitutive and occurs in the absence of any DNA-damaging stimulus. Phosphorylation on Ser-115 is necessary for its nuclear retention,0
1645,O15055,Period circadian protein homolog 2,Phosphorylated by CSNK1E and CSNK1D. Phosphorylation results in PER2 protein degradation. May be dephosphorylated by PP1,0
1647,Q49AN0,Cryptochrome-2,Phosphorylation on Ser-266 by MAPK is important for the inhibition of CLOCK-BMAL1-mediated transcriptional activity. Phosphorylation by CSKNE requires interaction with PER1 or PER2. Phosphorylated in a circadian manner at Ser-554 and Ser-558 in the suprachiasmatic nucleus (SCN) and liver. Phosphorylation at Ser-558 by DYRK1A promotes subsequent phosphorylation at Ser-554 by GSK3-beta: the two-step phosphorylation at the neighboring Ser residues leads to its proteasomal degradation,0
1648,Q49AN0,Cryptochrome-2,"Ubiquitinated by the SCF(FBXL3) and SCF(FBXL21) complexes, regulating the balance between degradation and stabilization. The SCF(FBXL3) complex is mainly nuclear and mediates ubiquitination and subsequent degradation of CRY2. In contrast, cytoplasmic SCF(FBXL21) complex-mediated ubiquitination leads to stabilize CRY2 and counteract the activity of the SCF(FBXL3) complex. The SCF(FBXL3) and SCF(FBXL21) complexes probably mediate ubiquitination at different Lys residues. The SCF(FBXL3) complex recognizes and binds CRY2 phosphorylated at Ser-554 and Ser-558. Ubiquitination may be inhibited by PER2. Deubiquitinated by USP7 (By similarity)",0
1652,Q969G5,Caveolae-associated protein 3,"In vitro, phosphorylated by PRKCD",1
1653,Q96E14,RecQ-mediated genome instability protein 2,Phosphorylated during mitosis,0
1654,P21246,Pleiotrophin,Phosphorylated by NEK6,1
1656,P78543,Protein BTG2,"Phosphorylated at Ser-147 by MAPK1/ERK2 and MAPK3/ERK1, and at Ser-149 by MAPK14, leading to PIN1-binding and mitochondrial depolarization",1
1661,P01160,Natriuretic peptides A,Phosphorylation on Ser-129 decreases vasorelaxant activity,0
1662,Q6S5L8,SHC-transforming protein 4,Phosphorylated; the phosphorylation is enhanced by EGF. Phosphorylation at Tyr-424 is required for the interaction with GRB2,0
1663,O43683,Mitotic checkpoint serine/threonine-protein kinase BUB1,"Upon spindle-assembly checkpoint activation it is hyperphosphorylated and its kinase activity toward CDC20 is stimulated. Phosphorylation at Thr-609 is required for interaction with PLK1, phosphorylation at this site probably creates a binding site for the POLO-box domain of PLK1, thus enhancing the PLK1-BUB1 interaction",0
1666,Q92995,Ubiquitin carboxyl-terminal hydrolase 13,"Phosphorylated by AURKB at Ser-114; leading to stabilization of cell cycle proteins such as SKP2 and AURKB, but not MCL1",1
1671,Q13347,Eukaryotic translation initiation factor 3 subunit I,Phosphorylated by TGF-beta type II receptor,1
1672,Q96BT3,Centromere protein T,"Dynamically phosphorylated at Ser-47 and probably also other sites during the cell cycle. Phosphorylated at Ser-47 during G2 phase, metaphase and anaphase, but not during telophase or G1 phase",0
1679,Q96EB6,NAD-dependent protein deacetylase sirtuin-1,"Phosphorylated. Phosphorylated by STK4/MST1, resulting in inhibition of SIRT1-mediated p53/TP53 deacetylation. Phosphorylation by MAPK8/JNK1 at Ser-27, Ser-47, and Thr-530 leads to increased nuclear localization and enzymatic activity. Phosphorylation at Thr-530 by DYRK1A and DYRK3 activates deacetylase activity and promotes cell survival. Phosphorylation by mammalian target of rapamycin complex 1 (mTORC1) at Ser-47 inhibits deacetylation activity. Phosphorylated by CaMK2, leading to increased p53/TP53 and NF-kappa-B p65/RELA deacetylation activity (By similarity). Phosphorylation at Ser-27 implicating MAPK9 is linked to protein stability. There is some ambiguity for some phosphosites: Ser-159/Ser-162 and Thr-544/Ser-545",0
1685,Q8IXJ6,NAD-dependent protein deacetylase sirtuin-2,"Phosphorylated at phosphoserine and phosphothreonine. Phosphorylated at Ser-368 by a mitotic kinase CDK1/cyclin B at the G2/M transition; phosphorylation regulates the delay in cell-cycle progression. Phosphorylated at Ser-368 by a mitotic kinase G1/S-specific cyclin E/Cdk2 complex; phosphorylation inactivates SIRT2-mediated alpha-tubulin deacetylation and thereby negatively regulates cell adhesion, cell migration and neurite outgrowth during neuronal differentiation. Phosphorylated by cyclin A/Cdk2 and p35-Cdk5 complexes and to a lesser extent by the cyclin D3/Cdk4 and cyclin B/Cdk1, in vitro. Dephosphorylated at Ser-368 by CDC14A and CDC14B around early anaphase",0
1688,Q12972,Nuclear inhibitor of protein phosphatase 1,"May be inactivated by phosphorylation on Ser-199 or Ser-204 (By similarity). Phosphorylated by Lyn in vitro on Tyr-264, and also on Tyr-335 in the presence of RNA",1
1689,O95999,B-cell lymphoma/leukemia 10,Phosphorylated. Phosphorylation results in dissociation from TRAF2 and binding to BIRC2/c-IAP2 (PubMed:11466612). Phosphorylated by IKBKB/IKKB (PubMed:17213322),1
1695,Q96RI1,Bile acid receptor,Phosphorylation by PKC/PRKCA increases transactivation activity by promoting association with PPARGC1A,0
1699,Q3V6T2,Girdin,Phosphorylation is induced by epidermal growth factor (EGF) in a phosphoinositide 3-kinase (PI3K)-dependent manner (PubMed:16139227). Phosphorylation by AKT1/PKB is necessary for delocalization from the cell membrane and for cell migration (PubMed:16139227). Phosphorylated on tyrosine residues which promotes binding to phosphatidylinositol 3-kinase (PI3K) regulatory subunit PIK3R1/p85a and enhances PI3K activity (PubMed:21954290). Tyrosine-phosphorylated by both receptor and non-receptor tyrosine kinases in vitro (PubMed:21954290). Tyrosine phosphorylation is required for AKT1-dependent phosphorylation of Ser-1417 (PubMed:21954290). Phosphorylation at Ser-1690 by PRKCQ disrupts interaction with GNAI3 and inhibits guanine nucleotide exchange factor activity (PubMed:23509302),1
1701,P09769,Tyrosine-protein kinase Fgr,"Phosphorylated. Autophosphorylated on tyrosine residues. Becomes phosphorylated in response to FCGR2A and/or FCGR2B engagement, cell adhesion and signaling by ITGB2. Prior phosphorylation at Tyr-523 by SRC inhibits ulterior autophosphorylation at Tyr-412",0
1702,P25106,Atypical chemokine receptor 3,The Ser/Thr residues in the C-terminal cytoplasmic tail may be phosphorylated,0
1706,Q6FI13,Histone H2A type 2-A,Phosphorylation on Ser-2 (H2AS1ph) is enhanced during mitosis. Phosphorylation on Ser-2 by RPS6KA5/MSK1 directly represses transcription. Acetylation of H3 inhibits Ser-2 phosphorylation by RPS6KA5/MSK1. Phosphorylation at Thr-121 (H2AT120ph) by DCAF1 is present in the regulatory region of many tumor suppresor genes and down-regulates their transcription,0
1716,P48551,Interferon alpha/beta receptor 2,"Phosphorylated on tyrosine residues upon interferon binding. Phosphorylation at Tyr-337 or Tyr-512 are sufficient to mediate interferon dependent activation of STAT1, STAT2 and STAT3 leading to antiproliferative effects on many different cell types",0
1721,Q16695,Histone H3.1t,"Methylation at Lys-5 (H3K4me), Lys-37 (H3K36me) and Lys-80 (H3K79me) are linked to gene activation. Methylation at Lys-5 (H3K4me) facilitates subsequent acetylation of H3 and H4. Methylation at Lys-80 (H3K79me) is associated with DNA double-strand break (DSB) responses and is a specific target for TP53BP1. Methylation at Lys-10 (H3K9me) and Lys-28 (H3K27me) are linked to gene repression. Methylation at Lys-10 (H3K9me) is a specific target for HP1 proteins (CBX1, CBX3 and CBX5) and prevents subsequent phosphorylation at Ser-11 (H3S10ph) and acetylation of H3 and H4. Methylation at Lys-5 (H3K4me) and Lys-80 (H3K79me) require preliminary monoubiquitination of H2B at 'Lys-120'. Methylation at Lys-10 (H3K9me) and Lys-28 (H3K27me) are enriched in inactive X chromosome chromatin. Monomethylation at Lys-57 (H3K56me1) by EHMT2/G9A in G1 phase promotes interaction with PCNA and is required for DNA replication (By similarity)",0
1722,Q16695,Histone H3.1t,"Phosphorylated at Thr-4 (H3T3ph) by HASPIN during prophase and dephosphorylated during anaphase. Phosphorylation at Ser-11 (H3S10ph) by AURKB is crucial for chromosome condensation and cell-cycle progression during mitosis and meiosis. In addition phosphorylation at Ser-11 (H3S10ph) by RPS6KA4 and RPS6KA5 is important during interphase because it enables the transcription of genes following external stimulation, like mitogens, stress, growth factors or UV irradiation and result in the activation of genes, such as c-fos and c-jun. Phosphorylation at Ser-11 (H3S10ph), which is linked to gene activation, prevents methylation at Lys-10 (H3K9me) but facilitates acetylation of H3 and H4. Phosphorylation at Ser-11 (H3S10ph) by AURKB mediates the dissociation of HP1 proteins (CBX1, CBX3 and CBX5) from heterochromatin. Phosphorylation at Ser-11 (H3S10ph) is also an essential regulatory mechanism for neoplastic cell transformation. Phosphorylated at Ser-29 (H3S28ph) by MAP3K20 isoform 1, RPS6KA5 or AURKB during mitosis or upon ultraviolet B irradiation. Phosphorylation at Thr-7 (H3T6ph) by PRKCB is a specific tag for epigenetic transcriptional activation that prevents demethylation of Lys-5 (H3K4me) by LSD1/KDM1A. At centromeres, specifically phosphorylated at Thr-12 (H3T11ph) from prophase to early anaphase, by DAPK3 and PKN1. Phosphorylation at Thr-12 (H3T11ph) by PKN1 or isoform M2 of PKM (PKM2) is a specific tag for epigenetic transcriptional activation that promotes demethylation of Lys-10 (H3K9me) by KDM4C/JMJD2C. Phosphorylation at Tyr-42 (H3Y41ph) by JAK2 promotes exclusion of CBX5 (HP1 alpha) from chromatin (By similarity)",0
1727,Q16695,Histone H3.1t,Serine ADP-ribosylation constitutes the primary form of ADP-ribosylation of proteins in response to DNA damage. Serine ADP-ribosylation at Ser-11 (H3S10ADPr) is mutually exclusive with phosphorylation at Ser-11 (H3S10ph) and impairs acetylation at Lys-10 (H3K9ac),0
1728,Q92538,Golgi-specific brefeldin A-resistance guanine nucleotide exchange factor 1,"AMPK-mediated phosphorylation at Thr-1338 is induced by 2-deoxyglucose (2-DG) and AICA ribonucleotide, and occurs during mitosis leading to membrane disassociation and inactivation of ARF1 during mitosis",0
1732,P06702,Protein S100-A9,Phosphorylated. Phosphorylation inhibits activation of tubulin polymerization,0
1736,P98177,Forkhead box protein O4,Phosphorylation by PKB/AKT1 inhibits transcriptional activity and is responsible for cytoplasmic localization. May be phosphorylated at multiple sites by NLK,0
1740,O60869,Endothelial differentiation-related factor 1,Phosphorylated (by PKA and PKC),1
1741,Q9HB96,Fanconi anemia group E protein,Phosphorylated. Phosphorylation by CHEK1 at Thr-346 and Ser-374 regulates its function in DNA cross-links repair,1
1742,Q9HB96,Fanconi anemia group E protein,Ubiquitinated. Phosphorylation by CHEK1 induces polyubiquitination and degradation,0
1744,Q5FBB7,Shugoshin 1,Phosphorylation by NEK2 is essential for chromosome congression in mitosis and for the proper attachment of spindle microtubule to the kinetochore. Phosphorylated by PLK1 and AUKRB,0
1747,Q9Y222,Cyclin-D-binding Myb-like transcription factor 1,"Phosphorylated by the cyclin-D2/CDK4, cyclin-D3/CDK4 and cyclin-D2/CDK6 complexes and to a lesser extent by the cyclin-D1/CDK4 complex",1
1760,Q7L7L0,Histone H2A type 3,Phosphorylation on Ser-2 (H2AS1ph) is enhanced during mitosis. Phosphorylation on Ser-2 by RPS6KA5/MSK1 directly represses transcription. Acetylation of H3 inhibits Ser-2 phosphorylation by RPS6KA5/MSK1. Phosphorylation at Thr-121 (H2AT120ph) by DCAF1 is present in the regulatory region of many tumor suppresor genes and down-regulates their transcription,0
1765,Q9H714,Protein associated with UVRAG as autophagy enhancer,"Phosphorylated by MTOR at Ser-157 under nutrient-rich conditions (PubMed:30704899). Phosphorylation prevents acetylation by KAT5/TIP60 and impairs RUBCNL/PACER function and autophagosome maturation (PubMed:30704899). Under autophagy induction, Phosphorylation by MTOR is repressed, enabling acetylation by KAT5/TIP60 (PubMed:30704899)",0
1766,Q9H714,Protein associated with UVRAG as autophagy enhancer,"Acetylated by KAT5/TIP60 under autophagy induction, promoting autophagosome maturation and lipid metabolism (PubMed:30704899). Acetylation is prevented by phosphorylation by MTOR (PubMed:30704899). Lys-483 and Lys-573 constitute the key sites for tuning function in autophagy (PubMed:30704899)",0
1774,O00548,Delta-like protein 1,"Phosphorylated in a membrane association-dependent manner. Phosphorylation at Ser-697 requires the presence of Ser-694, whereas phosphorylation at Ser-694 occurs independently of the other site. Phosphorylation is required for full ligand activity in vitro and affects surface presentation, ectodomain shedding, and endocytosis",0
1777,P09917,Polyunsaturated fatty acid 5-lipoxygenase,"Serine phosphorylation by MAPKAPK2 is stimulated by arachidonic acid (PubMed:11844797, PubMed:18978352). Phosphorylation on Ser-524 by PKA has an inhibitory effect (PubMed:15280375). Phosphorylation on Ser-272 prevents export from the nucleus (PubMed:11844797, PubMed:18978352). Phosphorylation at Ser-524 is stimulated by 8-bromo-3',5'-cyclic AMP or prostaglandin E2 (PubMed:26210919)",1
1778,P17676,CCAAT/enhancer-binding protein beta,Methylated. Methylation at Arg-3 by CARM1 and at Lys-43 by EHMT2 inhibit transactivation activity. Methylation is probably inhibited by phosphorylation at Thr-235,0
1781,P17676,CCAAT/enhancer-binding protein beta,"Phosphorylated at Thr-235 by MAPK and CDK2, serves to prime phosphorylation at Thr-226 and Ser-231 by GSK3B and acquire DNA-binding as well as transactivation activities, required to induce adipogenesis. MAPK and CDK2 act sequentially to maintain Thr-235 in the primed phosphorylated state during mitotical cloning expansion and thereby progression of terminal differentiation. Phosphorylation at Thr-266 enhances transactivation activity. Phosphorylation at Ser-325 in response to calcium increases transactivation activity. Phosphorylated at Thr-235 by RPS6KA1 (PubMed:11684016)",0
1782,P17676,CCAAT/enhancer-binding protein beta,"O-glycosylated, glycosylation at Ser-227 and Ser-228 prevents phosphorylation on Thr-235, Ser-231 and Thr-226 and DNA binding activity which delays the adipocyte differentiation program",0
1785,P58876,Histone H2B type 1-D,"Phosphorylation at Ser-37 (H2BS36ph) by AMPK in response to stress promotes transcription (By similarity). Phosphorylated on Ser-15 (H2BS14ph) by STK4/MST1 during apoptosis; which facilitates apoptotic chromatin condensation (PubMed:12757711). Also phosphorylated on Ser-15 in response to DNA double strand breaks (DSBs), and in correlation with somatic hypermutation and immunoglobulin class-switch recombination",0
1787,P58876,Histone H2B type 1-D,"ADP-ribosylated by PARP1 or PARP2 on Ser-7 (H2BS6ADPr) in response to DNA damage (PubMed:27723750, PubMed:34874266). H2BS6ADPr promotes recruitment of CHD1L (PubMed:34874266). Mono-ADP-ribosylated on Glu-3 (H2BE2ADPr) by PARP3 in response to single-strand breaks (PubMed:27530147). Poly ADP-ribosylation on Glu-36 (H2BE35ADPr) by PARP1 regulates adipogenesis: it inhibits phosphorylation at Ser-37 (H2BS36ph), thereby blocking expression of pro-adipogenetic genes (By similarity)",0
1793,Q9HCH0,Nck-associated protein 5-like,CDK1/Cyclin B-dependent phosphorylation mediates its dissociation from centrosomes during mitosis,0
1794,Q86W47,Calcium-activated potassium channel subunit beta-4,Phosphorylated. Phosphorylation modulates its effect on KCNMA1 activation kinetics,0
1796,Q86YS7,C2 domain-containing protein 5,Phosphorylated on Ser-197 by active myristoylated kinase AKT2; insulin-stimulated phosphorylation by AKT2 regulates SLC2A4/GLUT4 translocation into the plasma membrane,1
1798,Q00535,Cyclin-dependent kinase 5,"Phosphorylation on Tyr-15 by ABL1 and FYN, and on Ser-159 by casein kinase 1 promotes kinase activity. By contrast, phosphorylation at Thr-14 inhibits activity",1
1799,Q00535,Cyclin-dependent kinase 5,Phosphorylation at Ser-159 is essential for maximal catalytic activity,0
1800,Q9NRY4,Rho GTPase-activating protein 35,"Phosphorylation of Tyr-1105 by PTK6 promotes the association with RASA1, inactivating RHOA while activating RAS. Phosphorylation at Tyr-308 by PDGFRA inhibits binding to GTF2I (PubMed:18829532, PubMed:19393245). Phosphorylated by PRKCA at Ser-1221 and Thr-1226, induces relocalization from the cytoplasm to regions of plasma membrane ruffling and prevents the binding and substrate specificity regulation by phospholipids (PubMed:19673492). In brain, phosphorylated by FYN and SRC (By similarity). During focal adhesion formation, phosphorylated by MAPK1 and MAPK3 at the C-terminal region, probably at Ser-1451, Ser-1476, Thr-1480 and Ser-1483. Phosphorylation by MAPK1 and MAPK3 inhibits GAP function and localizes ARGHAP35 away from newly forming focal adhesions and stress fibers in cells spreading on fibronectin (By similarity). Phosphorylation at Ser-1476 and Thr-1480 by GSK3B requires priming by MAPK and inhibits RhoGAP activity and modulates polarized cell migration (By similarity)",0
1802,Q8IVT5,Kinase suppressor of Ras 1,"Phosphorylated on Ser-311 and, to a higher extent, on Ser-406 by MARK3. Dephosphorylated on Ser-406 by PPP2CA. In resting cells, phosphorylated KSR1 is cytoplasmic and in stimulated cells, dephosphorylated KSR1 is membrane-associated. Phosphorylated by PKA at Ser-888. Phosphorylation at Ser-888 is required for cAMP-dependent activation of MAPK1 and/or MAPK3 (By similarity)",1
1804,Q9NV92,NEDD4 family-interacting protein 2,"Undergoes transient tyrosine-phosphorylation following EGF stimulation, most probably catalyzed by SRC. Phosphorylation on Tyr-151, Tyr-171 and Tyr-177 are dependent on the phosphorylation on Tyr-167. Also phosphorylated by LYN and FYN",0
1805,Q14289,Protein-tyrosine kinase 2-beta,"Phosphorylated on tyrosine residues in response to various stimuli that elevate the intracellular calcium concentration; this activation is indirect and may be mediated by production of reactive oxygen species (ROS). Tyr-402 is the major autophosphorylation site, but other kinases can also phosphorylate Tyr-402. Autophosphorylation occurs in trans, i.e. one subunit of the dimeric receptor phosphorylates tyrosine residues on the other subunit. Phosphorylation at Tyr-402 promotes interaction with SRC and SRC family members, leading to phosphorylation at Tyr-579; Tyr-580 and Tyr-881. Phosphorylation at Tyr-881 is important for interaction with GRB2. Phosphorylated on tyrosine residues upon activation of FGR and PKC. Recruitment by NPHP1 to cell matrix adhesions initiates Tyr-402 phosphorylation. In monocytes, adherence to substrata is required for tyrosine phosphorylation and kinase activation. Angiotensin II, thapsigargin and L-alpha-lysophosphatidic acid (LPA) also induce autophosphorylation and increase kinase activity. Phosphorylation by MYLK promotes ITGB2 activation and is thus essential to trigger neutrophil transmigration during lung injury. Dephosphorylated by PTPN12",1
1809,Q71DI3,Histone H3.2,"Methylation at Lys-5 (H3K4me), Lys-37 (H3K36me) and Lys-80 (H3K79me) are linked to gene activation. Methylation at Lys-5 (H3K4me) facilitates subsequent acetylation of H3 and H4. Methylation at Lys-80 (H3K79me) is associated with DNA double-strand break (DSB) responses and is a specific target for TP53BP1. Methylation at Lys-10 (H3K9me) and Lys-28 (H3K27me) are linked to gene repression. Methylation at Lys-10 (H3K9me) is a specific target for HP1 proteins (CBX1, CBX3 and CBX5) and prevents subsequent phosphorylation at Ser-11 (H3S10ph) and acetylation of H3 and H4. Methylation at Lys-5 (H3K4me) and Lys-80 (H3K79me) require preliminary monoubiquitination of H2B at 'Lys-120'. Methylation at Lys-10 (H3K9me) and Lys-28 (H3K27me) are enriched in inactive X chromosome chromatin. Monomethylation at Lys-57 (H3K56me1) by EHMT2/G9A in G1 phase promotes interaction with PCNA and is required for DNA replication",0
1810,Q71DI3,Histone H3.2,"Phosphorylated at Thr-4 (H3T3ph) by VRK1 (PubMed:31527692). Phosphorylated at Thr-4 (H3T3ph) by HASPIN during prophase and dephosphorylated during anaphase (PubMed:15681610, PubMed:16185088). Phosphorylation at Ser-11 (H3S10ph) by AURKB is crucial for chromosome condensation and cell-cycle progression during mitosis and meiosis. In addition phosphorylation at Ser-11 (H3S10ph) by RPS6KA4 and RPS6KA5 is important during interphase because it enables the transcription of genes following external stimulation, like mitogens, stress, growth factors or UV irradiation and result in the activation of genes, such as c-fos and c-jun. Phosphorylation at Ser-11 (H3S10ph), which is linked to gene activation, prevents methylation at Lys-10 (H3K9me) but facilitates acetylation of H3 and H4. Phosphorylation at Ser-11 (H3S10ph) by AURKB mediates the dissociation of HP1 proteins (CBX1, CBX3 and CBX5) from heterochromatin. Phosphorylation at Ser-11 (H3S10ph) is also an essential regulatory mechanism for neoplastic cell transformation. Phosphorylated at Ser-29 (H3S28ph) by MAP3K20 isoform 1, RPS6KA5 or AURKB during mitosis or upon ultraviolet B irradiation. Phosphorylation at Thr-7 (H3T6ph) by PRKCB is a specific tag for epigenetic transcriptional activation that prevents demethylation of Lys-5 (H3K4me) by LSD1/KDM1A. At centromeres, specifically phosphorylated at Thr-12 (H3T11ph) from prophase to early anaphase, by DAPK3 and PKN1. Phosphorylation at Thr-12 (H3T11ph) by PKN1 or isoform M2 of PKM (PKM2) is a specific tag for epigenetic transcriptional activation that promotes demethylation of Lys-10 (H3K9me) by KDM4C/JMJD2C. Phosphorylation at Tyr-42 (H3Y41ph) by JAK2 promotes exclusion of CBX5 (HP1 alpha) from chromatin",0
1816,Q71DI3,Histone H3.2,"Serine ADP-ribosylation by PARP1 or PARP2 constitutes the primary form of ADP-ribosylation of proteins in response to DNA damage (PubMed:29480802, PubMed:34874266). Serine ADP-ribosylation at Ser-11 (H3S10ADPr) promotes recruitment of CHD1L (PubMed:34874266). H3S10ADPr is mutually exclusive with phosphorylation at Ser-11 (H3S10ph) and impairs acetylation at Lys-10 (H3K9ac) (PubMed:30257210)",0
1823,P84243,Histone H3.3,"Specifically enriched in modifications associated with active chromatin such as methylation at Lys-5 (H3K4me), Lys-37 and Lys-80. Methylation at Lys-5 (H3K4me) facilitates subsequent acetylation of H3 and H4. Methylation at Lys-80 (H3K79me) is associated with DNA double-strand break (DSB) responses and is a specific target for TP53BP1. Methylation at Lys-10 (H3K9me) and Lys-28 (H3K27me), which are linked to gene repression, are underrepresented. Methylation at Lys-10 (H3K9me) is a specific target for HP1 proteins (CBX1, CBX3 and CBX5) and prevents subsequent phosphorylation at Ser-11 (H3S10ph) and acetylation of H3 and H4. Methylation at Lys-5 (H3K4me) and Lys-80 (H3K79me) require preliminary monoubiquitination of H2B at 'Lys-120'. Methylation at Lys-10 (H3K9me) and Lys-28 (H3K27me) are enriched in inactive X chromosome chromatin. Monomethylation at Lys-57 (H3K56me1) by EHMT2/G9A in G1 phase promotes interaction with PCNA and is required for DNA replication",0
1824,P84243,Histone H3.3,"Phosphorylated at Thr-4 (H3T3ph) by VRK1 (PubMed:31527692). Phosphorylated at Thr-4 (H3T3ph) by HASPIN during prophase and dephosphorylated during anaphase (PubMed:15681610, PubMed:16185088). Phosphorylation at Ser-11 (H3S10ph) by AURKB is crucial for chromosome condensation and cell-cycle progression during mitosis and meiosis. In addition phosphorylation at Ser-11 (H3S10ph) by RPS6KA4 and RPS6KA5 is important during interphase because it enables the transcription of genes following external stimulation, like mitogens, stress, growth factors or UV irradiation and result in the activation of genes, such as c-fos and c-jun. Phosphorylation at Ser-11 (H3S10ph), which is linked to gene activation, prevents methylation at Lys-10 (H3K9me) but facilitates acetylation of H3 and H4. Phosphorylation at Ser-11 (H3S10ph) by AURKB mediates the dissociation of HP1 proteins (CBX1, CBX3 and CBX5) from heterochromatin. Phosphorylation at Ser-11 (H3S10ph) is also an essential regulatory mechanism for neoplastic cell transformation. Phosphorylated at Ser-29 (H3S28ph) by MAP3K20 isoform 1, RPS6KA5 or AURKB during mitosis or upon ultraviolet B irradiation. Phosphorylation at Thr-7 (H3T6ph) by PRKCB is a specific tag for epigenetic transcriptional activation that prevents demethylation of Lys-5 (H3K4me) by LSD1/KDM1A. At centromeres, specifically phosphorylated at Thr-12 (H3T11ph) from prophase to early anaphase, by DAPK3 and PKN1. Phosphorylation at Thr-12 (H3T11ph) by PKN1 or isoform M2 of PKM (PKM2) is a specific tag for epigenetic transcriptional activation that promotes demethylation of Lys-10 (H3K9me) by KDM4C/JMJD2C. Phosphorylation at Tyr-42 (H3Y41ph) by JAK2 promotes exclusion of CBX5 (HP1 alpha) from chromatin. Phosphorylation on Ser-32 (H3S31ph) is specific to regions bordering centromeres in metaphase chromosomes",0
1830,P84243,Histone H3.3,"Serine ADP-ribosylation by PARP1 or PARP2 constitutes the primary form of ADP-ribosylation of proteins in response to DNA damage (PubMed:29480802, PubMed:34874266). Serine ADP-ribosylation at Ser-11 (H3S10ADPr) promotes recruitment of CHD1L (PubMed:34874266). H3S10ADPr is mutually exclusive with phosphorylation at Ser-11 (H3S10ph) and impairs acetylation at Lys-10 (H3K9ac) (PubMed:30257210)",0
1834,P49454,Centromere protein F,Hyperphosphorylated during mitosis,0
1835,Q9UIB8,SLAM family member 5,Phosphorylated by tyrosine-protein kinase LCK on tyrosine residues following ligation induced by agonist monoclonal antibody. The association with SH2D1A is dependent of tyrosine phosphorylation of its cytoplasmic domain. Phosphorylated on Tyr-296 and Tyr-316 following platelet aggregation. Phosphorylated on tyrosine residues upon high affinity immunoglobulin epsilon receptor aggregation in mast cells,1
1840,P09429,High mobility group protein B1,Phosphorylated at serine residues. Phosphorylation in both NLS regions is required for cytoplasmic translocation followed by secretion (PubMed:17114460),0
1846,Q8TD08,Mitogen-activated protein kinase 15,Autophosphorylated on Thr-175 and Tyr-177; activates the enzyme,1
1851,Q9BZL6,Serine/threonine-protein kinase D2,"Phosphorylation of Ser-876 correlates with the activation status of the kinase (PubMed:11062248). Ser-706 or/and Ser-710 are probably phosphorylated by PKC (PubMed:12058027, PubMed:28428613). Phosphorylation at Ser-244 by CSNK1D and CSNK1E promotes nuclear localization and substrate targeting (PubMed:17962809). Phosphorylation at Ser-244, Ser-706 and Ser-710 is required for nuclear localization (PubMed:17962809). Phosphorylated at Tyr-438 by ABL1 in response to oxidative stress (PubMed:15604256). Phosphorylated at Tyr-717 by ABL1 specifically in response to oxidative stress; requires prior phosphorylation at Ser-706 or/and Ser-710 (PubMed:28428613)",1
1862,P51636,Caveolin-2,"Phosphorylated on serine and tyrosine residues. CAV1 promotes phosphorylation on Ser-23 which then targets the complex to the plasma membrane, lipid rafts and caveolae. Phosphorylation on Ser-36 appears to modulate mitosis in endothelial cells (By similarity). Phosphorylation on both Tyr-19 and Tyr-27 is required for insulin-induced 'Ser-727' phosphorylation of STAT3 and its activation. Phosphorylation on Tyr-19 is required for insulin-induced phosphorylation of MAPK1 and DNA binding of STAT3. Tyrosine phosphorylation is induced by both EGF and insulin (By similarity)",0
1863,O43294,Transforming growth factor beta-1-induced transcript 1 protein,Phosphorylated by gonadotropin-releasing hormone-activated SRC,0
1864,Q14152,Eukaryotic translation initiation factor 3 subunit A,Phosphorylated. Phosphorylation is enhanced upon serum stimulation,0
1865,P10276,Retinoic acid receptor alpha,"Phosphorylated on serine and threonine residues. Phosphorylation does not change during cell cycle. Phosphorylation on Ser-77 is crucial for transcriptional activity (By similarity). Phosphorylation by AKT1 is required for the repressor activity but has no effect on DNA binding, protein stability nor subcellular localization. Phosphorylated by PKA in vitro. This phosphorylation on Ser-219 and Ser-369 is critical for ligand binding, nuclear localization and transcriptional activity in response to FSH signaling",1
1870,O43566,Regulator of G-protein signaling 14,Phosphorylated by PKC. Phosphorylation is increased in presence of forskolin and may enhance the GDI activity on G(i) alpha subunit GNAI1 (By similarity),1
1871,P50552,Vasodilator-stimulated phosphoprotein,"Major substrate for cAMP-dependent (PKA) and cGMP-dependent protein kinase (PKG) in platelets. The preferred site for PKA is Ser-157, the preferred site for PKG/PRKG1, Ser-239. In ADP-activated platelets, phosphorylation by PKA or PKG on Ser-157 leads to fibrinogen receptor inhibition. Phosphorylation on Thr-278 requires prior phosphorylation on Ser-157 and Ser-239. In response to phorbol ester (PMA) stimulation, phosphorylated by PKC/PRKCA. In response to thrombin, phosphorylated by both PKC and ROCK1. Phosphorylation at Thr-278 by AMPK does not require prior phosphorylation at Ser-157 or Ser-239. Phosphorylation at Ser-157 by PKA is required for localization to the tight junctions in epithelial cells. Phosphorylation modulates F-actin binding, actin filament elongation and platelet activation. Phosphorylation at Ser-322 by AMPK also alters actin filament binding. Carbon monoxide (CO) promotes phosphorylation at Ser-157, while nitric oxide (NO) promotes phosphorylation at Ser-157, but also at Ser-239. Response to NO and CO is blunted in platelets from diabetic patients, and VASP is not phosphorylated efficiently at Ser-157 and Ser-239",1
1872,P29590,Protein PML,"Ubiquitinated; mediated by RNF4, RNF111, UHRF1, UBE3A/E6AP, BCR(KLHL20) E3 ubiquitin ligase complex E3 ligase complex, SIAH1 or SIAH2 and leading to subsequent proteasomal degradation (PubMed:18408734, PubMed:21840486, PubMed:22033920). Ubiquitination by BCR(KLHL20) E3 ubiquitin ligase complex E3 ligase complex requires CDK1/2-mediated phosphorylation at Ser-518 which in turn is recognized by prolyl-isopeptidase PIN1 and PIN1-catalyzed isomerization further potentiates PML interaction with KLHL20 (PubMed:21840486, PubMed:22033920). 'Lys-6'-, 'Lys-11'-, 'Lys-48'- and 'Lys-63'-linked polyubiquitination by RNF4 is polysumoylation-dependent (PubMed:18408734). Ubiquitination by RNF111 is polysumoylation-dependent (By similarity)",0
1873,P29590,Protein PML,"Sumoylation regulates PML's: stability in response to extracellular or intracellular stimuli, transcription directly and indirectly, through sequestration of or dissociation of the transcription factors from PML-NBs, ability to regulate apoptosis and its anti-viral activities. It is also essential for: maintaining proper PML nuclear bodies (PML-NBs) structure and normal function, recruitment of components of PML-NBs, the turnover and retention of PML in PML-NBs and the integrity of PML-NBs. Undergoes 'Lys-11'-linked sumoylation. Sumoylation on all three sites (Lys-65, Lys-160 and Lys-490) is required for nuclear body formation. Sumoylation on Lys-160 is a prerequisite for sumoylation on Lys-65. Lys-65 and Lys-160 are sumoylated by PISA1 and PIAS2. PIAS1-mediated sumoylation of PML promotes its interaction with CSNK2A1/CK2 and phosphorylation at Ser-565 which in turn triggers its ubiquitin-mediated degradation. PIAS1-mediated sumoylation of PML-RARA promotes its ubiquitin-mediated degradation. The PML-RARA fusion protein requires the coiled-coil domain for sumoylation. Sumoylation at Lys-490 by RANBP2 is essential for the proper assembly of PML-NBs. SUMO1P1/SUMO5 conjugated PML at Lys-160, Lys-380, Lys-400, Lys-490 and Lys-497, but Lys-380, Lys-400 and Lys-497 are not key acceptor lysines. SUMO1P1/SUMO5 forms polymeric chain on Lys-160 of PML by successive conjugation at 'Lys-18'; facilitating recruitment of PML-NB components, which enlarges PML. SUMO1P1/SUMO5 conjugation of PML increases SUMO2/3 conjugation, which leads to the recruitment of RNF4 and ubiquitin-dependent disintegration of PML-NBs. SUMO1P1/SUMO5 monoconjugated Lys-490 (PubMed:27211601). DNA damage triggers its sumoylation while some but not all viral infections can abolish sumoylation. Desumoylated by SENP1, SENP2, SENP3, SENP5 and SENP6 (PubMed:12419228, PubMed:21148299, PubMed:27211601). Arsenic induces PML and PML-RARA polysumoylation and their subsequent RNF4-dependent ubiquitination and proteasomal degradation, and is used as treatment in acute promyelocytic leukemia (APL). The nuclear isoforms (isoform PML-1, isoform PML-2, isoform PML-3, isoform PML-4, isoform PML-5 and isoform PML-6) show an increased sumoylation in response to arsenic trioxide. The cytoplasmic isoform PML-7 is not sumoylated",0
1874,P29590,Protein PML,"Phosphorylation is a major regulatory mechanism that controls PML protein abundance and the number and size of PML nuclear bodies (PML-NBs). Phosphorylated in response to DNA damage, probably by ATR (PubMed:15195100). HIPK2-mediated phosphorylation at Ser-8, Ser-36 and Ser-38 leads to increased accumulation of PML protein and its sumoylation and is required for the maximal pro-apoptotic activity of PML after DNA damage (PubMed:19015637). CHEK2-mediated phosphorylation at Ser-117 is important for PML-mediated apoptosis following DNA damage (PubMed:12402044). MAPK1-mediated phosphorylations at Ser-403, Ser-505, Ser-527 and Ser-530 and CDK1/2-mediated phosphorylation at Ser-518 promote PIN1-dependent PML degradation (PubMed:21840486, PubMed:22033920). CK2-mediated phosphorylation at Ser-565 primes PML ubiquitination via an unidentified ubiquitin ligase (PubMed:20719947, PubMed:22406621)",0
1875,P29590,Protein PML,"(Microbial infection) Upon infection with Epstein-Barr virus, phosphorylated by CK2. Viral EBNA1 increases the association of CK2 with PML proteins, which increases PML phosphorylation by CK2, triggering the USP7-dependent polyubiquitylation and degradation of PML",0
1880,Q9BR39,Junctophilin-2,"Phosphorylation on Ser-165, probably by PKC, affects RYR1-mediated calcium ion release, interaction with TRPC3, and skeletal muscle myotubule development",1
1882,O43524,Forkhead box protein O3,"In the presence of survival factors such as IGF1, phosphorylated on Thr-32 and Ser-253 by AKT1/PKB (PubMed:10102273). This phosphorylated form then interacts with 14-3-3 proteins and is retained in the cytoplasm (PubMed:10102273). Survival factor withdrawal induces dephosphorylation and promotes translocation to the nucleus where the dephosphorylated protein induces transcription of target genes and triggers apoptosis (PubMed:10102273). Although AKT1/PKB doesn't appear to phosphorylate Ser-315 directly, it may activate other kinases that trigger phosphorylation at this residue (PubMed:10102273, PubMed:11154281). Phosphorylated by STK4/MST1 on Ser-209 upon oxidative stress, which leads to dissociation from YWHAB/14-3-3-beta and nuclear translocation (PubMed:16751106). Phosphorylated by PIM1 (PubMed:18593906). Phosphorylation by AMPK leads to the activation of transcriptional activity without affecting subcellular localization (PubMed:17711846). In response to metabolic stress, phosphorylated by AMPK on Ser-30 which mediates FOXO3 mitochondrial translocation (PubMed:29445193). Phosphorylation by MAPKAPK5 promotes nuclear localization and DNA-binding, leading to induction of miR-34b and miR-34c expression, 2 post-transcriptional regulators of MYC that bind to the 3'UTR of MYC transcript and prevent its translation (PubMed:21329882). Phosphorylated by CHUK/IKKA and IKBKB/IKKB (PubMed:15084260). TNF-induced inactivation of FOXO3 requires its phosphorylation at Ser-644 by IKBKB/IKKB which promotes FOXO3 retention in the cytoplasm, polyubiquitination and ubiquitin-mediated proteasomal degradation (PubMed:15084260). May be dephosphorylated by calcineurin A on Ser-299 which abolishes FOXO3 transcriptional activity (By similarity). In cancer cells, ERK mediated-phosphorylation of Ser-12 is required for mitochondrial translocation of FOXO3 in response to metabolic stress or chemotherapeutic agents (PubMed:29445193). Phosphorylation at Ser-253 promotes its degradation by the proteasome (PubMed:30513302). Dephosphorylation at Ser-253 by protein phosphatase 2A (PPP2CA) promotes its stabilization; interaction with PPP2CA is enhanced by AMBRA1 (PubMed:30513302)",1
1893,Q15287,RNA-binding protein with serine-rich domain 1,"Phosphorylated on one or more of the four Ser/Thr residues (Ser-43, Thr-49, Ser-52 or Ser-53). Ser-53 phosphorylation site is important for splicing and translation stimulation activity in vitro",0
1895,Q13257,Mitotic spindle assembly checkpoint protein MAD2A,Phosphorylated on multiple serine residues. The level of phosphorylation varies during the cell cycle and is highest during mitosis. Phosphorylation abolishes interaction with MAD1L1 and reduces interaction with CDC20. Phosphorylated by NEK2,1
1899,Q9H040,DNA-dependent metalloprotease SPRTN,Phosphorylation by CHEK1 promotes recruitment to chromatin,0
1902,Q96KK5,Histone H2A type 1-H,Phosphorylation on Ser-2 (H2AS1ph) is enhanced during mitosis. Phosphorylation on Ser-2 by RPS6KA5/MSK1 directly represses transcription. Acetylation of H3 inhibits Ser-2 phosphorylation by RPS6KA5/MSK1. Phosphorylation at Thr-121 (H2AT120ph) by DCAF1 is present in the regulatory region of many tumor suppresor genes and down-regulates their transcription,0
1909,Q96SB3,Neurabin-2,"Stimulation of D1 (but not D2) dopamine receptors induces Ser-94 phosphorylation. Dephosphorylation of Ser-94 is mediated mainly by PP1 and to a lesser extent by PP2A. Phosphorylation of spinophilin disrupts its association with F-actin, but does not affect its binding to PP1 (By similarity)",0
1910,O00168,Phospholemman,"Major plasma membrane substrate for cAMP-dependent protein kinase (PKA) and protein kinase C (PKC) in several different tissues (By similarity). Phosphorylated in response to insulin and adrenergic stimulation (By similarity). Phosphorylation at Ser-88 stimulates sodium/potassium-transporting ATPase activity while the unphosphorylated form inhibits sodium/potassium-transporting ATPase activity (By similarity). Phosphorylation increases tetramerization, decreases binding to ATP1A1 and reduces inhibition of ATP1A1 activity (By similarity). Phosphorylation at Ser-83 leads to greatly reduced interaction with ATP1A1, ATP1A2 and ATP1A3 (By similarity). May be phosphorylated by DMPK (PubMed:10811636)",0
1911,O00168,Phospholemman,Palmitoylation increases half-life and stability and is enhanced upon phosphorylation at Ser-88 by PKA,0
1918,Q00G26,Perilipin-5,Phosphorylated by PKA. Phosphorylated on serine in skeletal muscle at rest or upon lipolytic stimulation (By similarity),1
1921,Q07955,Serine/arginine-rich splicing factor 1,"Phosphorylated by CLK1, CLK2, CLK3 and CLK4. Phosphorylated by SRPK1 at multiple serines in its RS domain via a directional (C-terminal to N-terminal) and a dual-track mechanism incorporating both processive phosphorylation (in which the kinase stays attached to the substrate after each round of phosphorylation) and distributive phosphorylation steps (in which the kinase and substrate dissociate after each phosphorylation event). The RS domain of SRSF1 binds to a docking groove in the large lobe of the kinase domain of SRPK1 and this induces certain structural changes in SRPK1 and/or RRM 2 domain of SRSF1, allowing RRM 2 to bind the kinase and initiate phosphorylation. The cycles continue for several phosphorylation steps in a processive manner (steps 1-8) until the last few phosphorylation steps (approximately steps 9-12). During that time, a mechanical stress induces the unfolding of the beta-4 motif in RRM 2, which then docks at the docking groove of SRPK1. This also signals RRM 2 to begin to dissociate, which facilitates SRSF1 dissociation after phosphorylation is completed",1
1923,P15515,Histatin-1,Phosphorylated,0
1926,Q8TF40,Folliculin-interacting protein 1,"Phosphorylated by AMPK in response to energetic stress (PubMed:17028174, PubMed:37079666). Phosphorylation by AMPK in response to mitochondrial damage promotes inactivation of the non-canonical mTORC1 signaling, nuclear translocation of TFEB and TFE3, inducing transcription of lysosomal or autophagy genes (PubMed:37079666). Sequential phosphorylation by CK2 promotes its gradual interaction with HSP90AA1/Hsp90 (PubMed:30699359). Priming phosphorylation at Ser-938 is followed by relay phosphorylation at Ser-939, Ser-941, Ser-946 and Ser-948, promoting its gradual interaction with HSP90AA1/Hsp90 (PubMed:30699359). This leads to incremental inhibition of HSP90AA1/Hsp90 ATPase activity and gradual activation of both kinase and non-kinase clients (PubMed:30699359). Dephosphorylated by protein phosphatase 5 (PP5), promoting glycosylation by OGT (PubMed:30699359)",1
1927,Q8TF40,Folliculin-interacting protein 1,GlcNAcylation at Ser-938 by OGT following dephosphorylation by protein phosphatase 5 (PP5) promotes ubiquitination and degradation by the proteasome,0
1931,Q92985,Interferon regulatory factor 7,"In response to a viral infection, phosphorylated on Ser-477 and Ser-479 by TBK1 and IKBKE1. Phosphorylation, and subsequent activation is inhibited by vaccinia virus protein E3. In TLR7- and TLR9-mediated signaling pathway, phosphorylated by IRAK1",0
1940,P32121,Beta-arrestin-2,"Phosphorylated at Thr-382 in the cytoplasm; probably dephosphorylated at the plasma membrane. The phosphorylation does not regulate internalization and recycling of ADRB2, interaction with clathrin or AP2B1",0
1943,P61073,C-X-C chemokine receptor type 4,"Phosphorylated on agonist stimulation. Rapidly phosphorylated on serine and threonine residues in the C-terminal. Phosphorylation at Ser-324 and Ser-325 leads to recruitment of ITCH, ubiquitination and protein degradation",0
1944,P61073,C-X-C chemokine receptor type 4,"Ubiquitinated after ligand binding, leading to its degradation (PubMed:28978524). Ubiquitinated by ITCH at the cell membrane on agonist stimulation (PubMed:14602072, PubMed:34927784). The ubiquitin-dependent mechanism, endosomal sorting complex required for transport (ESCRT), then targets CXCR4 for lysosomal degradation. This process is dependent also on prior Ser-/Thr-phosphorylation in the C-terminal of CXCR4. Also binding of ARRB1 to STAM negatively regulates CXCR4 sorting to lysosomes though modulating ubiquitination of SFR5S",0
1948,Q9Y294,Histone chaperone ASF1A,"Phosphorylated by TLK1 and TLK2 (PubMed:11470414, PubMed:20016786, PubMed:35136069). Highly phosphorylated in S-phase and at lower levels in M-phase (PubMed:11470414). TLK2-mediated phosphorylation at Ser-192 prevents proteasome-dependent degradation (PubMed:20016786). Phosphorylation at Ser-192 by PRKDC in response to DNA damage promotes the histone chaperone activity and ability to replace histones at double-strand breaks (DSBs) at stalled or collapsed replication forks, leading to RAD51 recruitment (PubMed:29478807)",1
1949,Q05397,Focal adhesion kinase 1,"Phosphorylated on tyrosine residues upon activation, e.g. upon integrin signaling. Tyr-397 is the major autophosphorylation site, but other kinases can also phosphorylate this residue. Phosphorylation at Tyr-397 promotes interaction with SRC and SRC family members, leading to phosphorylation at Tyr-576, Tyr-577 and at additional tyrosine residues. FGR promotes phosphorylation at Tyr-397 and Tyr-576. FER promotes phosphorylation at Tyr-577, Tyr-861 and Tyr-925, even when cells are not adherent. Tyr-397, Tyr-576 and Ser-722 are phosphorylated only when cells are adherent. Phosphorylation at Tyr-397 is important for interaction with BMX, PIK3R1 and SHC1. Phosphorylation at Tyr-925 is important for interaction with GRB2. Dephosphorylated by PTPN11; PTPN11 is recruited to PTK2 via EPHA2 (tyrosine phosphorylated). Microtubule-induced dephosphorylation at Tyr-397 is crucial for the induction of focal adhesion disassembly; this dephosphorylation could be catalyzed by PTPN11 and regulated by ZFYVE21. Phosphorylation on tyrosine residues is enhanced by NTN1 (By similarity)",0
1950,Q05397,Focal adhesion kinase 1,Sumoylated; this enhances autophosphorylation,0
1953,Q99986,Serine/threonine-protein kinase VRK1,"Autophosphorylated at various serine and threonine residues (PubMed:11883897, PubMed:14645249, PubMed:19103756, PubMed:21543316). Autophosphorylation does not impair its ability to phosphorylate p53/TP53 (PubMed:11883897). Phosphorylation by PLK3 leads to induction of Golgi fragmentation during mitosis (PubMed:19103756)",1
1955,Q15418,Ribosomal protein S6 kinase alpha-1,"Activated by phosphorylation at Ser-221 by PDPK1. Autophosphorylated on Ser-380, as part of the activation process. May be phosphorylated at Thr-359 and Ser-363 by MAPK1/ERK2 and MAPK3/ERK1",1
1957,Q8N122,Regulatory-associated protein of mTOR,"Insulin-stimulated phosphorylation at Ser-863 by MTOR and MAPK8 regulates mTORC1 activity (PubMed:19864431). Phosphorylated at Ser-863 by NLK in response to stress, disrupting the interaction with small GTPases Rag (RagA/RRAGA, RagB/RRAGB, RagC/RRAGC and/or RagD/RRAGD), thereby preventing lysosome recruitment and activation of the mTORC1 complex (PubMed:26588989). Osmotic stress also induces phosphorylation at Ser-696, Thr-706 and Ser-863 by MAPK8 (PubMed:19864431, PubMed:22493283). Ser-863 phosphorylation is required for phosphorylation at Ser-855 and Ser-859 (PubMed:19864431). In response to nutrient limitation, phosphorylated at Ser-722 and Ser-792 by AMPK; phosphorylation promotes interaction with 14-3-3 proteins, leading to negative regulation of the mTORC1 complex (PubMed:18439900). Phosphorylation at Ser-722 and Ser-792 by AMPK in response to glucose starvation inhibits O-GlcNAcylation by OGT and subsequent activation of mTORC1 (PubMed:37541260). In response to growth factors, phosphorylated at Ser-719, Ser-721 and Ser-722 by RPS6KA1, which stimulates mTORC1 activity (PubMed:18439900, PubMed:18722121). Phosphorylation at Ser-791 by PKA downstream of cAMP inhibits the mTORC1 complex (PubMed:31112131). Phosphorylated at Ser-877 by TBK1, leading to negative regulation of the mTORC1 complex (PubMed:31530866)",1
1958,Q8N122,Regulatory-associated protein of mTOR,"O-GlcNAcylated by OGT upon glucose sufficiency, promoting interaction with small GTPases Rag (RagA/RRAGA, RagB/RRAGB, RagC/RRAGC and/or RagD/RRAGD) and subsequent recruitment of mTORC1 to lysosomal membranes, leading to activation of the mTORC1 complex (PubMed:37541260). Phosphorylation at Ser-722 and Ser-792 by AMPK in response to glucose starvation inhibits O-GlcNAcylation (PubMed:37541260)",0
1963,P16234,Platelet-derived growth factor receptor alpha,"Autophosphorylated on tyrosine residues upon ligand binding. Autophosphorylation occurs in trans, i.e. one subunit of the dimeric receptor phosphorylates tyrosine residues on the other subunit. Phosphorylation at Tyr-731 and Tyr-742 is important for interaction with PIK3R1. Phosphorylation at Tyr-720 and Tyr-754 is important for interaction with PTPN11. Phosphorylation at Tyr-762 is important for interaction with CRK. Phosphorylation at Tyr-572 and Tyr-574 is important for interaction with SRC and SRC family members. Phosphorylation at Tyr-988 and Tyr-1018 is important for interaction with PLCG1",0
1964,P27695,DNA repair nuclease/redox regulator APEX1,Phosphorylated. Phosphorylation by kinase PKC or casein kinase CK2 results in enhanced redox activity that stimulates binding of the FOS/JUN AP-1 complex to its cognate binding site. AP-endodeoxyribonuclease activity is not affected by CK2-mediated phosphorylation. Phosphorylation of Thr-233 by CDK5 reduces AP-endodeoxyribonuclease activity resulting in accumulation of DNA damage and contributing to neuronal death,1
1969,Q00613,Heat shock factor protein 1,"Phosphorylated (PubMed:10359787, PubMed:11583998, PubMed:26159920, PubMed:9499401). Phosphorylated in unstressed cells; this phosphorylation is constitutive and implicated in the repression of HSF1 transcriptional activity (PubMed:16278218, PubMed:8940068, PubMed:8946918, PubMed:9121459). Phosphorylated on Ser-121 by MAPKAPK2; this phosphorylation promotes interaction with HSP90 proteins and inhibits HSF1 homotrimerization, DNA-binding and transactivation activities (PubMed:16278218). Phosphorylation on Ser-303 by GSK3B/GSK3-beta and on Ser-307 by MAPK3 within the regulatory domain is involved in the repression of HSF1 transcriptional activity and occurs in a RAF1-dependent manner (PubMed:10747973, PubMed:12646186, PubMed:8940068, PubMed:8946918, PubMed:9121459, PubMed:9535852). Phosphorylation on Ser-303 and Ser-307 increases HSF1 nuclear export in a YWHAE- and XPO1/CRM1-dependent manner (PubMed:12917326). Phosphorylation on Ser-307 is a prerequisite for phosphorylation on Ser-303 (PubMed:8940068). According to PubMed:9535852, Ser-303 is not phosphorylated in unstressed cells. Phosphorylated on Ser-419 by PLK1; phosphorylation promotes nuclear translocation upon heat shock (PubMed:15661742). Hyperphosphorylated upon heat shock and during the attenuation and recovery phase period of the heat shock response (PubMed:11447121, PubMed:12659875, PubMed:24581496). Phosphorylated on Thr-142; this phosphorylation increases HSF1 transactivation activity upon heat shock (PubMed:12659875). Phosphorylation on Ser-230 by CAMK2A; this phosphorylation enhances HSF1 transactivation activity upon heat shock (PubMed:11447121). Phosphorylation on Ser-326 by MAPK12; this phosphorylation enhances HSF1 nuclear translocation, homotrimerization and transactivation activities upon heat shock (PubMed:15760475, PubMed:27354066). Phosphorylated on Ser-320 by PRKACA/PKA; this phosphorylation promotes nuclear localization and transcriptional activity upon heat shock (PubMed:21085490). Phosphorylated on Ser-363 by MAPK8; this phosphorylation occurs upon heat shock, induces HSF1 translocation into nuclear stress bodies and negatively regulates transactivation activity (PubMed:10747973). Neither basal nor stress-inducible phosphorylation on Ser-230, Ser-292, Ser-303, Ser-307, Ser-314, Ser-319, Ser-320, Thr-323, Ser-326, Ser-338, Ser-344, Ser-363, Thr-367, Ser-368 and Thr-369 within the regulatory domain is involved in the regulation of HSF1 subcellular localization or DNA-binding activity; however, it negatively regulates HSF1 transactivation activity (PubMed:25963659). Phosphorylated on Ser-216 by PLK1 in the early mitotic period; this phosphorylation regulates HSF1 localization to the spindle pole, the recruitment of the SCF(BTRC) ubiquitin ligase complex inducing HSF1 degradation, and hence mitotic progression (PubMed:18794143). Dephosphorylated on Ser-121, Ser-307, Ser-314, Thr-323 and Thr-367 by phosphatase PPP2CA in an IER5-dependent manner, leading to HSF1-mediated transactivation activity (PubMed:26754925)",1
1970,Q00613,Heat shock factor protein 1,"Sumoylated with SUMO1 and SUMO2 upon heat shock in a ERK2-dependent manner (PubMed:12646186, PubMed:12665592). Sumoylated by SUMO1 on Lys-298; sumoylation occurs upon heat shock and promotes its localization to nuclear stress bodies and DNA-binding activity (PubMed:11514557). Phosphorylation on Ser-303 and Ser-307 is probably a prerequisite for sumoylation (PubMed:12646186, PubMed:12665592)",0
1972,Q00613,Heat shock factor protein 1,Ubiquitinated by SCF(BTRC) and degraded following stimulus-dependent phosphorylation at Ser-216 by PLK1 in mitosis (PubMed:18794143). Polyubiquitinated (PubMed:24581496). Undergoes proteasomal degradation upon heat shock and during the attenuation and recovery phase period of the heat shock response (PubMed:24581496),0
1981,P33778,Histone H2B type 1-B,"Phosphorylation at Ser-37 (H2BS36ph) by AMPK in response to stress promotes transcription (By similarity). Phosphorylated on Ser-15 (H2BS14ph) by STK4/MST1 during apoptosis; which facilitates apoptotic chromatin condensation (PubMed:12757711). Also phosphorylated on Ser-15 in response to DNA double strand breaks (DSBs), and in correlation with somatic hypermutation and immunoglobulin class-switch recombination",0
1983,P33778,Histone H2B type 1-B,"ADP-ribosylated by PARP1 or PARP2 on Ser-7 (H2BS6ADPr) in response to DNA damage (PubMed:34874266). H2BS6ADPr promotes recruitment of CHD1L (PubMed:34874266). Mono-ADP-ribosylated on Glu-3 (H2BE2ADPr) by PARP3 in response to single-strand breaks (PubMed:27530147). Poly ADP-ribosylation on Glu-36 (H2BE35ADPr) by PARP1 regulates adipogenesis: it inhibits phosphorylation at Ser-37 (H2BS36ph), thereby blocking expression of pro-adipogenetic genes (By similarity)",0
1988,Q9Y2D1,Cyclic AMP-dependent transcription factor ATF-5,"Phosphorylated by NLK, probably at Ser-92, Thr-94, Ser-126 and Ser-190",0
1990,Q13621,Solute carrier family 12 member 1,"Phosphorylated at Ser-91, Thr-100 and Thr-105 by OXSR1/OSR1 and STK39/SPAK downstream of WNK kinases (WNK1, WNK2, WNK3 or WNK4), promoting its activity",1
1994,Q14934,"Nuclear factor of activated T-cells, cytoplasmic 4","Phosphorylated by NFATC-kinases; dephosphorylated by calcineurin/PPP3CA. Phosphorylated on Ser-168 and Ser-170 by MTOR, IRAK1, MAPK7/ERK5 and MAPK14/p38, on Ser-213 and Ser-217 by MAPK8/JNK1 and MAPK9/JNK2, and on Ser-289 and Ser-344 by RPS6KA3 (PubMed:11997522, PubMed:17213202, PubMed:17875713, PubMed:18347059). Phosphorylated by GSK3B (PubMed:18347059). Phosphorylation by GSK3B markedly increases NFATC4 ubiquitination (By similarity). Phosphorylation at Ser-168 and Ser-170 is stimulated by UV irradiation (PubMed:18347059). Phosphorylation determines subcellular location: the hyperphosphorylated protein is cytosolic, while the dephosphorylated form is targeted to the nucleus",1
1995,Q14934,"Nuclear factor of activated T-cells, cytoplasmic 4","Ubiquitinated, leading to degradation by the proteasome. Ubiquitination may be stimulated by GSK3B-dependent phosphorylation. Polyubiquitin linkage mainly occurs through 'Lys-48'",0
1997,Q8IUX7,Adipocyte enhancer-binding protein 1,Phosphorylated by MAPK1 in vitro,1
1999,Q9UPN4,Centrosomal protein of 131 kDa,MAPKAPK2-dependent phosphorylation at Ser-47 and Ser-78 occurs in response to cellular stress such as exposure to ultraviolet irradiation and promotes binding to 14-3-3 proteins which leads to cytoplasmic sequestration of CEP131 and blocks formation of new centriolar satellites (PubMed:26616734). Phosphorylation at Ser-78 mediated by PLK4 is essential for proper organization and integrity of centriolar satellites but is dispensable for its localization to centrioles and its function in ciliogenesis (PubMed:30804208),0
2002,P16150,Leukosialin,"Phosphorylation at Ser-355 is regulated by chemokines, requires its association with ERM proteins (EZR, RDX and MSN) and is essential for its function in the regulation of T-cell trafficking to lymph nodes",0
2017,P46937,Transcriptional coactivator YAP1,"Phosphorylated by LATS1 and LATS2; leading to cytoplasmic translocation and inactivation (PubMed:18158288, PubMed:20048001). Phosphorylated by ABL1; leading to YAP1 stabilization, enhanced interaction with TP73 and recruitment onto proapoptotic genes; in response to DNA damage (PubMed:18280240). Phosphorylation at Ser-400 and Ser-403 by CK1 is triggered by previous phosphorylation at Ser-397 by LATS proteins and leads to YAP1 ubiquitination by SCF(beta-TRCP) E3 ubiquitin ligase and subsequent degradation (PubMed:20048001). Phosphorylated at Thr-119, Ser-138, Thr-154, Ser-367 and Thr-412 by MAPK8/JNK1 and MAPK9/JNK2, which is required for the regulation of apoptosis by YAP1 (PubMed:21364637). Phosphorylated in the nucleus by PRP4K; phosphorylation leads to nuclear exclusion (PubMed:29695716)",1
2024,Q13542,Eukaryotic translation initiation factor 4E-binding protein 2,"Phosphorylation at Thr-37, Thr-46, Ser-65, Thr-70 and Ser-83 is mediated by MTOR and corresponds to the hyperphosphorylated form: it abolishes binding to EIF4E by inducing folding of intrinsically disordered regions (PubMed:24207126, PubMed:25533957). First phosphorylated at Thr-37 and Thr-46 by MTOR, inducing folding of region encompassing residues from Pro-18 to Arg-62 of into a four-stranded beta-domain that sequesters the helical YXXXXLPhi motif into a partly buried beta-strand, blocking accessibility to EIF4E. Protein phosphorylated at Thr-37 and Thr-46 is however unstable and subsequent phosphorylation at Ser-65, Thr-70 and Ser-83 is required to stabilize the fold, decreasing affinity for EIF4E by a factor of 4000 (PubMed:24207126, PubMed:25533957). Phosphorylated in response to insulin, EGF and PDGF",1
2025,Q13542,Eukaryotic translation initiation factor 4E-binding protein 2,"Deamidated at Asn-99 and Asn-102 to aspartate (Asp) in brain. Deamidation promotes interaction with RPTOR, subsequent phosphorylation by mTORC1 and increased translation, leading to impair kinetics of excitatory synaptic transmission. Deamidation takes place during postnatal development, when the PI3K-Akt-mTOR signaling is reduced, suggesting it acts as a compensatory mechanism to promote translation despite attenuated PI3K-Akt-mTOR signaling in neuron development. Deamidation converts Asn residues into a mixture of Asp and isoaspartate; interactions with PCMT1 is required to prevent isoaspartate accumulation and convert isoaspartate to Asp",0
2028,Q14849,StAR-related lipid transfer protein 3,"Phosphorylation at Ser-209 is necessary and sufficient for the direct interaction of the phosphorylated FFAT motif with the MSP domain of MOSPD2, VAPA and VAPB and allows the tethering of two membranes that participates in the formation of ER-endosome contacts (PubMed:33124732). Phosphorylation of the FFAT motif leads to conformation changes (PubMed:33124732). Additional phosphorylations around the core FFAT motif (QFYSPPE) are not essential but strengthen the interaction with MOSPD2, VAPA and VAPB (PubMed:33124732). Phosphorylation at Ser-209 of FFAT motif drives membrane tethering between the endoplasmic reticulum and late endosomes via interaction with VAPA and VAPB that in turn allows the efficient transport of sterol mediated by the START domain (PubMed:33124732)",0
2038,O15534,Period circadian protein homolog 1,"Phosphorylated on serine residues by CSNK1D, CSNK1E and probably also by CSNK1G2. Phosphorylation by CSNK1D or CSNK1E promotes nuclear location of PER proteins as well as ubiquitination and subsequent degradation. May be dephosphorylated by PP1",1
2039,O15534,Period circadian protein homolog 1,Ubiquitinated; requires phosphorylation by CSNK1E and interaction with BTRC and FBXW11. Deubiquitinated by USP2 (By similarity),0
2040,P15927,Replication protein A 32 kDa subunit,"Differentially phosphorylated throughout the cell cycle, becoming phosphorylated at the G1-S transition and dephosphorylated in late mitosis. Mainly phosphorylated at Ser-23 and Ser-29, by cyclin A-CDK2 and cyclin B-CDK1, respectively during DNA replication and mitosis. Dephosphorylation may require the serine/threonine-protein phosphatase 4. Phosphorylation at Ser-23 and Ser-29 is a prerequisite for further phosphorylation. Becomes hyperphosphorylated on additional residues including Ser-4, Ser-8, Thr-21 and Ser-33 in response to DNA damage. Hyperphosphorylation is mediated by ATM, ATR and PRKDC. Primarily recruited to DNA repair nuclear foci as a hypophosphorylated form it undergoes subsequent hyperphosphorylation, catalyzed by ATR. Hyperphosphorylation is required for RAD51 recruitment to chromatin and efficient DNA repair. Phosphorylation at Thr-21 depends upon RFWD3 presence",0
2044,P56178,Homeobox protein DLX-5,Phosphorylated. Phosphorylation of Ser-34 and Ser-217 by MAPK14 enhances its transcriptional activity. Phosphorylation by CaMK2 increases its protein stability (By similarity),0
2045,P08235,Mineralocorticoid receptor,Phosphorylated,0
2046,P25963,NF-kappa-B inhibitor alpha,"Phosphorylated at Ser-32 and Ser-36 by IKKA/CHUK and IKKB/IKBKB; disables inhibition of NF-kappa-B DNA-binding activity (PubMed:10329681, PubMed:10882136, PubMed:7628694, PubMed:7796813, PubMed:7878466, PubMed:8631829, PubMed:9701247). Phosphorylation at positions 32 and 36 is prerequisite to recognition by the SCF(FBXW11) and SCF(BTRC) complexes, leading to polyubiquitination and subsequent degradation (PubMed:10329681, PubMed:7628694, PubMed:8631829, PubMed:9701247). Phosphorylated at Ser-32 in response to FK506 treatment: phosphorylation is independent of IKKA/CHUK and IKKB/IKBKB and promotes NFKBIA degradation, followed by NF-kappa-B activation (PubMed:10574930). Phosphorylated at Tyr-42: its effect is however unclear (PubMed:8797825, PubMed:8940099). According to a report, phosphorylation at Tyr-42 activates NF-kappa-B without triggering proteolytic degradation of NFKBIA (PubMed:8797825). According to another publication, phosphorylation at Tyr-42 inhibits NF-kappa-B activity by preventing phosphorylation at Ser-32 and Ser-36 and subsequent ubiquitination and degradation (PubMed:8940099)",1
2047,P25963,NF-kappa-B inhibitor alpha,"Polyubiquitinated at Lys-21 and/or Lys-22 following phosphorylation at Ser-32 and Ser-36 (PubMed:10329681, PubMed:20347421, PubMed:7479976, PubMed:8631829, PubMed:9701247). Monoubiquitinated at Lys-21 and/or Lys-22 by UBE2D3 (PubMed:10329681, PubMed:20347421, PubMed:7479976). Ubiquitin chain elongation is then performed by CDC34 in cooperation with the SCF(FBXW11) E3 ligase complex, building ubiquitin chains from the UBE2D3-primed NFKBIA-linked ubiquitin (PubMed:10437795, PubMed:20347421). The resulting polyubiquitination leads to protein degradation (PubMed:20347421, PubMed:7479976, PubMed:7628694). Also ubiquitinated by the SCF(BTRC) complex following stimulus-dependent phosphorylation at Ser-32 and Ser-36 (PubMed:10644755). Deubiquitinated by USP38, leading to NF-kappa-B inhibition (PubMed:36651806)",0
2058,P16070,CD44 antigen,"Phosphorylated; activation of PKC results in the dephosphorylation of Ser-706 (constitutive phosphorylation site), and the phosphorylation of Ser-672",0
2061,P12004,Proliferating cell nuclear antigen,Phosphorylated. Phosphorylation at Tyr-211 by EGFR stabilizes chromatin-associated PCNA,1
2065,Q14814,Myocyte-specific enhancer factor 2D,"Phosphorylated on Ser-444 by CDK5 is required for Lys-439 sumoylation and inhibits transcriptional activity. In neurons, enhanced CDK5 activity induced by neurotoxins promotes caspase 3-mediated cleavage leading to neuron apoptosis. Phosphorylation on Ser-180 can be enhanced by EGF. Phosphorylated and activated by CaMK4",0
2068,Q14814,Myocyte-specific enhancer factor 2D,Proteolytically cleaved in cerebellar granule neurons on several sites by caspase 7 following neurotoxicity. Preferentially cleaves the CDK5-mediated hyperphosphorylated form which leads to neuron apoptosis and transcriptional inactivation (By similarity),0
2069,Q96S59,Ran-binding protein 9,Phosphorylated in response to stress. Can be phosphorylated by the cleaved p110 form of CDC2L1 (p110C),1
2071,Q9NZV8,A-type voltage-gated potassium channel KCND2,"Phosphorylation at Ser-438 in response to MAPK activation is increased in stimulated dendrites. Interaction with KCNIP2 and DPP6 propomtes phosphorylation by PKA at Ser-552. Phosphorylation at Ser-552 has no effect on interaction with KCNIP3, but is required for the regulation of channel activity by KCNIP3. Phosphorylation at Ser-552 leads to KCND2 internalization (By similarity). Phosphorylated by MAPK in response to signaling via the metabotropic glutamate receptor GRM5 (By similarity). Phosphorylation at Ser-616 is required for the down-regulation of neuronal A-type currents in response to signaling via GRM5 (By similarity)",0
2073,P23588,Eukaryotic translation initiation factor 4B,"Phosphorylated at Ser-422 by RPS6KA1 and RPS6KB1; phosphorylation enhances the affinity of EIF4B for the EIF3 complex. In response to mTORC1 activation, RPS6KA1-mediated phosphorylation at 'Ser-406' and 'Ser-422' stimulates bicarbonate cotransporter SLC4A7 mRNA translation, increasing SLC4A7 protein abundance and function",1
2074,O95644,"Nuclear factor of activated T-cells, cytoplasmic 1","Phosphorylated by NFATC-kinase and GSK3B; phosphorylation induces NFATC1 nuclear exit and dephosphorylation by calcineurin promotes nuclear import. Phosphorylation by PKA and DYRK2 negatively modulates nuclear accumulation, and promotes subsequent phosphorylation by GSK3B or casein kinase 1",1
2075,P26651,mRNA decay activator protein ZFP36,"Phosphorylated. Phosphorylation at serine and/or threonine residues occurs in a p38 MAPK- and MAPKAPK2-dependent manner (PubMed:16702957). Phosphorylated by MAPKAPK2 at Ser-60 and Ser-186; phosphorylation increases its stability and cytoplasmic localization, promotes binding to 14-3-3 adapter proteins and inhibits the recruitment of cytoplasmic CCR4-NOT and PAN2-PAN3 deadenylase complexes to the mRNA decay machinery, thereby inhibiting ZFP36-induced ARE-containing mRNA deadenylation and decay processes. Phosphorylation by MAPKAPK2 does not impair ARE-containing RNA-binding. Phosphorylated in a MAPKAPK2- and p38 MAPK-dependent manner upon skeletal muscle satellite cell activation; this phosphorylation inhibits ZFP36-mediated mRNA decay activity, and hence stabilizes MYOD1 mRNA (By similarity). Phosphorylated by MAPK1 upon mitogen stimulation (By similarity). Phosphorylated at Ser-66 and Ser-93; these phosphorylations increase in a SH3KBP1-dependent manner (PubMed:20221403). Phosphorylated at serine and threonine residues in a pyruvate kinase PKM- and p38 MAPK-dependent manner (PubMed:26926077). Phosphorylation at Ser-60 may participate in the PKM-mediated degradation of ZFP36 in a p38 MAPK-dependent manner (PubMed:26926077). Dephosphorylated by serine/threonine phosphatase 2A at Ser-186 (By similarity)",1
2077,Q02156,Protein kinase C epsilon type,"Phosphorylation on Thr-566 by PDPK1 triggers autophosphorylation on Ser-729 (PubMed:11964154). Phosphorylation in the hinge domain at Ser-350 by MAPK11 or MAPK14, Ser-346 by GSK3B and Ser-368 by autophosphorylation is required for interaction with YWHAB (PubMed:19662078). In response to growth factors, phosphorylated at Thr-703 and Ser-729 by the mTORC2 complex, promoting autophosphorylation and activation of PRKCE (PubMed:21806543)",1
2079,Q99638,Cell cycle checkpoint control protein RAD9A,"Constitutively phosphorylated on serine and threonine amino acids in absence of DNA damage (PubMed:12628935). Hyperphosphorylated by PRKCD and ABL1 upon DNA damage (PubMed:11971963, PubMed:12709442). Its phosphorylation by PRKCD may be required for the formation of the 9-1-1 complex (PubMed:12628935). Phosphorylated at Ser-341 and Ser-387 by CK2, promoting interaction with TOPBP1 (PubMed:17575048, PubMed:20545769)",1
2081,Q9BZW8,Natural killer cell receptor 2B4,Phosphorylated by FYN and CSK on tyrosine residues following activation (PubMed:11034353). Coligation with inhibitory receptors such as KIR2DL1 inhibits phosphorylation upon contact of NK cells with sensitive target cells (PubMed:10358138),0
2086,Q13568,Interferon regulatory factor 5,"Phosphorylation of serine and threonine residues by IKBKB in a C-terminal autoinhibitory region, stimulates dimerization, transport into the nucleus, assembly with the coactivator CBP/EP300 and initiation of transcription",1
2092,P19532,Transcription factor E3,"Phosphorylation ar Ser-47 and Ser-321 by MTOR via non-canonical mTORC1 pathway regulates its stability and subcellular location, respectively (PubMed:21209915, PubMed:24448649, PubMed:30733432, PubMed:36608670). When nutrients are present, phosphorylation by MTOR at Ser-47 promotes ubiquitination by the SCF(BTRC) complex, followed by degradation (PubMed:36608670). When nutrients are present, phosphorylation by MTOR at Ser-321 also promotes association with 14-3-3/YWHA adapters and retention in the cytosol (PubMed:24448649, PubMed:30733432). Phosphorylation at Ser-47 plays a more critical role than phosphorylation at Ser-321 for TFE3 inactivation (PubMed:36608670). Inhibition of mTORC1, starvation and lysosomal disruption, promotes dephosphorylation and transcription factor activity (PubMed:30733432, PubMed:36608670)",0
2093,P19532,Transcription factor E3,"Ubiquitinated by the SCF(BTRC) and SCF(FBXW11) complexes following phosphorylation at Ser-47 by MTOR, leading to its degradation by the proteasome",0
2095,Q13882,Protein-tyrosine kinase 6,Autophosphorylated. Autophosphorylation of Tyr-342 leads to an increase of kinase activity. Tyr-447 binds to the SH2 domain when phosphorylated and negatively regulates kinase activity,1
2098,Q9P270,SLAIN motif-containing protein 2,"Is highly phosphorylated during mitosis, but not during interphase. The highly phosphorylated form does not localize at microtubule plus ends and does not interact with MAPRE1 or CKAP5",0
2104,Q15464,SH2 domain-containing adapter protein B,"Phosphorylated upon PDGFRA, PDGFRB, TCR, IL2 receptor, FGFR1 or VEGFR2 activation",0
2105,Q9Y6A9,Signal peptidase complex subunit 1,May be phosphorylated,0
2111,Q92900,Regulator of nonsense transcripts 1,Phosphorylated by SMG1; required for formation of mRNA surveillance complexes,1
2113,O00141,Serine/threonine-protein kinase Sgk1,"Regulated by phosphorylation (PubMed:10191262, PubMed:11096081, PubMed:18925875, PubMed:20338997, PubMed:36373794). Activated by phosphorylation on Ser-422 by mTORC2, transforming it into a substrate for PDPK1 which phosphorylates it on Thr-256 (PubMed:10191262, PubMed:18925875, PubMed:20338997, PubMed:36373794). Phosphorylation on Ser-397 and Ser-401 are also essential for its activity (PubMed:19068477). Phosphorylation on Ser-78 by MAPK7 is required for growth factor-induced cell cycle progression (PubMed:11254654)",1
2115,P06401,Progesterone receptor,"Phosphorylated on multiple serine sites. Several of these sites are hormone-dependent. Phosphorylation on Ser-294 occurs preferentially on isoform B, is highly hormone-dependent and modulates ubiquitination and sumoylation on Lys-388. Phosphorylation on Ser-102 and Ser-345 also requires induction by hormone. Basal phosphorylation on Ser-81, Ser-162, Ser-190 and Ser-400 is increased in response to progesterone and can be phosphorylated in vitro by the CDK2-A1 complex. Increased levels of phosphorylation on Ser-400 also in the presence of EGF, heregulin, IGF, PMA and FBS. Phosphorylation at this site by CDK2 is ligand-independent, and increases nuclear translocation and transcriptional activity. Phosphorylation at Ser-162 and Ser-294, but not at Ser-190, is impaired during the G(2)/M phase of the cell cycle. Phosphorylation on Ser-345 by ERK1/2 MAPK is required for interaction with SP1",1
2116,P06401,Progesterone receptor,"Sumoylation is hormone-dependent and represses transcriptional activity. Sumoylation on all three sites is enhanced by PIAS3. Desumoylated by SENP1. Sumoylation on Lys-388, the main site of sumoylation, is repressed by ubiquitination on the same site, and modulated by phosphorylation at Ser-294",0
2117,P06401,Progesterone receptor,"Ubiquitination is hormone-dependent and represses sumoylation on the same site (PubMed:10628747, PubMed:10655479, PubMed:15798179, PubMed:17173941, PubMed:17717077, PubMed:18202149, PubMed:8702648). Promoted by MAPK-mediated phosphorylation on Ser-294 (PubMed:10628747, PubMed:10655479, PubMed:15798179, PubMed:17173941, PubMed:17717077, PubMed:18202149, PubMed:8702648). Ubiquitinated by UBR5, leading to its degradation: UBR5 specifically recognizes and binds ligand-bound PGR when it is not associated with coactivators (NCOAs) (PubMed:37478846). In presence of NCOAs, the UBR5-degron is not accessible, preventing its ubiquitination and degradation (PubMed:37478846)",0
2119,Q07352,mRNA decay activator protein ZFP36L1,"Phosphorylated (PubMed:19179481). Phosphorylated by RPS6KA1 at Ser-334 upon phorbol 12-myristate 13-acetate (PMA) treatment; this phosphorylation results in dissociation of the CCR4-NOT deadenylase complex and induces p38 MAPK-mediated stabilization of the low-density lipoprotein receptor LDLR mRNA (PubMed:25106868). Phosphorylated by protein kinase AKT1 at Ser-92 and Ser-203 in response to insulin; these phosphorylations stabilize ZFP36L1, increase the association with 14-3-3 proteins and mediate ARE-containing mRNA stabilization (PubMed:15538381, PubMed:17030608). AKT1-mediated phosphorylation at Ser-92 does not impair ARE-containing RNA-binding (PubMed:15538381). Phosphorylated at Ser-54, Ser-92 and Ser-203 by MAPKAPK2; these phosphorylations increase the association with 14-3-3 proteins and mediate ARE-containing mRNA stabilization in a protein kinase AKT1-independent manner (PubMed:18326031). MAPKAPK2-mediated phosphorylations at Ser-54, Ser-92 and Ser-203 do not impair ARE-containing RNA-binding (PubMed:18326031). Phosphorylations increase the association with 14-3-3 proteins and mediate ARE-containing mRNA stabilization during early adipogenesis in a p38 MAPK- and AKT-dependent manner (By similarity)",1
2120,Q07352,mRNA decay activator protein ZFP36L1,"Ubiquitinated. Ubiquitination leads to proteasomal degradation, a process inhibited by phosphorylations at Ser-90, Ser-92 and Ser-203 (PubMed:17030608)",0
2121,Q5VWQ8,Disabled homolog 2-interacting protein,"In response to TNF-alpha-induction, phosphorylated at Ser-728; phosphorylation leads to a conformational change, and thus, increases its association with 14-3-3 proteins, MAP3K5, RIPK1 and TRAF2 in endothelial cells; also stimulates regulatory p85 subunit sequestring and PI3K-p85 complex activity inhibition",0
2129,Q93077,Histone H2A type 1-C,Phosphorylation on Ser-2 (H2AS1ph) is enhanced during mitosis. Phosphorylation on Ser-2 by RPS6KA5/MSK1 directly represses transcription. Acetylation of H3 inhibits Ser-2 phosphorylation by RPS6KA5/MSK1. Phosphorylation at Thr-121 (H2AT120ph) by DCAF1 is present in the regulatory region of many tumor suppresor genes and down-regulates their transcription,0
2134,Q16566,Calcium/calmodulin-dependent protein kinase type IV,Phosphorylated by CaMKK1 and CaMKK2 on Thr-200. Dephosphorylated by protein phosphatase 2A. Autophosphorylated on Ser-12 and Ser-13,1
2135,Q16566,Calcium/calmodulin-dependent protein kinase type IV,Glycosylation at Ser-189 modulates the phosphorylation of CaMK4 at Thr-200 and negatively regulates its activity toward CREB1 in basal conditions and during early inomycin stimulation,0
2136,Q14980,Nuclear mitotic apparatus protein 1,"Phosphorylation and dephosphorylation on Thr-2055 regulates the extent of cortical NUMA1 and the dynein-dynactin complex localization during mitotic metaphase and anaphase (PubMed:23921553). In metaphase, phosphorylation on Thr-2055 occurs in a kinase CDK1-dependent manner; this phosphorylation maintains low levels of cortical dynein-dynactin complex at metaphase, and hence proper spindle positioning (PubMed:23921553, PubMed:24371089, PubMed:7769006). In anaphase, dephosphorylated on Thr-2055 by phosphatase PPP2CA; this dephosphorylation stimulates its membrane association and with the dynein-dynactin complex its enrichment at the cell cortex, and hence robust spindle elongation (PubMed:23921553, PubMed:24371089). Probably also phosphorylated on Thr-2015 and Ser-2087 by CDK1; these phosphorylations may regulate its cell cortex recruitment during metaphase and anaphase (PubMed:23870127). Phosphorylated on Thr-1047, Ser-1769, Ser-1772, Ser-1789 and Ser-1834 by PLK1; these phosphorylations induce cortical dynein-dynactin complex dissociation from the NUMA1-GPSM2 complex and negatively regulates cortical dynein-dynactin complex localization (PubMed:22327364)",1
2138,Q14980,Nuclear mitotic apparatus protein 1,"O-glycosylated during cytokinesis at sites identical or close to phosphorylation sites, this interferes with the phosphorylation status (PubMed:20068230)",0
2143,Q96A08,Histone H2B type 1-A,"Phosphorylated at Thr-117 in spermatogonia, spermatocytes and round spermatids",0
2148,Q9GZV9,Fibroblast growth factor 23,Phosphorylation at Ser-180 mediated by FAM20C slows down glycosylation at Thr-178 notably,0
2149,P06730,Eukaryotic translation initiation factor 4E,"Phosphorylation increases the ability of the protein to bind to mRNA caps and to form the eIF4F complex (PubMed:11154262, PubMed:3112145, PubMed:7590282, PubMed:7665584, PubMed:7782323, PubMed:8505316, PubMed:9878069). Phosphorylation also enhances its mRNA transport function (By similarity). Phosphorylation at Ser-209 is not essential for protein synthesis (PubMed:11606200, PubMed:12138083)",0
2150,Q02078,Myocyte-specific enhancer factor 2A,"Constitutive phosphorylation on Ser-408 promotes Lys-403 sumoylation thus preventing acetylation at this site. Dephosphorylation on Ser-408 by PPP3CA upon neuron depolarization promotes a switch from sumoylation to acetylation on residue Lys-403 leading to inhibition of dendrite claw differentiation. Phosphorylation on Thr-312 and Thr-319 are the main sites involved in p38 MAPK signaling and activate transcription. Phosphorylated on these sites by MAPK14/p38alpha and MAPK11/p38beta, but not by MAPK13/p38delta nor by MAPK12/p38gamma. Phosphorylation on Ser-408 by CDK5 induced by neurotoxicity inhibits MEF2A transcriptional activation leading to apoptosis of cortical neurons. Phosphorylation on Thr-312, Thr-319 and Ser-355 can be induced by EGF",0
2151,Q02078,Myocyte-specific enhancer factor 2A,"Sumoylation on Lys-403 is enhanced by PIAS1 and represses transcriptional activity. Phosphorylation on Ser-408 is required for sumoylation. Has no effect on nuclear location nor on DNA binding. Sumoylated with SUMO1 and, to a lesser extent with SUMO2 and SUMO3. PIASx facilitates sumoylation in postsynaptic dendrites in the cerebellar cortex and promotes their morphogenesis (By similarity)",0
2153,Q02078,Myocyte-specific enhancer factor 2A,Proteolytically cleaved in cerebellar granule neurons on several sites by caspase 3 and caspase 7 following neurotoxicity. Preferentially cleaves the CDK5-mediated hyperphosphorylated form which leads to neuron apoptosis and transcriptional inactivation,0
2157,Q8N884,Cyclic GMP-AMP synthase,"The N-terminal disordered part (1-160) is phosphorylated by AURKB during the G2-M transition, blocking CGAS liquid phase separation and preventing activation (PubMed:33542149). Phosphorylation at Tyr-215 by BLK promotes cytosolic retention (PubMed:30356214). Localizes into the nucleus following dephosphorylation at Tyr-215 (PubMed:30356214). Phosphorylation at Ser-435 activates the nucleotidyltransferase activity (PubMed:32474700). Dephosphorylation at Ser-435 by PPP6C impairs its ability to bind GTP, thereby inactivating it (PubMed:32474700). Phosphorylation at Thr-68 and Ser-213 by PRKDC inhibits its cyclic GMP-AMP synthase activity by impairing homodimerization and activation (PubMed:33273464). Phosphorylation at Ser-305 by AKT (AKT1, AKT2 or AKT3) suppresses the nucleotidyltransferase activity (PubMed:26440888). Phosphorylation at Ser-305 by CDK1 during mitosis leads to its inhibition, thereby preventing CGAS activation by self-DNA during mitosis (PubMed:32351706). Dephosphorylated at Ser-305 by protein phosphatase PP1 upon mitotic exit (PubMed:32351706)",1
2172,P16104,Histone H2AX,"Phosphorylated by VRK1 (PubMed:31527692). Phosphorylated on Ser-140 (to form gamma-H2AX or H2AX139ph) in response to DNA double strand breaks (DSBs) generated by exogenous genotoxic agents and by stalled replication forks, and may also occur during meiotic recombination events and immunoglobulin class switching in lymphocytes. Phosphorylation can extend up to several thousand nucleosomes from the actual site of the DSB and may mark the surrounding chromatin for recruitment of proteins required for DNA damage signaling and repair. Widespread phosphorylation may also serve to amplify the damage signal or aid repair of persistent lesions. Phosphorylation of Ser-140 (H2AX139ph) in response to ionizing radiation is mediated by both ATM and PRKDC while defects in DNA replication induce Ser-140 phosphorylation (H2AX139ph) subsequent to activation of ATR and PRKDC. Dephosphorylation of Ser-140 by PP2A is required for DNA DSB repair. In meiosis, Ser-140 phosphorylation (H2AX139ph) may occur at synaptonemal complexes during leptotene as an ATM-dependent response to the formation of programmed DSBs by SPO11. Ser-140 phosphorylation (H2AX139ph) may subsequently occurs at unsynapsed regions of both autosomes and the XY bivalent during zygotene, downstream of ATR and BRCA1 activation. Ser-140 phosphorylation (H2AX139ph) may also be required for transcriptional repression of unsynapsed chromatin and meiotic sex chromosome inactivation (MSCI), whereby the X and Y chromosomes condense in pachytene to form the heterochromatic XY-body. During immunoglobulin class switch recombination in lymphocytes, Ser-140 phosphorylation (H2AX139ph) may occur at sites of DNA-recombination subsequent to activation of the activation-induced cytidine deaminase AICDA. Phosphorylation at Tyr-143 (H2AXY142ph) by BAZ1B/WSTF determines the relative recruitment of either DNA repair or pro-apoptotic factors. Phosphorylation at Tyr-143 (H2AXY142ph) favors the recruitment of APBB1/FE65 and pro-apoptosis factors such as MAPK8/JNK1, triggering apoptosis. In contrast, dephosphorylation of Tyr-143 by EYA proteins (EYA1, EYA2, EYA3 or EYA4) favors the recruitment of MDC1-containing DNA repair complexes to the tail of phosphorylated Ser-140 (H2AX139ph)",1
2175,Q7Z7G1,Cytokine-dependent hematopoietic cell linker,"Tyrosine-phosphorylated upon BCR cross-linking. Tyrosine phosphorylation at both Tyr-69 and Tyr-96 are required for BCR-induced calcium response and are essential to restore PLCG2-mediated signaling in BLNK-deficient DT40 cells, but this phosphorylation is dispensable in cells expressing LAT. Interacts with the SH2 domain of PLCG1 via phosphorylated Tyr-96 (By similarity). Tyrosine phosphorylation is increased when complexed with SKAP1 and FYB1 (By similarity)",0
2177,O95905,Protein ecdysoneless homolog,Phosphorylated predominantly by CK2 on two serine-containing clusters; involved in cell cycle regulation activity,1
2182,Q01826,DNA-binding protein SATB1,"Phosphorylated by PKC. Acetylated by PCAF. Phosphorylated form interacts with HDAC1, but unphosphorylated form interacts with PCAF. DNA binding properties are activated by phosphorylation and inactivated by acetylation. In opposition, gene expression is down-regulated by phosphorylation but up-regulated by acetylation",0
2188,O15553,Pyrin,Phosphorylation at Ser-242 is required for the interaction with 14-3-3 proteins and down-regulation of pyrin pro-inflammatory activity,0
2192,Q13424,Alpha-1-syntrophin,Phosphorylated by CaM-kinase II. Phosphorylation may inhibit the interaction with DMD (By similarity),1
2202,O75151,Lysine-specific demethylase PHF2,"Phosphorylated by PKA on specific serine residues, leading to the formation of an active lysine demethylase complex",1
2203,O75449,Katanin p60 ATPase-containing subunit A1,Phosphorylation by DYRK2 triggers ubiquitination and subsequent degradation,0
2209,Q9H4A3,Serine/threonine-protein kinase WNK1,"Autophosphorylated at Ser-378 and Ser-382, promoting its activity (PubMed:15883153, PubMed:16263722, PubMed:16832045, PubMed:17190791, PubMed:31656913, PubMed:34289367). Autophosphorylation at Ser-382 is inhibited by intracellular calcium (By similarity). Phosphorylation at Thr-60 increases ability to activate SGK1 (By similarity)",1
2218,P07333,Macrophage colony-stimulating factor 1 receptor,"Autophosphorylated in response to CSF1 or IL34 binding (PubMed:20489731, PubMed:23408870, PubMed:24336230). Phosphorylation at Tyr-561 is important for normal down-regulation of signaling by ubiquitination, internalization and degradation. Phosphorylation at Tyr-561 and Tyr-809 is important for interaction with SRC family members, including FYN, YES1 and SRC, and for subsequent activation of these protein kinases. Phosphorylation at Tyr-699 and Tyr-923 is important for interaction with GRB2. Phosphorylation at Tyr-723 is important for interaction with PIK3R1. Phosphorylation at Tyr-708 is important for normal receptor degradation. Phosphorylation at Tyr-723 and Tyr-809 is important for interaction with PLCG2. Phosphorylation at Tyr-969 is important for interaction with CBL. Dephosphorylation by PTPN2 negatively regulates downstream signaling and macrophage differentiation",1
2219,P07333,Macrophage colony-stimulating factor 1 receptor,"Ubiquitinated. Becomes rapidly polyubiquitinated after autophosphorylation, leading to its degradation",0
2220,O43914,TYRO protein tyrosine kinase-binding protein,"Following ligand binding by associated receptors, tyrosine phosphorylated in the ITAM domain which leads to activation of additional tyrosine kinases and subsequent cell activation",0
2221,Q6GTX8,Leukocyte-associated immunoglobulin-like receptor 1,Phosphorylation at Tyr-251 and Tyr-281 activates it. May be phosphorylated by LCK,1
2225,Q8IUE6,Histone H2A type 2-B,Phosphorylation on Ser-2 (H2AS1ph) is enhanced during mitosis. Phosphorylation on Ser-2 by RPS6KA5/MSK1 directly represses transcription. Acetylation of H3 inhibits Ser-2 phosphorylation by RPS6KA5/MSK1. Phosphorylation at Thr-121 (H2AT120ph) by DCAF1 is present in the regulatory region of many tumor suppresor genes and down-regulates their transcription,0
2231,Q8N257,Histone H2B type 3-B,"Phosphorylation at Ser-37 (H2BS36ph) by AMPK in response to stress promotes transcription (By similarity). Phosphorylated on Ser-15 (H2BS14ph) by STK4/MST1 during apoptosis; which facilitates apoptotic chromatin condensation (PubMed:12757711). Also phosphorylated on Ser-15 in response to DNA double strand breaks (DSBs), and in correlation with somatic hypermutation and immunoglobulin class-switch recombination",0
2233,Q8N257,Histone H2B type 3-B,"ADP-ribosylated by PARP1 or PARP2 on Ser-7 (H2BS6ADPr) in response to DNA damage (PubMed:34874266). H2BS6ADPr promotes recruitment of CHD1L (PubMed:34874266). Poly ADP-ribosylation on Glu-36 (H2BE35ADPr) by PARP1 regulates adipogenesis: it inhibits phosphorylation at Ser-37 (H2BS36ph), thereby blocking expression of pro-adipogenetic genes (By similarity)",0
2237,Q8NFG4,Folliculin,Phosphorylation by ULK1 modulates the interaction with GABARAP and is required to regulate autophagy,0
2241,P41002,Cyclin-F,Phosphorylated just before cells enter into mitosis,0
2243,Q8IYB3,Serine/arginine repetitive matrix protein 1,"Phosphorylated on multiple serine and threonine residues by DYRK3 during the G2-to-M transition, after the nuclear-envelope breakdown (PubMed:29973724). Phosphorylation by DYRK3 promotes disassembly of nuclear speckles (PubMed:29973724)",1
2245,Q9H2X6,Homeodomain-interacting protein kinase 2,Autophosphorylation at Tyr-361 in the activation loop activates the kinase and promotes nuclear localization,1
2248,Q9H2X6,Homeodomain-interacting protein kinase 2,"Cleaved at Asp-923 and Asp-984 by CASP6 in a p53/TP53-dependent manner. The cleaved form lacks the autoinhibitory C-terminal domain (AID), resulting in a hyperactive kinase, which potentiates p53/TP53 Ser-46 phosphorylation and subsequent activation of the cell death machinery",0
2250,Q96GV9,Macrophage immunometabolism regulator,Phosphorylated,0
2255,Q12906,Interleukin enhancer-binding factor 3,Phosphorylated at Thr-188 and Thr-315 by PKR in response to certain RNA viruses. This phosphorylation results in the dissociation of ILF2 from the ILF2-ILF3 complex resulting in a cytoplasmic sequestration of ILF3 where it can bind to viral RNAs and impede viral replication,1
2258,Q68CZ2,Tensin-3,Phosphorylated on Ser/Thr and Tyr residues (PubMed:26166433). Phosphorylated on Thr-323 in the C2-type tensin domain following EGF stimulation which changes its binding preference from DLC1 to the p85 regulatory subunit of the PI3K kinase complex (PubMed:26166433). EGF induces tyrosine phosphorylation in a time- and dose-dependent manner (PubMed:15140944). Phosphorylation of the SH2 domain enhances interaction with PEAK1 (PubMed:35687021),0
2261,Q99880,Histone H2B type 1-L,"Phosphorylation at Ser-37 (H2BS36ph) by AMPK in response to stress promotes transcription (By similarity). Phosphorylated on Ser-15 (H2BS14ph) by STK4/MST1 during apoptosis; which facilitates apoptotic chromatin condensation (PubMed:12757711). Also phosphorylated on Ser-15 in response to DNA double strand breaks (DSBs), and in correlation with somatic hypermutation and immunoglobulin class-switch recombination",0
2263,Q99880,Histone H2B type 1-L,"ADP-ribosylated by PARP1 or PARP2 on Ser-7 (H2BS6ADPr) in response to DNA damage (PubMed:27723750, PubMed:34874266). H2BS6ADPr promotes recruitment of CHD1L (PubMed:34874266). Mono-ADP-ribosylated on Glu-3 (H2BE2ADPr) by PARP3 in response to single-strand breaks (PubMed:27530147). Poly ADP-ribosylation on Glu-36 (H2BE35ADPr) by PARP1 regulates adipogenesis: it inhibits phosphorylation at Ser-37 (H2BS36ph), thereby blocking expression of pro-adipogenetic genes (By similarity)",0
2268,Q9C0H9,SRC kinase signaling inhibitor 1,Tyrosine-phosphorylated in response to EGF and to cell adhesion to integrin ligands,0
2270,Q9NZM5,Ribosome biogenesis protein NOP53,Phosphorylated upon DNA damage probably by ATM and DNA-PK; may regulate NOP53 degradation,0
2273,Q96DU3,SLAM family member 6,Phosphorylation in NK cells upon engagment by SLAMF6-expressing target cells is leading to receptor activation,0
2274,Q99661,Kinesin-like protein KIF2C,"Phosphorylation by AURKB, regulates association with centromeres and kinetochores and the microtubule depolymerization activity",1
2278,Q93009,Ubiquitin carboxyl-terminal hydrolase 7,Isoform 1: Phosphorylated. Isoform 1 is phosphorylated at positions Ser-18 and Ser-963. Isoform 2: Not phosphorylated,0
2282,Q14671,Pumilio homolog 1,"Phosphorylation at Ser-714 promotes RNA-binding activity. Following growth factor stimulation phosphorylated at Ser-714, promoting binding to the 3'-UTR of CDKN1B/p27 mRNA",0
2284,O43318,Mitogen-activated protein kinase kinase kinase 7,"Association with TAB1/MAP3K7IP1 promotes autophosphorylation at Ser-192 and subsequent activation. Association with TAB2/MAP3K7IP2, itself associated with free unanchored Lys-63 polyubiquitin chain, promotes autophosphorylation and subsequent activation of MAP3K7. Dephosphorylation at Ser-192 by PPM1B/PP2CB and at Thr-187 by PP2A and PPP6C leads to inactivation",1
2285,O43318,Mitogen-activated protein kinase kinase kinase 7,"'Lys-48'-linked polyubiquitination at Lys-72 is induced by TNFalpha, and leads to proteasomal degradation. Undergoes 'Lys-48'-linked polyubiquitination catalyzed by ITCH (By similarity). Requires 'Lys-63'-linked polyubiquitination for autophosphorylation and subsequent activation. 'Lys-63'-linked ubiquitination does not lead to proteasomal degradation. Deubiquitinated by CYLD, a protease that selectively cleaves 'Lys-63'-linked ubiquitin chains. Deubiquitinated by Y.enterocolitica YopP",0
2287,O43318,Mitogen-activated protein kinase kinase kinase 7,"(Microbial infection) Acetylation of Thr-184 and Thr-187 by Yersinia YopJ prevents phosphorylation and activation, thus blocking the MAPK signaling pathway",0
2292,Q13547,Histone deacetylase 1,Phosphorylation on Ser-421 and Ser-423 promotes enzymatic activity and interactions with NuRD and SIN3 complexes. Phosphorylated by CDK5,0
2303,Q5D1E8,Endoribonuclease ZC3H12A,Phosphorylated by IRAK1; phosphorylation is necessary for subsequent phosphorylation by the I-kappa-B-kinase (IKK) complex. Phosphorylated by I-kappa-B-kinase (IKK) subunits IKBKB/IKKB and CHUK/IKKA at Ser-438 and Ser-442; these phosphorylations promote ubiquitin proteasome-mediated degradation of ZC3H12A and hence facilitates rapid and robust production of IL-6 mRNA in response to toll-like receptor (TLR) or IL-1 receptor stimuli (By similarity),1
2312,P48357,Leptin receptor,"On ligand binding, phosphorylated on two conserved C-terminal tyrosine residues (isoform B only) by JAK2. Tyr-986 is required for complete binding and activation of PTPN11, ERK/FOS activation,for interaction with SOCS3 and SOCS3 mediated inhibition of leptin signaling. Phosphorylation on Tyr-1141 is required for STAT3 binding/activation. Phosphorylation of Tyr-1079 has a more accessory role",1
2313,O60383,Growth/differentiation factor 9,"Phosphorylated; phosphorylation is critical for GDF9 function. In vitro, can be phosphorylated by CK at Ser-325",1
2316,O00590,Atypical chemokine receptor 2,Phosphorylated on serine residues in the C-terminal cytoplasmic tail,0
2319,P55085,Proteinase-activated receptor 2,Multiple phosphorylated on serine and threonine residues in the cytoplasmic region upon receptor activation; required for receptor desensitization and recruitment of beta-arrestin,0
2321,Q9NRA0,Sphingosine kinase 2,"Phosphorylated by PKD on Ser-419 and Ser-421 upon PMA treatment. Phosphorylation induces export from the nucleus to the cytoplasm (PubMed:17635916). Phosphorylated by MAPK1 and MAPK2 at Ser-387 and Thr-614, phosphorylation is induced by agonists such as EGF and PMA and increases kinase activity (PubMed:17311928)",1
2323,O75140,GATOR1 complex protein DEPDC5,"Phosphorylation at Ser-1002 and Ser-1530 by AKT1 and PIM1 inhibit the activity of DEPDC5, releasing inhibition of the mTORC1 pathway",0
2331,Q9NQW6,Anillin,Phosphorylated during mitosis,0
2334,Q9Y4R8,Telomere length regulation protein TEL2 homolog,"Phosphorylated at Ser-485 by CK2 following growth factor deprivation, leading to its subsequent ubiquitination by the SCF(FBXO9) complex. Phosphorylation by CK2 only takes place when TELO2 is bound to mTORC1, not mTORC2; leading to selective ubiquitination of mTORC1-associated protein",0
2335,Q9Y4R8,Telomere length regulation protein TEL2 homolog,"Ubiquitinated by the SCF(FBXO9) complex following phosphorylation by CK2 in response to growth factor deprivation, leading to its degradation by the proteasome. Only mTORC1-associated protein is ubiquitinated and degraded, leading to selective inactivation of mTORC1 to restrain cell growth and protein translation, while mTORC2 is activated due to the relief of feedback inhibition by mTORC1",0
2337,Q86VB7,Scavenger receptor cysteine-rich type 1 protein M130,Phosphorylated,0
2343,Q15303,Receptor tyrosine-protein kinase erbB-4,"Autophosphorylated on tyrosine residues in response to ligand binding. Autophosphorylation occurs in trans, i.e. one subunit of the dimeric receptor phosphorylates tyrosine residues on the other subunit. Ligands trigger phosphorylation at specific tyrosine residues, thereby creating binding sites for scaffold proteins and effectors. Constitutively phosphorylated at a basal level when overexpressed in heterologous systems; ligand binding leads to increased phosphorylation. Phosphorylation at Tyr-1035 is important for interaction with STAT1. Phosphorylation at Tyr-1056 is important for interaction with PIK3R1. Phosphorylation at Tyr-1242 is important for interaction with SHC1. Phosphorylation at Tyr-1188 may also contribute to the interaction with SHC1. Isoform JM-A CYT-2 is constitutively phosphorylated on tyrosine residues in a ligand-independent manner. E4ICD2 but not E4ICD1 is phosphorylated on tyrosine residues",0
2345,Q04759,Protein kinase C theta type,"Autophosphorylation at Thr-219 is required for targeting to the TCR and cellular function of PRKCQ upon antigen receptor ligation. Following TCR stimulation, phosphorylated at Tyr-90 and Ser-685",1
2346,Q15545,Transcription initiation factor TFIID subunit 7,Phosphorylated by CIITA. Phosphorylation at Ser-264 by TAF1 in early G1 phase disrupts binding to TAF1,1
2349,Q6JBY9,CapZ-interacting protein,Dephosphorylation results in its dissociation from CAPZA2,0
2351,P49427,Ubiquitin-conjugating enzyme E2 R1,Phosphorylated by CK2. Phosphorylation of the C-terminal tail by CK2 controls the nuclear localization,0
2354,P0C0S8,Histone H2A type 1,Phosphorylation on Ser-2 (H2AS1ph) is enhanced during mitosis. Phosphorylation on Ser-2 by RPS6KA5/MSK1 directly represses transcription. Acetylation of H3 inhibits Ser-2 phosphorylation by RPS6KA5/MSK1. Phosphorylation at Thr-121 (H2AT120ph) by DCAF1 is present in the regulatory region of many tumor suppresor genes and down-regulates their transcription,0
2359,P15391,B-lymphocyte antigen CD19,"Phosphorylated on tyrosine following B-cell activation (PubMed:10706702, PubMed:12387743, PubMed:7684160, PubMed:7687539). Phosphorylated on tyrosine residues by LYN (PubMed:7687428). Tyrosine residues are phosphorylated sequentially after activation of the B cell receptor. Phosphorylation of Tyr-531 is extremely rapid, followed by phosphorylation at Tyr-409. In contrast, phosphorylation of Tyr-500 appears more slowly and is more transient, returning rapidly to basal levels (By similarity)",1
2364,Q15669,Rho-related GTP-binding protein RhoH,Phosphorylated on tyrosine by LCK. Phosphorylated by FYN. Phosphorylation enhances the interactions with ZAP70 and SYK and is critical for its function in thymocyte development (By similarity),1
2367,Q6UVK1,Chondroitin sulfate proteoglycan 4,Phosphorylation by PRKCA regulates its subcellular location and function in cell motility,0
2370,Q96QV6,Histone H2A type 1-A,Phosphorylation on Ser-2 (H2AS1ph) is enhanced during mitosis. Phosphorylation on Ser-2 by RPS6KA5/MSK1 directly represses transcription. Acetylation of H3 inhibits Ser-2 phosphorylation by RPS6KA5/MSK1. Phosphorylation at Thr-121 (H2AT120ph) by DCAF1 is present in the regulatory region of many tumor suppresor genes and down-regulates their transcription,0
2375,O14713,Integrin beta-1-binding protein 1,Phosphorylation at Thr-38 seems to enhance integrin alpha5beta1-mediated cell adhesion. The degree of phosphorylation is regulated by integrin-dependent cell-matrix interaction,0
2376,Q92466,DNA damage-binding protein 2,Phosphorylation by ABL1 negatively regulate UV-DDB activity,1
2384,Q8TB68,Proline-rich protein 7,"Tyrosine phosphorylated, possibly by SRC",0
2385,Q9NZ52,ADP-ribosylation factor-binding protein GGA3,Phosphorylated by CK2 and dephosphorylated by PP2A (By similarity). Phosphorylation of GGA3 allows the internal DXXLL motif to bind the VHS domain and to inhibit the recognition of cargo signals,1
2388,Q9Y2T7,Y-box-binding protein 2,Phosphorylated during oocyte maturation and dephosphorylated following egg activation. Phosphorylated in vitro by a kinase activity associated with testicular mRNPs. Dephosphorylation leads to a decrease in its affinity to bind RNA in vitro (By similarity),0
2390,P31749,RAC-alpha serine/threonine-protein kinase,O-GlcNAcylation at Thr-305 and Thr-312 inhibits activating phosphorylation at Thr-308 via disrupting the interaction between AKT1 and PDPK1. O-GlcNAcylation at Ser-473 also probably interferes with phosphorylation at this site,0
2391,P31749,RAC-alpha serine/threonine-protein kinase,"Phosphorylation on Thr-308, Ser-473 and Tyr-474 is required for full activity (PubMed:12149249, PubMed:15047712, PubMed:15262962, PubMed:16266983, PubMed:18456494, PubMed:20481595, PubMed:20978158, PubMed:8978681, PubMed:9512493, PubMed:9736715). Phosphorylation of the activation loop at Thr-308 by PDPK1/PDK1 is a prerequisite for full activation (PubMed:9512493). Phosphorylation by mTORC2 in response to growth factors plays a key role in AKT1 activation: mTORC2 phosphorylates different sites depending on the context, such as Thr-450, Ser-473, Ser-477 or Thr-479, thereby facilitating subsequent phosphorylation of the activation loop by PDPK1/PDK1 (PubMed:15718470, PubMed:24670654). Phosphorylation at Ser-473 by mTORC2 promotes ubiquitination and degradation by the proteasome (By similarity). Also phosphorylated at Ser-477 and Thr-479 by CDK2, facilitating subsequent phosphorylation of the activation loop by PDPK1/PDK1 (PubMed:24670654). Activated TNK2 phosphorylates it on Tyr-176 resulting in its binding to the anionic plasma membrane phospholipid PA (PubMed:20333297). This phosphorylated form localizes to the cell membrane, where it is targeted by PDPK1 and PDPK2 for further phosphorylations on Thr-308 and Ser-473 leading to its activation (PubMed:20333297). Phosphorylated at Thr-308 and Ser-473 by IKBKE and TBK1 (PubMed:21464307). Ser-473 phosphorylation is enhanced by interaction with AGAP2 isoform 2 (PIKE-A) (PubMed:14761976). Ser-473 phosphorylation is enhanced in focal cortical dysplasias with Taylor-type balloon cells (PubMed:17013611). Ser-473 phosphorylation is enhanced by signaling through activated FLT3 (PubMed:16266983). Ser-473 is dephosphorylated by PHLPP (PubMed:28147277). Dephosphorylated at Thr-308 and Ser-473 by PP2A phosphatase (PubMed:21329884). The phosphorylated form of PPP2R5B is required for bridging AKT1 with PP2A phosphatase (PubMed:21329884). Ser-473 is dephosphorylated by CPPED1, leading to termination of signaling (PubMed:23799035). AIM2 acts as an inhibitor of AKT1 by inhibiting phosphorylation Ser-473: AIM2 acts both by inhibiting the activity of PRKDC/DNA-PK kinase and promoting dephosphorylation by PP2A phosphatase (By similarity)",0
2392,P31749,RAC-alpha serine/threonine-protein kinase,"Ubiquitinated; undergoes both 'Lys-48'- and 'Lys-63'-linked polyubiquitination. TRAF6-induced 'Lys-63'-linked AKT1 ubiquitination is critical for phosphorylation and activation (PubMed:19713527). When ubiquitinated, it translocates to the plasma membrane, where it becomes phosphorylated (PubMed:20059950). When fully phosphorylated and translocated into the nucleus, undergoes 'Lys-48'-polyubiquitination catalyzed by TTC3, leading to its degradation by the proteasome (PubMed:20059950). Also ubiquitinated by TRIM13 leading to its proteasomal degradation (PubMed:21333377). Phosphorylated, undergoes 'Lys-48'-linked polyubiquitination preferentially at Lys-284 catalyzed by MUL1, leading to its proteasomal degradation (PubMed:22410793). Ubiquitinated via 'Lys-48'-linked polyubiquitination by ZNRF1, leading to its degradation by the proteasome (By similarity)",0
2393,P31749,RAC-alpha serine/threonine-protein kinase,Acetylated on Lys-14 and Lys-20 by the histone acetyltransferases EP300 and KAT2B. Acetylation results in reduced phosphorylation and inhibition of activity. Deacetylated at Lys-14 and Lys-20 by SIRT1. SIRT1-mediated deacetylation relieves the inhibition,0
2398,Q9UBW8,COP9 signalosome complex subunit 7a,Phosphorylated by CK2 and PKD kinases,1
2399,P98082,Disabled homolog 2,Phosphorylated. Phosphorylation during mitosis is leading to membrane displacement (By similarity),0
2400,P53778,Mitogen-activated protein kinase 12,"Dually phosphorylated on Thr-183 and Tyr-185 by MAP2K3/MKK3 and MAP2K6/MKK6, which activates the enzyme",1
2402,P58753,Toll/interleukin-1 receptor domain-containing adapter protein,Phosphorylated by IRAK1 and IRAK4. Also phosphorylated by BTK,1
2403,P58753,Toll/interleukin-1 receptor domain-containing adapter protein,Polyubiquitinated. Polyubiquitination follows phosphorylation by BTK and leads to TIRAP degradation,0
2405,Q93079,Histone H2B type 1-H,"Phosphorylation at Ser-37 (H2BS36ph) by AMPK in response to stress promotes transcription (By similarity). Phosphorylated on Ser-15 (H2BS14ph) by STK4/MST1 during apoptosis; which facilitates apoptotic chromatin condensation (PubMed:12757711). Also phosphorylated on Ser-15 in response to DNA double strand breaks (DSBs), and in correlation with somatic hypermutation and immunoglobulin class-switch recombination",0
2407,Q93079,Histone H2B type 1-H,"ADP-ribosylated by PARP1 or PARP2 on Ser-7 (H2BS6ADPr) in response to DNA damage (PubMed:34874266). H2BS6ADPr promotes recruitment of CHD1L (PubMed:34874266). Poly ADP-ribosylation on Glu-36 (H2BE35ADPr) by PARP1 regulates adipogenesis: it inhibits phosphorylation at Ser-37 (H2BS36ph), thereby blocking expression of pro-adipogenetic genes (By similarity)",0
2411,Q99877,Histone H2B type 1-N,"Phosphorylation at Ser-37 (H2BS36ph) by AMPK in response to stress promotes transcription (By similarity). Phosphorylated on Ser-15 (H2BS14ph) by STK4/MST1 during apoptosis; which facilitates apoptotic chromatin condensation (PubMed:12757711). Also phosphorylated on Ser-15 in response to DNA double strand breaks (DSBs), and in correlation with somatic hypermutation and immunoglobulin class-switch recombination",0
2413,Q99877,Histone H2B type 1-N,"ADP-ribosylated by PARP1 or PARP2 on Ser-7 (H2BS6ADPr) in response to DNA damage (PubMed:34874266). H2BS6ADPr promotes recruitment of CHD1L (PubMed:34874266). Mono-ADP-ribosylated on Glu-3 (H2BE2ADPr) by PARP3 in response to single-strand breaks (PubMed:27530147). Poly ADP-ribosylation on Glu-36 (H2BE35ADPr) by PARP1 regulates adipogenesis: it inhibits phosphorylation at Ser-37 (H2BS36ph), thereby blocking expression of pro-adipogenetic genes (By similarity)",0
2416,Q15759,Mitogen-activated protein kinase 11,"Dually phosphorylated on Thr-180 and Tyr-182 by MAP2K3/MKK3, MAP2K4/MKK4 and MAP2K6/MKK6, which activates the enzyme",1
2418,Q9Y2I6,Ninein-like protein,Phosphorylated by PLK1 which disrupts its centrosome association and interaction with gamma-tubulin,1
2420,P21796,Non-selective voltage-gated ion channel VDAC1,Phosphorylation at Ser-193 by NEK1 promotes the closed conformational state preventing excessive mitochondrial membrane permeability and subsequent apoptotic cell death after injury (PubMed:20230784). Phosphorylation by the AKT-GSK3B axis stabilizes the protein probably by preventing ubiquitin-mediated proteasomal degradation,1
2422,P35916,Vascular endothelial growth factor receptor 3,"Autophosphorylated on tyrosine residues upon ligand binding. Autophosphorylation occurs in trans, i.e. one subunit of the dimeric receptor phosphorylates tyrosine residues on the other subunit. Phosphorylation in response to H(2)O(2) is mediated by a process that requires SRC and PRKCD activity. Phosphorylation at Tyr-1068 is required for autophosphorylation at additional tyrosine residues. Phosphorylation at Tyr-1063 and Tyr-1337 is important for interaction with CRK and subsequent activation of MAPK8. Phosphorylation at Tyr-1230, Tyr-1231 and Tyr-1337 is important for interaction with GRB2 and subsequent activation of the AKT1 and MAPK1/ERK2 and/or MAPK3/ERK1 signaling pathways. In response to endothelial cell adhesion onto collagen, can also be phosphorylated in the absence of FLT4 kinase activity by SRC at Tyr-830, Tyr-833, Tyr-853, Tyr-1063, Tyr-1333, and Tyr-1337",1
2423,O95259,Voltage-gated delayed rectifier potassium channel KCNH1,Channel activity is regulated via tyrosine phosphorylation/dephosphorylation by SRC and PTPN6 (PubMed:24587194),1
2424,Q13330,Metastasis-associated protein MTA1,Phosphorylation by CSNK1G2/CK1 triggered by estrogen enhances corepression of estrogen receptor (ER),0
2428,O43236,Septin-4,Phosphorylated by DYRK1A,1
2430,P04049,RAF proto-oncogene serine/threonine-protein kinase,"Phosphorylation at Thr-269, Ser-338, Tyr-341, Thr-491 and Ser-494 results in its activation. Phosphorylation at Ser-29, Ser-43, Ser-289, Ser-296, Ser-301 and Ser-642 by MAPK1/ERK2 results in its inactivation. Phosphorylation at Ser-259 induces the interaction with YWHAZ and inactivates kinase activity. Dephosphorylation of Ser-259 by the SHOC2-MRAS-PP1c (SMP) complex consisting of SHOC2, GTP-bound M-Ras/MRAS and the catalytic subunit of protein phosphatase 1 (PPP1CA, PPP1CB or PPP1CC); this relieves inactivation and stimulates kinase activity (PubMed:35768504, PubMed:35831509, PubMed:35830882). Phosphorylation at Ser-338 by PAK1 and PAK5 and Ser-339 by PAK1 is required for its mitochondrial localization. Phosphorylation at Ser-621 in response to growth factor treatment stabilizes the protein, possibly by preventing proteasomal degradation. Phosphorylation at Ser-289, Ser-296, Ser-301, Ser-338 and Ser-621 are somehow linked to the methylation potential of cells. Treatment of cells with HGF in the presence of the methylation inhibitor 5'-methylthioadenosine (MTA) results in increased phosphorylation at Ser-338 and Ser-621 and decreased phosphorylation at Ser-296, Ser-301 and Ser-338. Dephosphorylation at Ser-338 by PPP5C results in an activity decrease",0
2432,P57059,Serine/threonine-protein kinase SIK1,"Phosphorylated at Thr-182 by STK11/LKB1 in complex with STE20-related adapter-alpha (STRADA) pseudo kinase and CAB39, leading to its activation. Phosphorylation at Thr-182 promotes autophosphorylation at Ser-186, which is required for sustained activity. Autophosphorylation at Ser-186 is maintained by sequential phosphorylation at Thr-182 by GSK3-beta. GSK3-beta cannot initiate phosphorylation at Thr-182, it can only maintain it. Phosphorylation at Ser-575 in response to cAMP signaling promotes translocation to the cytoplasm (PubMed:29211348). Phosphorylation at Thr-322 by CaMK1 following intracellular sodium concentration leads to activation",1
2441,Q13224,"Glutamate receptor ionotropic, NMDA 2B",Phosphorylated on tyrosine residues (By similarity). Phosphorylation at Ser-1303 by DAPK1 enhances synaptic NMDA receptor channel activity (By similarity),1
2442,Q8WU20,Fibroblast growth factor receptor substrate 2,"Phosphorylated by ULK2 in vitro (By similarity). Phosphorylated on tyrosine residues upon stimulation by NGF or FGF2. Phosphorylated on tyrosine residues by activated ALK and FGFR1. Phosphorylated on tyrosine residues upon activation of FGFR2 and FGFR3. Phosphorylated on threonine residues by MAP kinases; this inhibits tyrosine phosphorylation, and thereby down-regulates FRS2-mediated activation of MAP kinases",1
2443,Q8WU20,Fibroblast growth factor receptor substrate 2,Ubiquitinated when tyrosine phosphorylated and in a complex with GRB2. The unphosphorylated form is not subject to ubiquitination (By similarity),0
2444,P36897,TGF-beta receptor type-1,"Phosphorylated at basal levels in the absence of ligand. Activated upon phosphorylation by TGFBR2, mainly in the GS domain. Phosphorylation in the GS domain abrogates FKBP1A-binding",1
2448,Q9Y6X9,ATPase MORC2,Phosphorylated by PAK1 at Ser-739 upon DNA damage. Phosphorylation is required for ATPase activity and recruitment to damaged chromatin,1
2451,Q15906,Vacuolar protein sorting-associated protein 72 homolog,Phosphorylation is enhanced by ZNHIT1 and promotes the interaction of VPS72 with histone H2AZ1,0
2455,Q9H814,Phosphorylated adapter RNA export protein,Phosphorylated in the nucleus. Dephosphorylated in the cytoplasm (By similarity),0
2457,O75030,Microphthalmia-associated transcription factor,"When nutrients are present, phosphorylation by MTOR at Ser-5 via non-canonical mTORC1 pathway promotes ubiquitination by the SCF(BTRC) complex, followed by degradation (PubMed:36608670). Phosphorylation at Ser-405 significantly enhances the ability to bind the tyrosinase promoter (PubMed:10587587). Phosphorylation by MARK3/cTAK1 at Ser-280 promotes association with 14-3-3/YWHA adapters and retention in the cytosol (PubMed:16822840). Phosphorylated at Ser-180 and Ser-516 following KIT signaling, triggering a short live activation: Phosphorylation at Ser-180 and Ser-516 by MAPK and RPS6KA1, respectively, activate the transcription factor activity but also promote ubiquitination and subsequent degradation by the proteasome (PubMed:10673502). Phosphorylated in response to blue light (415nm) (PubMed:28842328)",1
2458,O75030,Microphthalmia-associated transcription factor,"Ubiquitinated by the SCF(BTRC) and SCF(FBXW11) complexes following phosphorylation ar Ser-5 by MTOR, leading to its degradation by the proteasome (PubMed:36608670). Ubiquitinated following phosphorylation at Ser-180, leading to subsequent degradation by the proteasome (PubMed:10673502). Deubiquitinated by USP13, preventing its degradation (PubMed:10673502)",0
2468,O95997,Securin,Phosphorylated at Ser-165 by CDK1 during mitosis,1
2469,O95997,Securin,Phosphorylated in vitro by ds-DNA kinase,0
2485,Q01201,Transcription factor RelB,Phosphorylation at 'Thr-103' and 'Ser-573' is followed by proteasomal degradation,0
2487,Q5JTV8,Torsin-1A-interacting protein 1,Phosphorylated. Dephosphorylated at Ser-309 and Ser-315 by serine/threonine-protein phosphatase PP1,1
2493,Q13769,THO complex subunit 5,Phosphorylated on tyrosine upon binding to activated CSF1R; which causes a dissociation of the two proteins. Phosphorylation on Ser-5 and/or Ser-6 is required for nuclear export. Phosphorylated on Thr-328 in insulin-stimulated adipocytes (By similarity). Phosphorylation at Tyr-225 modulates mRNA binding,1
2497,P85037,Forkhead box protein K1,"Phosphorylation by GSK3 (GSK3A or GSK3B) promotes interaction with YWHAE/14-3-3-epsilon and retention in the cytoplasm. In response to mTORC1 signaling, phosphorylation by GSK3 is prevented, leading to translocation to the nucleus",1
2506,Q15021,Condensin complex subunit 1,"Phosphorylated by CDK1. Its phosphorylation, as well as that of NCAPH and NCAPG subunits, activates the condensin complex and is required for chromosome condensation (By similarity)",0
2508,Q6DN72,Fc receptor-like protein 6,"Phosphorylated on Tyr residues. Tyrosine phosphorylation induces association with phosphatase PTPN11, PTPN6, INPP5D, INPPL1 and GRB2",0
2511,Q9BTM1,Histone H2A.J,Phosphorylation on Ser-2 (H2AS1ph) is enhanced during mitosis. Phosphorylation on Ser-2 by RPS6KA5/MSK1 directly represses transcription. Acetylation of H3 inhibits Ser-2 phosphorylation by RPS6KA5/MSK1. Phosphorylation at Thr-121 (H2AT120ph) by DCAF1 is present in the regulatory region of many tumor suppresor genes and down-regulates their transcription (By similarity),0
2518,Q4G163,F-box only protein 43,"Phosphorylated on Ser-76, Thr-234 and Ser-334 in response to calcium, which is a prerequisite for ubiquitination and proteasomal degradation",0
2524,P02649,Apolipoprotein E,Phosphorylated by FAM20C in the extracellular medium,1
2530,P57053,Histone H2B type F-S,"Phosphorylation at Ser-37 (H2BS36ph) by AMPK in response to stress promotes transcription (By similarity). Phosphorylated on Ser-15 (H2BS14ph) by STK4/MST1 during apoptosis; which facilitates apoptotic chromatin condensation (PubMed:12757711). Also phosphorylated on Ser-15 in response to DNA double strand breaks (DSBs), and in correlation with somatic hypermutation and immunoglobulin class-switch recombination",0
2532,P57053,Histone H2B type F-S,"ADP-ribosylated by PARP1 or PARP2 on Ser-7 (H2BS6ADPr) in response to DNA damage (PubMed:34874266). H2BS6ADPr promotes recruitment of CHD1L (PubMed:34874266). Mono-ADP-ribosylated on Glu-3 (H2BE2ADPr) by PARP3 in response to single-strand breaks (PubMed:27530147). Poly ADP-ribosylation on Glu-36 (H2BE35ADPr) by PARP1 regulates adipogenesis: it inhibits phosphorylation at Ser-37 (H2BS36ph), thereby blocking expression of pro-adipogenetic genes (By similarity)",0
2540,O75531,Barrier-to-autointegration factor,"Ser-4 is the major site of phosphorylation as compared to Thr-2 and Thr-3. Phosphorylation on Thr-2; Thr-3 and Ser-4 disrupts its ability to bind DNA and reduces its ability to bind LEM domain-containing proteins. Non phosphorylated BAF seems to enhance binding between EMD and LMNA. Dephosphorylated by protein phosphatase 2A (PP2A) following interaction with ANKLE2/LEM4 during mitotic exit, leading to mitotic nuclear envelope reassembly",0
2541,O75531,Barrier-to-autointegration factor,"(Microbial infection) Phosphorylated by poxvirus B1 kinase (VPK1) on serine and threonine residues, leading to BANF1 relocalization to the cytoplasm, loss of dimerization and impaired DNA binding activity",0
2542,O75531,Barrier-to-autointegration factor,"(Microbial infection) Phosphorylated at the N-terminus by vaccinia virus (VacV) B1 kinase, leading to BANF1 relocalization to the cytoplasm, loss of dimerization and impaired DNA binding activity (PubMed:16495336, PubMed:24600006). Hyperphosphorylation is linked to the loss of ability to suppress vaccinia virus replication (PubMed:24600006)",0
2546,Q9NRM7,Serine/threonine-protein kinase LATS2,"Autophosphorylated and phosphorylated during M-phase and the G1/S-phase of the cell cycle (PubMed:15147269, PubMed:21952048). Phosphorylated and activated by STK3/MST2 (PubMed:15688006). Phosphorylated by MAP4Ks; in parallel to STK3/MST2 and resulting to its activation (PubMed:26437443). Phosphorylation by NUAK2 may regulate its activity in phosphorylation and inactivation YAP1 (PubMed:32845958)",1
2558,Q9BYX4,Interferon-induced helicase C domain-containing protein 1,"ISGylated by ISG15. ISGylation increases upon infection with dengue (DENV) or Zika (ZIKV) viruses. ISGylation at Lys-23 and Lys-43 is dependent of dephosphorylation at Ser-88, regulates mitochondrial translocation and oligomerization. Essential for IFIH1/MDA5-mediated cytokine responses and restriction of virus replication",0
2559,Q9BYX4,Interferon-induced helicase C domain-containing protein 1,"Phosphorylated at Ser-88 (PubMed:23499489, PubMed:33727702). Dephosphorylated by phosphatases PPP11CA/PPP11CC; dephosphorylation precedes and is required for ISGylation (PubMed:23499489, PubMed:33727702)",0
2562,P52564,Dual specificity mitogen-activated protein kinase kinase 6,"Weakly autophosphorylated. Phosphorylated at Ser-207 and Thr-211 by the majority of M3Ks, such as MAP3K5/ASK1, MAP3K1/MEKK1, MAP3K2/MEKK2, MAP3K3/MEKK3, MAP3K4/MEKK4, MAP3K7/TAK1, MAP3K11/MLK3 and MAP3K17/TAOK2",1
2563,P52564,Dual specificity mitogen-activated protein kinase kinase 6,"(Microbial infection) Acetylation of Ser-207 and Thr-211 by Yersinia YopJ prevents phosphorylation and activation, thus blocking the MAPK signaling pathway",0
2566,P55210,Caspase-7,"Phosphorylation at Ser-30 and Ser-239 by PAK2 inhibits its activity (PubMed:21555521, PubMed:27889207). Phosphorylation at Ser-30 prevents cleavage and activation by initiator caspase CASP9, while phosphorylation at Ser-239 prevents thiol protease activity by preventing substrate-binding (PubMed:21555521, PubMed:27889207)",0
2570,Q96CF2,Charged multivesicular body protein 4c,"Phosphorylated at Ser-210 by AURKB during cytokinesis: together with ZFYVE19/ANCHR, phosphorylated CHMP4C retains abscission-competent VPS4 (VPS4A and/or VPS4B) at the midbody ring until abscission checkpoint signaling is terminated at late cytokinesis",0
2571,P16389,Potassium voltage-gated channel subfamily A member 2,Phosphorylated on tyrosine residues; phosphorylation increases in response to ischemia (By similarity). Phosphorylated on tyrosine residues by activated PTK2B/PYK2 (By similarity). Phosphorylation on tyrosine residues suppresses ion channel activity (By similarity). Phosphorylated on tyrosine residues in response to CHRM1 activation; this abolishes interaction with CTTN. This is probably due to endocytosis of the phosphorylated channel subunits (By similarity). Phosphorylated on serine residues in response to increased cAMP levels; phosphorylation is apparently not catalyzed by PKA (By similarity),0
2577,O95786,Antiviral innate immune response receptor RIG-I,"Phosphorylated in resting cells and dephosphorylated in RNA virus-infected cells. Phosphorylation at Thr-770, Ser-854 and Ser-855 results in inhibition of its activity while dephosphorylation at these sites results in its activation",0
2579,O95786,Antiviral innate immune response receptor RIG-I,Phosphorylated at Ser-8 and Thr-170; these phosphorylations suppresse the TRIM25-mediated 'Lys-63'-linked ubiquitination of RIG-I and thereby prevents RIG-I downstream signaling. Dephosphorylated by phosphatases PPP1CA/PPP1CC; this step is essential to activate RIGI and initiate downstream signaling,0
2585,O95786,Antiviral innate immune response receptor RIG-I,(Microbial infection) Phosphorylated at Ser-8 by herpes simplex virus 1 protein US3 leading to inhibition of critical RIGI activation steps,0
2586,P17544,Cyclic AMP-dependent transcription factor ATF-7,"On EGF stimulation, phosphorylated first on Thr-53 allowing subsequent phosphorylation on Thr-51. This latter phosphorylation prevents sumoylation, increases binding to TAF12 and enhances transcriptional activity",0
2588,P17544,Cyclic AMP-dependent transcription factor ATF-7,"On EGF stimulation, phosphorylated first on Thr-53 allowing subsequent phosphorylation on Thr-51. This latter phosphorylation prevents sumoylation, increases binding to TAF12 and enhances transcriptional activity (PubMed:18950637). Social isolation stress as well as TNF-alpha also induce the phosphorylation of ATF7 (PubMed:29490055). Phosphorylated in proliferating colonic and small intestinal epithelial cells (By similarity)",0
2598,P55884,Eukaryotic translation initiation factor 3 subunit B,Phosphorylated. Phosphorylation is enhanced upon serum stimulation,0
2604,Q16832,Discoidin domain-containing receptor 2,Tyrosine phosphorylated in response to collagen binding. Phosphorylated by SRC; this is required for activation and subsequent autophosphorylation on additional tyrosine residues,0
2606,O95069,Potassium channel subfamily K member 2,Phosphorylation at Ser-348 controls the reversible conversion from a leak channel to a voltage-dependent channel,0
2609,Q7L9L4,MOB kinase activator 1B,Phosphorylated by STK3/MST2 and STK4/MST1 and this phosphorylation enhances its binding to LATS1,1
2614,P45452,Collagenase 3,Tyrosine phosphorylated by PKDCC/VLK,1
2616,P84022,Mothers against decapentaplegic homolog 3,"Phosphorylated on serine and threonine residues. Enhanced phosphorylation in the linker region on Thr-179, Ser-204 and Ser-208 on EGF and TGF-beta treatment. Ser-208 is the main site of MAPK-mediated phosphorylation. CDK-mediated phosphorylation occurs in a cell-cycle dependent manner and inhibits both the transcriptional activity and antiproliferative functions of SMAD3. This phosphorylation is inhibited by flavopiridol. Maximum phosphorylation at the G(1)/S junction. Also phosphorylated on serine residues in the C-terminal SXS motif by TGFBR1 and ACVR1. TGFBR1-mediated phosphorylation at these C-terminal sites is required for interaction with SMAD4, nuclear location and transactivational activity, and appears to be a prerequisite for the TGF-beta mediated phosphorylation in the linker region. Dephosphorylated in the C-terminal SXS motif by PPM1A. This dephosphorylation disrupts the interaction with SMAD4, promotes nuclear export and terminates TGF-beta-mediated signaling. Phosphorylation at Ser-418 by CSNK1G2/CK1 promotes ligand-dependent ubiquitination and subsequent proteasome degradation, thus inhibiting SMAD3-mediated TGF-beta responses. Phosphorylated by PDPK1",1
2621,O60610,Protein diaphanous homolog 1,"Phosphorylation at Thr-768 is stimulated by cAMP and regulates stability, complex formation and mitochondrial movement",0
2622,Q8N0Z6,Tetratricopeptide repeat protein 5,"Phosphorylation by ATM kinase induces nuclear accumulation while interfering with nuclear export, and phosphorylation by CHEK2 kinase enhances nuclear stability",1
2628,Q9UL17,T-box transcription factor TBX21,"Phosphorylations at Ser-53, Tyr-77, Ser-225 and Ser-513 are regulated by mTORC1. Phosphorylation at Tyr-530 is essential for its interaction GATA3. Phosphorylation at Tyr-220, Tyr-266 and Tyr-305 enhances its transcriptional activator activity. Phosphorylation at Thr-303 is required for its interaction with NFATC2",0
2629,Q9UL17,T-box transcription factor TBX21,"Ubiquitinated at Lys-314, leading to its degradation by the proteasome. Ubiquitination is essential for controlling protein stability, binding to the T-box-binding element of the IFN-gamma promoter, and for interaction with NFATC2 through induction of phosphorylation at Thr-303 (By similarity). Deubiquitinated by USP10 leading to its stabilization (PubMed:24845384)",0
2630,Q9ULH0,Kinase D-interacting substrate of 220 kDa,"Tyrosine phosphorylated by NTRK1, NTRK2, EPHB2 and EPHA4. Phosphorylation at Ser-918 is induced by phorbol ester treatment. Phosphorylation by NTRK2 is induced by brain-derived neurotrophic factor (BDNF) and neurotrophin-4/5. Phosphorylation by NTRK1 is induced by nerve growth factor (NGF) (By similarity)",1
2633,Q96RL1,BRCA1-A complex subunit RAP80,Phosphorylated upon DNA damage by ATM or ATR,0
2636,P23527,Histone H2B type 1-O,"Phosphorylation at Ser-37 (H2BS36ph) by AMPK in response to stress promotes transcription (By similarity). Phosphorylated on Ser-15 (H2BS14ph) by STK4/MST1 during apoptosis; which facilitates apoptotic chromatin condensation (PubMed:12757711). Also phosphorylated on Ser-15 in response to DNA double strand breaks (DSBs), and in correlation with somatic hypermutation and immunoglobulin class-switch recombination",0
2638,P23527,Histone H2B type 1-O,"ADP-ribosylated by PARP1 or PARP2 on Ser-7 (H2BS6ADPr) in response to DNA damage (PubMed:34874266). H2BS6ADPr promotes recruitment of CHD1L (PubMed:34874266). Poly ADP-ribosylation on Glu-36 (H2BE35ADPr) by PARP1 regulates adipogenesis: it inhibits phosphorylation at Ser-37 (H2BS36ph), thereby blocking expression of pro-adipogenetic genes (By similarity)",0
2642,Q9UQL6,Histone deacetylase 5,"Phosphorylated by AMPK, CaMK1, SIK1 and PRKD1 at Ser-259 and Ser-498. The phosphorylation is required for the export to the cytoplasm and inhibition. Phosphorylated by the PKC kinases PKN1 and PKN2, impairing nuclear import. Phosphorylated by GRK5, leading to nuclear export of HDAC5 and allowing MEF2-mediated transcription (By similarity)",1
2651,Q9BZS1,Forkhead box protein P3,"Phosphorylation at Ser-418 regulates its transcriptional repressor activity and consequently, regulatory T-cells (Treg) suppressive function. Dephosphorylated at Ser-418 by protein phosphatase 1 (PP1) in Treg cells derived from patients with rheumatoid arthritis. Phosphorylation by CDK2 negatively regulates its transcriptional activity and protein stability (By similarity)",0
2657,Q05586,"Glutamate receptor ionotropic, NMDA 1",NMDA is probably regulated by C-terminal phosphorylation of an isoform of GRIN1 by PKC (PubMed:8316301). Dephosphorylated on Ser-897 probably by protein phosphatase 2A (PPP2CB) (PubMed:8316301). Its phosphorylated state is influenced by the formation of the NMDAR-PPP2CB complex and the NMDAR channel activity (PubMed:8316301),1
2659,Q16584,Mitogen-activated protein kinase kinase kinase 11,Autophosphorylation on serine and threonine residues within the activation loop plays a role in enzyme activation. Thr-277 is likely to be the main autophosphorylation site. Phosphorylation of Ser-555 and Ser-556 is induced by CDC42,1
2662,Q9HAW4,Claspin,"Phosphorylated. Undergoes ATR-dependent phosphorylation by CHEK1 during activation of DNA replication or damage checkpoints. Phosphorylation by CSNK1G1/CK1 promotes CHEK1 binding (PubMed:12766152, PubMed:15096610, PubMed:16963448, PubMed:21680713). Phosphorylated by CDC7 during DNA replication, phosphorylation inhibits interaction between the acidic patch and N-terminal segments leading to increased binding to DNA and PCNA (PubMed:27401717)",1
2665,O00429,Dynamin-1-like protein,"Phosphorylation/dephosphorylation events on two sites near the GED domain regulate mitochondrial fission (PubMed:17301055, PubMed:17553808, PubMed:18695047, PubMed:18838687, PubMed:23283981, PubMed:29478834, PubMed:33850055). Phosphorylation on Ser-637 by CAMK1 and PKA inhibits the GTPase activity, leading to a defect in mitochondrial fission promoting mitochondrial elongation (PubMed:17553808, PubMed:18695047, PubMed:23283981, PubMed:29478834). Dephosphorylated on this site by PPP3CA which promotes mitochondrial fission (PubMed:18838687). Phosphorylation on Ser-616 by CDK1 and PINK1 activates the GTPase activity and promotes mitochondrial fission (PubMed:18838687, PubMed:21822277, PubMed:32484300). Phosphorylated in a circadian manner at Ser-637 (PubMed:29478834). Dephosphorylated by PGAM5 (PubMed:32439975)",0
2669,O00429,Dynamin-1-like protein,O-GlcNAcylation augments the level of the GTP-bound active form of DNM1L and induces translocation from the cytoplasm to mitochondria in cardiomyocytes. It also decreases phosphorylation at Ser-637 (By similarity),0
2688,Q9BYE2,Transmembrane protease serine 13,"Phosphorylation is required for localization at the cell surface (PubMed:28710277, PubMed:34562451). Phosphorylation increases following inhibition of protease activity by SPINT2/HAI-2 (PubMed:35796294)",0
2693,P53396,ATP-citrate synthase,Phosphorylated by PKA and GSK3 in a sequential manner; phosphorylation results in activation of its activity (PubMed:10653665). Phosphorylation on Thr-447 and Ser-451 depends on the phosphorylation state of Ser-455 (By similarity). Phosphorylation on Ser-455 is decreased by prior phosphorylation on the other 2 residues (By similarity). Phosphorylated at Ser-455 by BCKDK and dephosphorylated by protein phosphatase PPM1K,1
2711,P51003,Poly(A) polymerase alpha,Hyperphosphorylation on multiple CDK2 consensus and non-consensus sites in the C-terminal Ser/Thr-rich region represses PAP activity in late M-phase. Phosphorylation/dephosphorylation may regulate the interaction between PAP and CPSF (By similarity),0
2713,P58340,Myeloid leukemia factor 1,Phosphorylation is required for binding to YWHAZ,0
2718,Q8N8S7,Protein enabled homolog,NTN1-induced PKA phosphorylation on Ser-265 directly parallels the formation of filopodial protrusions,1
2730,Q9NY61,Protein AATF,Hyperphosphorylated during the G1/S phase transition,0
2732,Q9P0R6,GSK3B-interacting protein,Phosphorylated by GSK3B,1
2737,Q6NXT2,Histone H3.3C,"Methylation at Lys-5 (H3K4me) is linked to gene activation. Methylation at Lys-5 (H3K4me) facilitates subsequent acetylation of H3 and H4. Methylation at Lys-10 (H3K9me) and Lys-28 (H3K27me) are linked to gene repression. Methylation at Lys-10 (H3K9me) is a specific target for HP1 proteins (CBX1, CBX3 and CBX5) and prevents subsequent phosphorylation at Ser-11 (H3S10ph) and acetylation of H3 and H4. Methylation at Lys-5 (H3K4me) requires preliminary monoubiquitination of H2B at 'Lys-120'. Methylation at Lys-10 (H3K9me) and Lys-28 (H3K27me) are enriched in inactive X chromosome chromatin. Monomethylation at Lys-56 (H3K56me1) by EHMT2/G9A in G1 phase promotes interaction with PCNA and is required for DNA replication (By similarity)",0
2738,Q6NXT2,Histone H3.3C,"Phosphorylated at Thr-4 (H3T3ph) by HASPIN during prophase and dephosphorylated during anaphase. Phosphorylation at Ser-11 (H3S10ph) by AURKB is crucial for chromosome condensation and cell-cycle progression during mitosis and meiosis. In addition phosphorylation at Ser-11 (H3S10ph) by RPS6KA4 and RPS6KA5 is important during interphase because it enables the transcription of genes following external stimulation, like mitogens, stress, growth factors or UV irradiation and result in the activation of genes, such as c-fos and c-jun. Phosphorylation at Ser-11 (H3S10ph), which is linked to gene activation, prevents methylation at Lys-10 (H3K9me) but facilitates acetylation of H3 and H4. Phosphorylation at Ser-11 (H3S10ph) by AURKB mediates the dissociation of HP1 proteins (CBX1, CBX3 and CBX5) from heterochromatin. Phosphorylation at Ser-11 (H3S10ph) is also an essential regulatory mechanism for neoplastic cell transformation. Phosphorylated at Ser-29 (H3S28ph) by MAP3K20 isoform 1, RPS6KA5 or AURKB during mitosis or upon ultraviolet B irradiation. Phosphorylation at Thr-7 (H3T6ph) by PRKCB is a specific tag for epigenetic transcriptional activation that prevents demethylation of Lys-5 (H3K4me) by LSD1/KDM1A. At centromeres, specifically phosphorylated at Thr-12 (H3T11ph) from prophase to early anaphase, by DAPK3 and PKN1. Phosphorylation at Thr-12 (H3T11ph) by PKN1 or isoform M2 of PKM (PKM2) is a specific tag for epigenetic transcriptional activation that promotes demethylation of Lys-10 (H3K9me) by KDM4C/JMJD2C. Phosphorylation at Tyr-41 (H3Y41ph) by JAK2 promotes exclusion of CBX5 (HP1 alpha) from chromatin (By similarity)",0
2742,Q6NXT2,Histone H3.3C,Serine ADP-ribosylation constitutes the primary form of ADP-ribosylation of proteins in response to DNA damage. Serine ADP-ribosylation at Ser-11 (H3S10ADPr) is mutually exclusive with phosphorylation at Ser-11 (H3S10ph) and impairs acetylation at Lys-10 (H3K9ac),0
2748,Q8NE35,Cytoplasmic polyadenylation element-binding protein 3,Phosphorylation is enhanced by neuronal stimulation,0
2749,Q8WYQ5,Microprocessor complex subunit DGCR8,"Phosphorylated at Ser-677 by ATM upon radiation, which is crucial for its stability",1
2753,O15269,Serine palmitoyltransferase 1,Phosphorylation at Tyr-164 inhibits activity and promotes cell survival,0
2761,Q9UBN4,Short transient receptor potential channel 4,Phosphorylation modulates TRPC channel function by regulating the level of TRPC4 at the cell surface and by increasing the association with NHERF1,0
2762,O95140,Mitofusin-2,Phosphorylated by PINK1,1
2764,P49715,CCAAT/enhancer-binding protein alpha,"Phosphorylation at Ser-190 is required for interaction with CDK2, CDK4 and SWI/SNF complex leading to cell cycle inhibition. Dephosphorylated at Ser-190 by protein phosphatase 2A (PP2A) through PI3K/AKT signaling pathway regulation (PubMed:15107404). Phosphorylation at Thr-226 and Thr-230 by GSK3 is constitutive in adipose tissue and lung. In liver, both Thr-226 and Thr-230 are phosphorylated only during feeding but not during fasting. Phosphorylation of the GSK3 consensus sites selectively decreases transactivation activity on IRE-controlled promoters",0
2770,Q9Y572,Receptor-interacting serine/threonine-protein kinase 3,"RIPK1 and RIPK3 undergo reciprocal auto- and trans-phosphorylation (PubMed:19524513). Autophosphorylated following interaction with ZBP1 (By similarity). Phosphorylation of Ser-199 plays a role in the necroptotic function of RIPK3 (PubMed:11734559, PubMed:19524512). Autophosphorylates at Ser-227 following activation by ZBP1: phosphorylation at these sites is a hallmark of necroptosis and is required for binding MLKL (PubMed:22265413). Phosphorylation at Thr-182 is important for its kinase activity, interaction with PELI1 and PELI1-mediated 'Lys-48'-linked polyubiquitination and for its ability to mediate TNF-induced necroptosis (PubMed:29883609)",0
2775,Q99879,Histone H2B type 1-M,"Phosphorylation at Ser-37 (H2BS36ph) by AMPK in response to stress promotes transcription (By similarity). Phosphorylated on Ser-15 (H2BS14ph) by STK4/MST1 during apoptosis; which facilitates apoptotic chromatin condensation (PubMed:12757711). Also phosphorylated on Ser-15 in response to DNA double strand breaks (DSBs), and in correlation with somatic hypermutation and immunoglobulin class-switch recombination",0
2777,Q99879,Histone H2B type 1-M,"ADP-ribosylated by PARP1 or PARP2 on Ser-7 (H2BS6ADPr) in response to DNA damage (PubMed:27723750, PubMed:34874266). H2BS6ADPr promotes recruitment of CHD1L (PubMed:34874266). Mono-ADP-ribosylated on Glu-3 (H2BE2ADPr) by PARP3 in response to single-strand breaks (PubMed:27530147). Poly ADP-ribosylation on Glu-36 (H2BE35ADPr) by PARP1 regulates adipogenesis: it inhibits phosphorylation at Ser-37 (H2BS36ph), thereby blocking expression of pro-adipogenetic genes (By similarity)",0
2781,Q9GZU8,PSME3-interacting protein,Phosphorylation by CK2 stabilizes the interaction with PSME3,1
2788,Q8IW41,MAP kinase-activated protein kinase 5,"Phosphorylated on Thr-182 ERK3/MAPK6 or ERK4/MAPK4; which is the regulatory phosphorylation site and is located on the T-loop/loop 12, leading to activation. Phosphorylation at Thr-182 by p38-alpha/MAPK14, p38-beta/MAPK11 is subject to debate. Phosphorylated at Ser-115 by PKA/PRKACA, leading to localization to the cytoplasm. Autophosphorylated (By similarity)",1
2789,P40189,Interleukin-6 receptor subunit beta,Phosphorylation of Ser-782 down-regulates cell surface expression,0
2794,P22455,Fibroblast growth factor receptor 4,Autophosphorylated. Binding of FGF family members together with heparan sulfate proteoglycan or heparin promotes receptor dimerization and autophosphorylation on tyrosine residues. Autophosphorylation occurs in trans between the two FGFR molecules present in the dimer,0
2795,P40145,Adenylate cyclase type 8,Phosphorylated by PKA; mediates inhibition of adenylate cyclase activity at membrane raft; does not influence either CALM1 or PPP2CA interaction with ADCY8,1
2797,Q9Y4F9,Rho family-interacting cell polarization regulator 2,"Phosphorylated. Isoform 2 is phosphorylated in T cells (PubMed:27556504). Chemokine-induced phosphorylation of isoform 2 in neutrophils occurs in a PKC- and AKT-dependent manner, resulting in RIPOR2 interaction with YWHAB and stabilization (PubMed:25588844). Isoform 2 is phosphorylated by PKCA, AKT1 and MAPKAPK1A; in vitro (PubMed:25588844)",1
2802,Q9BXL7,Caspase recruitment domain-containing protein 11,"Phosphorylation at Ser-559, Ser-644 and Ser-652 by PRKCB and PRKCQ leads to a shift from an inactive to an active form that activates the NF-kappa-B signaling",1
2803,P49407,Beta-arrestin-1,"Constitutively phosphorylated at Ser-412 in the cytoplasm. At the plasma membrane, is rapidly dephosphorylated, a process that is required for clathrin binding and ADRB2 endocytosis but not for ADRB2 binding and desensitization. Once internalized, is rephosphorylated",0
2807,Q8NFJ5,Retinoic acid-induced protein 3,"Phosphorylated in two conserved double-tyrosine motifs, Tyr-317/Tyr-320 and Tyr-347/Tyr-350, by EGFR; leading to inactivation of the tumor suppressive function of GPRC5A in lung cancer cells. Tyr-317 and Tyr-320 are the preferred residues responsible for EGFR-mediated GPRC5A phosphorylation",1
2816,Q96PH1,NADPH oxidase 5,"Phosphorylation at Ser-475 by CaMK2 and at Ser-490, Thr-494 and Ser-498 by PKC/PRKCA positively regulates its catalytic activity",1
2832,P50750,Cyclin-dependent kinase 9,"Autophosphorylation at Thr-186, Ser-347, Thr-350, Ser-353, Thr-354 and Ser-357 triggers kinase activity by promoting cyclin and substrate binding (e.g. HIV TAT) upon conformational changes. Thr-186 phosphorylation requires the calcium Ca(2+) signaling pathway, including CaMK1D and calmodulin. This inhibition is relieved by Thr-29 dephosphorylation. However, phosphorylation at Thr-29 is inhibitory within the HIV transcription initiation complex. Phosphorylation at Ser-175 inhibits kinase activity. Can be phosphorylated on either Thr-362 or Thr-363 but not on both simultaneously (PubMed:18566585)",1
2833,P50750,Cyclin-dependent kinase 9,"Dephosphorylation of Thr-186 by PPM1A and PPM1B blocks CDK9 activity and may lead to CDK9 proteasomal degradation. However, PPP1CA-mediated Thr-186 dephosphorylation is required to release P-TEFb from its inactive P-TEFb/7SK snRNP complex. Dephosphorylation of C-terminus Thr and Ser residues by protein phosphatase-1 (PP1) triggers CDK9 activity, contributing to the activation of HIV-1 transcription",0
2834,P50750,Cyclin-dependent kinase 9,"N6-acetylation of Lys-44 promotes kinase activity, whereas acetylation of both Lys-44 and Lys-48 mediated by PCAF/KAT2B and GCN5/KAT2A reduces kinase activity (PubMed:17452463, PubMed:18250157). The acetylated form associates with PML bodies in the nuclear matrix and with the transcriptionally silent HIV-1 genome; deacetylated upon transcription stimulation (PubMed:17452463, PubMed:18250157). Deacetylated by SIRT7, promoting the kinase activity and subsequent 'Ser-2' phosphorylation of the C-terminal domain (CTD) of RNA polymerase II (PubMed:28426094)",0
2835,P50750,Cyclin-dependent kinase 9,Polyubiquitinated and thus activated by UBR5. This ubiquitination is promoted by TFIIS/TCEA1 and favors 'Ser-2' phosphorylation of RPB1/POLR2A CTD,0
2836,P24844,Myosin regulatory light polypeptide 9,Phosphorylation increases the actin-activated myosin ATPase activity and thereby regulates the contractile activity. It is required to generate the driving force in the migration of the cells but not necessary for localization of myosin-2 at the leading edge. Phosphorylation is required for myotube formation. Phosphorylated by DAPK3; DAPK3-mediated phosphorylation is inhibited by LUZP1 (PubMed:38009294),1
2840,Q9NQS5,G-protein coupled receptor 84,"Phosphorylated by a subset of GPR84-activating ligands. Constitutively phosphorylated at Ser-221 and Ser-224 in the absence of 2-HTP. By contrast, Thr-263 and Thr-264 are phosphorylated only following prior cell treatment with 2-HTP",1
2844,O60814,Histone H2B type 1-K,"Phosphorylation at Ser-37 (H2BS36ph) by AMPK in response to stress promotes transcription (By similarity). Phosphorylated on Ser-15 (H2BS14ph) by STK4/MST1 during apoptosis; which facilitates apoptotic chromatin condensation (PubMed:12757711). Also phosphorylated on Ser-15 in response to DNA double strand breaks (DSBs), and in correlation with somatic hypermutation and immunoglobulin class-switch recombination",0
2846,O60814,Histone H2B type 1-K,"ADP-ribosylated by PARP1 or PARP2 on Ser-7 (H2BS6ADPr) in response to DNA damage (PubMed:34874266). H2BS6ADPr promotes recruitment of CHD1L (PubMed:34874266). Mono-ADP-ribosylated on Glu-3 (H2BE2ADPr) by PARP3 in response to single-strand breaks (PubMed:27530147). Poly ADP-ribosylation on Glu-36 (H2BE35ADPr) by PARP1 regulates adipogenesis: it inhibits phosphorylation at Ser-37 (H2BS36ph), thereby blocking expression of pro-adipogenetic genes (By similarity)",0
2851,P51955,Serine/threonine-protein kinase Nek2,Activated by autophosphorylation. Protein phosphatase 1 represses autophosphorylation and activation of isoform 1 by dephosphorylation. Phosphorylation by STK3/MST2 is necessary for its localization to the centrosome,1
2854,O14654,Insulin receptor substrate 4,"Phosphorylated on tyrosine residues in response to both insulin and IGF1 signaling. Phosphorylated on Tyr-921 in response to FGF2 signaling. Phosphorylation of Tyr-921 is required for GRB2, phospholipase C-gamma and phosphatidylinositol 3-kinase interaction",0
2863,Q6PKG0,La-related protein 1,Phosphorylated on multiple Ser and Thr residues in response to active mTORC1. Phosphorylation is important for interaction with RPTOR and the mTORC1 complex. Phosphorylation promotes dissociation from the 5'UTR of mRNA molecules with a 5'TOP motif,0
2869,Q15121,Astrocytic phosphoprotein PEA-15,Phosphorylated by protein kinase C and calcium-calmodulin-dependent protein kinase. These phosphorylation events are modulated by neurotransmitters or hormones,0
2875,Q13286,Battenin,"Phosphorylated on both serine and threonine residues by PKA, PKG and CK2",0
2886,Q9UQ80,Proliferation-associated protein 2G4,Phosphorylated on serine and threonine residues. Phosphorylation is enhanced by HRG treatment. Basal phosphorylation is PKC-dependent and HRG-induced phosphorylation is predominantly PKC-independent. Phosphorylation at Ser-361 by PKC/PRKCD regulates its nucleolar localization,1
2887,Q9UQ80,Proliferation-associated protein 2G4,"In cancer cells, isoform 2 is polyubiquitinated leading to its proteasomal degradation and phosphorylation by PKC/PRKCD enhances polyubiquitination",0
2888,Q9P2Y5,UV radiation resistance-associated gene protein,"Phosphorylated at Ser-498 by MTOR under basal conditions; increases the interaction with RUBCN implicated in inhibitory effect of RUBCN on PI3KC3 and decreases interaction with RAB7,A and VPS16 and VPS39 (indicative for a class C Vps complex, possibly the HOPS complex) (PubMed:25533187)",1
2890,O15111,Inhibitor of nuclear factor kappa-B kinase subunit alpha,"Phosphorylated by MAP3K14/NIK, AKT and to a lesser extent by MEKK1, and dephosphorylated by PP2A. Autophosphorylated",1
2892,O15111,Inhibitor of nuclear factor kappa-B kinase subunit alpha,"(Microbial infection) Acetylation of Thr-179 by Yersinia YopJ prevents phosphorylation and activation, thus blocking the I-kappa-B signaling pathway",0
2895,P23229,Integrin alpha-6,"Isoforms containing segment A, but not segment B, are the major targets for PMA-induced phosphorylation. Phosphorylation occurs on 'Ser-1103' of isoform alpha-6X1X2A. Phosphorylation is not required for the induction of integrin alpha-6A/beta-1 high affinity but may reduce the affinity for ligand",0
2898,Q13322,Growth factor receptor-bound protein 10,"Phosphorylated on serine residues upon EGF, FGF and PDGF stimulation (By similarity). Phosphorylated at Tyr-67 by TEC",1
2899,O95049,Tight junction protein ZO-3,Phosphorylated (By similarity),0
2901,Q5QNW6,Histone H2B type 2-F,"Phosphorylation at Ser-37 (H2BS36ph) by AMPK in response to stress promotes transcription (By similarity). Phosphorylated on Ser-15 (H2BS14ph) by STK4/MST1 during apoptosis; which facilitates apoptotic chromatin condensation (PubMed:12757711). Also phosphorylated on Ser-15 in response to DNA double strand breaks (DSBs), and in correlation with somatic hypermutation and immunoglobulin class-switch recombination",0
2903,Q5QNW6,Histone H2B type 2-F,"ADP-ribosylated by PARP1 or PARP2 on Ser-7 (H2BS6ADPr) in response to DNA damage (PubMed:34874266). H2BS6ADPr promotes recruitment of CHD1L (PubMed:34874266). Poly ADP-ribosylation on Glu-36 (H2BE35ADPr) by PARP1 regulates adipogenesis: it inhibits phosphorylation at Ser-37 (H2BS36ph), thereby blocking expression of pro-adipogenetic genes (By similarity)",0
2918,O60829,P antigen family member 4,"HIPK1-mediated phosphorylation at Thr-51 leads to the compaction of its intrinsically disordered conformation and is critical for its ability to potentiate the transcriptional activator activity of JUN inspite of a reduced interaction with JUN (PubMed:24559171, PubMed:26242913). CLK2-mediated phosphorylation at multiple Ser and Thr residues attenuates its ability to potentiate JUN transcriptional activator activity (PubMed:28289210)",1
2926,P14920,D-amino-acid oxidase,"Phosphorylated in the cerebellum; probably not by PRKACA, PRKCA or PRKCE",0
2928,P18433,Receptor-type tyrosine-protein phosphatase alpha,"Integrin binding to extracellular matrix induces phosphorylation at Tyr-798 which induces PTPRA localization and recruitment of BCAR3, BCAR1 and CRK to focal adhesions",0
2934,P04150,Glucocorticoid receptor,"Phosphorylated in the absence of hormone; becomes hyperphosphorylated in the presence of glucocorticoid. The Ser-203, Ser-226 and Ser-404-phosphorylated forms are mainly cytoplasmic, and the Ser-211-phosphorylated form is nuclear (PubMed:12000743, PubMed:18838540). Phosphorylation at Ser-211 increases transcriptional activity (PubMed:12000743, PubMed:18483179). Phosphorylation at Ser-203, Ser-226 and Ser-404 decreases signaling capacity (PubMed:12000743, PubMed:18483179, PubMed:18838540). Phosphorylation at Ser-404 may protect from glucocorticoid-induced apoptosis (PubMed:18838540). Phosphorylation at Ser-203 and Ser-211 is not required in regulation of chromosome segregation (PubMed:25847991). May be dephosphorylated by PPP5C, attenuates NR3C1 action (By similarity)",0
2943,Q13509,Tubulin beta-3 chain,"Phosphorylated on Ser-172 by CDK1 during the cell cycle, from metaphase to telophase, but not in interphase. This phosphorylation inhibits tubulin incorporation into microtubules",0
2951,Q96IZ0,PRKC apoptosis WT1 regulator protein,Preferentially phosphorylated at the Thr-163 by PKC in cancer cells,1
2953,Q6PGN9,Proline/serine-rich coiled-coil protein 1,Phosphorylated during mitosis,0
2957,P78347,General transcription factor II-I,"Transiently phosphorylated on tyrosine residues by BTK in response to B-cell receptor stimulation. Phosphorylation on Tyr-248 and Tyr-398, and perhaps, on Tyr-503 contributes to BTK-mediated transcriptional activation",0
2965,Q8NG31,Outer kinetochore KNL1 complex subunit KNL1,Phosphorylation by AURKB negatively regulates its interaction with protein phosphatase 1 (PP1) subunit PPP1CA and with microtubules,1
2967,Q9UK17,A-type voltage-gated potassium channel KCND3,Regulated through phosphorylation at Ser-569 by CaMK2D,0
2968,O96020,G1/S-specific cyclin-E2,Phosphorylation by CDK2 triggers its release from CDK2 and degradation via the ubiquitin proteasome pathway,1
2972,Q01629,Interferon-induced transmembrane protein 2,Phosphorylation at Tyr-19 is required for endosomal and lysosomal location,0
2973,Q96PR1,Voltage-gated potassium channel KCNC2,"Phosphorylated by PKA in cortical synaptosomes. cAMP-dependent phosphorylation inhibits channel activity (By similarity). Histamine H2 receptor- and PKA-induced phosphorylation extends action potential spike duration, reduces action potential spike amplitude, sustains maximum firing frequency in hippocampal interneurons; also reduces the incidence of high-frequency oscillations in hippocampal CA3 pyramidal cell layers",1
2976,P02545,Prelamin-A/C,"Phosphorylation plays a key role in lamin organization, subcellular localization and nuclear envelope disintegration (PubMed:2188730, PubMed:2344612, PubMed:24741066, PubMed:37788673, PubMed:37832547). Phosphorylation by CDK1 at Ser-22 and Ser-392 at the onset of mitosis drives lamin disassembly and nuclear envelope breakdown (PubMed:2188730, PubMed:2344612). Phosphorylation at Ser-22 and Ser-392 during interphase promotes localization to the nucleoplasm and regulates lamina assembly (PubMed:24741066). Phosphorylation at Ser-22, Ser-392 and Ser-628 during interphase causes redistribution between the nucleus and the cytoplasm (PubMed:24741066). Phosphorylation at Ser-22 by CDK1 regulates matrix stiffness (PubMed:25127216). Phosphorylation status of Ser-22 determines its localization between double-strand break (DSB) sites and the nuclear matrix (PubMed:31548606). Phosphorylated by ATR at Ser-282 in response to DNA damage, leading to lamin disassembly and nuclear envelope rupture (PubMed:37832547). Phosphorylation also regulates stability in micronuclei arising from genome instability: phosphorylation at Ser-395 by ATR in response to genome instability and double-stranded DNA breaks primes LMNA for subsequent phosphorylation at Ser-392 by CDK1 and micronuclei envelope rupture (PubMed:37788673). The rupture of micronuclear envelope triggers the cGAS-STING pathway thereby activating the type I interferon response and innate immunity (PubMed:37788673)",0
2979,Q06413,Myocyte-specific enhancer factor 2C,Phosphorylation on Ser-59 enhances DNA binding activity (By similarity). Phosphorylation on Ser-396 is required for Lys-391 sumoylation and inhibits transcriptional activity,0
2982,Q06413,Myocyte-specific enhancer factor 2C,"Proteolytically cleaved in cerebellar granule neurons, probably by caspase 7, following neurotoxicity. Preferentially cleaves the CDK5-mediated hyperphosphorylated form which leads to neuron apoptosis and transcriptional inactivation",0
2984,O00221,NF-kappa-B inhibitor epsilon,Serine phosphorylated; followed by proteasome-dependent degradation,0
2985,O43303,Centriolar coiled-coil protein of 110 kDa,Phosphorylated by CDKs,1
2988,Q96CG3,TRAF-interacting protein with FHA domain-containing protein A,"Phosphorylated at Thr-9 following detection of ADP-D-glycero-beta-D-manno-heptose (ADP-Heptose) by ALPK1 (PubMed:30111836). Phosphorylation at Thr-9 by ALPK1 leads to the formation of an intermolecular binding between the FHA domain and phosphorylated Thr-9, promoting TIFA oligomerization and TIFA-mediated NF-kappa-B activation (PubMed:22566686, PubMed:26389808, PubMed:30111836)",1
2991,O43255,E3 ubiquitin-protein ligase SIAH2,"Phosphorylated at Ser-28 by MAPK14, which mediates the degradation by the proteasome of EGLN3 (By similarity). Phosphorylated at Ser-28 by DYRK2; this increases the ubiquitin ligase activity and promotes degradation of EGLN3",1
2992,O43586,Proline-serine-threonine phosphatase-interacting protein 1,"Dephosphorylated on Tyr-345 by PTPN18, this event negatively regulates the association of PSTPIP1 with SH2 domain-containing proteins as tyrosine kinase. Phosphorylation of Tyr-345 is probably required for subsequent phosphorylation at other tyrosine residues. Phosphorylation is induced by activation of the EGFR and PDGFR in a ABL1 dependent manner. The phosphorylation regulates the interaction with WAS and with MEFV (By similarity)",0
2994,P24928,DNA-directed RNA polymerase II subunit RPB1,"The tandem heptapeptide repeats in the C-terminal domain (CTD) can be highly phosphorylated (PubMed:28076779). The phosphorylation activates Pol II. Phosphorylation occurs mainly at residues 'Ser-2' and 'Ser-5' of the heptapeptide repeat and is mediated, at least, by CDK7 and CDK9. CDK7 phosphorylation of POLR2A associated with DNA promotes transcription initiation by triggering dissociation from DNA. Phosphorylation also takes place at 'Ser-7' of the heptapeptide repeat, which is required for efficient transcription of snRNA genes and processing of the transcripts. The phosphorylation state is believed to result from the balanced action of site-specific CTD kinases and phosphatases, and a 'CTD code' that specifies the position of Pol II within the transcription cycle has been proposed. Dephosphorylated by the protein phosphatase CTDSP1. Dephosphorylated at 'Ser-2' following UV irradiation",1
2995,P24928,DNA-directed RNA polymerase II subunit RPB1,"Among tandem heptapeptide repeats of the C-terminal domain (CTD) some do not match the Y-S-P-T-S-P-S consensus, the seventh serine residue 'Ser-7' being replaced by a lysine. 'Lys-7' in these non-consensus heptapeptide repeats can be alternatively acetylated, methylated and dimethylated. EP300 is one of the enzyme able to acetylate 'Lys-7'. Acetylation at 'Lys-7' of non-consensus heptapeptide repeats is associated with 'Ser-2' phosphorylation and active transcription. Regulates initiation or early elongation steps of transcription specially for inducible genes",0
2996,P24928,DNA-directed RNA polymerase II subunit RPB1,"Methylated at Arg-1810 prior to transcription initiation when the CTD is hypophosphorylated, phosphorylation at Ser-1805 and Ser-1808 preventing this methylation. Symmetrically or asymmetrically dimethylated at Arg-1810 by PRMT5 and CARM1 respectively. Symmetric or asymmetric dimethylation modulates interactions with CTD-binding proteins like SMN1/SMN2 and TDRD3. SMN1/SMN2 interacts preferentially with the symmetrically dimethylated form while TDRD3 interacts with the asymmetric form. Through the recruitment of SMN1/SMN2, symmetric dimethylation is required for resolving RNA-DNA hybrids created by RNA polymerase II, that form R-loop in transcription terminal regions, an important step in proper transcription termination. CTD dimethylation may also facilitate the expression of select RNAs. Among tandem heptapeptide repeats of the C-terminal domain (CTD) some do not match the Y-S-P-T-S-P-S consensus, the seventh serine residue 'Ser-7' being replaced by a lysine. 'Lys-7' in these non-consensus heptapeptide repeats can be alternatively acetylated, methylated, dimethylated and trimethylated. Methylation occurs in the earliest transcription stages and precedes or is concomitant to 'Ser-5' and 'Ser-7' phosphorylation. Dimethylation and trimehtylation at 'Lys-7' of non-consensus heptapeptide repeats are exclusively associated with phosphorylated CTD",0
2999,P02686,Myelin basic protein,"Several charge isomers of MBP; C1 (the most cationic, least modified, and most abundant form), C2, C3, C4, C5, C6, C7, C8-A and C8-B (the least cationic form); are produced as a result of optional PTM, such as phosphorylation, deamidation of glutamine or asparagine, arginine citrullination and methylation. C8-A and C8-B contain each two mass isoforms termed C8-A(H), C8-A(L), C8-B(H) and C8-B(L), (H) standing for higher and (L) for lower molecular weight. C3, C4 and C5 are phosphorylated. The ratio of methylated arginine residues decreases during aging, making the protein more cationic",0
3003,P02686,Myelin basic protein,"Phosphorylated by TAOK2, VRK2, MAPK11, MAPK12, MAPK14 and MINK1",0
3008,P04198,N-myc proto-oncogene protein,Phosphorylated by GSK3-beta which may promote its degradation (PubMed:24391509). Phosphorylated by AURKA (PubMed:27837025),1
3010,P10916,"Myosin regulatory light chain 2, ventricular/cardiac muscle isoform",Phosphorylated by MYLK3 and MYLK2; promotes cardiac muscle contraction and function (By similarity). Dephosphorylated by PPP1CB complexed to PPP1R12B (By similarity). The phosphorylated form in adult is expressed as gradients across the heart from endocardium (low phosphorylation) to epicardium (high phosphorylation); regulates cardiac torsion and workload distribution (By similarity),0
3011,Q99966,Cbp/p300-interacting transactivator 1,Phosphorylated. Phosphorylation changes in a cell cycle-dependent manner and reduces its transcriptional coactivator activity,0
3017,Q16520,Basic leucine zipper transcriptional factor ATF-like,Phosphorylated on serine and threonine residues and at least one tyrosine residue. Phosphorylation at Ser-43 inhibit DNA binding activity and transforms it as a negative regulator of AP-1 mediated transcription (By similarity),0
3018,Q16520,Basic leucine zipper transcriptional factor ATF-like,Phosphorylated,0
3022,O60936,Nucleolar protein 3,Phosphorylation at Thr-149 is required for its antiapoptotic effect by blocking death-inducing signaling complex death-inducing signaling complex (DISC) activity through the control of interaction with CASP8. Phosphorylation at Thr-149 results in translocation to mitochondria and this translocation enables the binding to CASP8. Dephosphorylated at Thr-149 by calcineurin; doesn't inhibit the association between FADD and CASP8 and the consequent apoptosis,0
3024,Q96SD1,Protein artemis,"Phosphorylation on undefined residues by PRKDC may stimulate endonucleolytic activity on 5' and 3' hairpins and overhangs. PRKDC must remain present, even after phosphorylation, for efficient hairpin opening. Also phosphorylated by ATM in response to ionizing radiation (IR) and by ATR in response to ultraviolet (UV) radiation",1
3025,Q9UQF2,C-Jun-amino-terminal kinase-interacting protein 1,"Phosphorylated by MAPK8, MAPK9 and MAPK10. Phosphorylation on Thr-103 is also necessary for the dissociation and activation of MAP3K12. Phosphorylated by isoform 1 and isoform 2 of VRK2. Hyperphosphorylated during mitosis following activation of stress-activated and MAP kinases",1
3026,Q9UQF2,C-Jun-amino-terminal kinase-interacting protein 1,"Ubiquitinated. Two preliminary events are required to prime for ubiquitination; phosphorylation and an increased in intracellular calcium concentration. Then, the calcium influx initiates ubiquitination and degradation by the ubiquitin-proteasome pathway",0
3031,P29966,Myristoylated alanine-rich C-kinase substrate,Phosphorylation by PKC displaces MARCKS from the membrane. It also inhibits the F-actin cross-linking activity. PKC-mediated phosphorylation increases 4 to 5-fold upon TNF-alpha or LPS induction,1
3033,P29966,Myristoylated alanine-rich C-kinase substrate,Acetylated at Lys-172 by KAT5; acetylation is required for its subsequent phosphorylation. Deacetylated by SIRT2,0
3034,Q5VT06,Centrosome-associated protein 350,Phosphorylated during mitosis,0
3041,P46100,Transcriptional regulator ATRX,Phosphorylated at serine residues during mitose. Phosphorylation may promote the release from the nuclear matrix and progression to mitosis,0
3043,Q15054,DNA polymerase delta subunit 3,"Phosphorylation at Ser-458 is catalyzed in vitro by PKA. It is thought to decrease the affinity for PCNA and Pol-delta4 processivity (PubMed:22148433). Can also be phosphorylated in vitro by CDK1-cyclin-A complex, as well as CDK2-cyclin-A and CDK2-cyclin-E complexes. PCNA interferes with CDK-cyclin phosphorylation (PubMed:11595739)",0
3048,Q13164,Mitogen-activated protein kinase 7,"Dually phosphorylated on Thr-219 and Tyr-221, which activates the enzyme (By similarity). Autophosphorylated in vitro on threonine and tyrosine residues when the C-terminal part of the kinase, which could have a regulatory role, is absent",1
3049,Q86Z02,Homeodomain-interacting protein kinase 1,Autophosphorylated. Phosphorylated and activated by JNK1,1
3052,Q8IZF0,Sodium leak channel NALCN,Phosphorylated on tyrosine residues,0
3061,Q9NPC3,E3 ubiquitin-protein ligase CCNB1IP1,Phosphorylated by CDK1 on serine or threonine residues (in vitro),0
3072,Q8NC56,LEM domain-containing protein 2,Phosphorylated; strongly phosphorylated in mitosis compared to G1/S,0
3073,Q9H211,DNA replication factor Cdt1,"Two independent E3 ubiquitin ligase complexes, SCF(SKP2) and the DCX(DTL) complex, mediated CDT1 degradation in S phase. Ubiquitinated by the DCX(DTL) complex, in response to DNA damage, leading to its degradation. Ubiquitination by the DCX(DTL) complex is necessary to ensure proper cell cycle regulation and is PCNA-dependent: interacts with PCNA via its PIP-box, while the presence of the containing the 'K+4' motif in the PIP box, recruit the DCX(DTL) complex, leading to its degradation. Phosphorylation at Thr-29 by CDK2 targets CDT1 for ubiquitination by SCF(SKP2) E3 ubiquitin ligase and subsequent degradation (PubMed:14993212). The interaction with GMNN protects it against ubiquitination. Deubiquitinated by USP37 (PubMed:27296872)",1
3074,Q9H211,DNA replication factor Cdt1,"Phosphorylation by cyclin A-dependent kinases at Thr-29 targets CDT1 for ubiquitynation by SCF(SKP2) E3 ubiquitin ligase and subsequent degradation (PubMed:14993212). Phosphorylated at Thr-29 by MAPK8/JNK1, which blocks replication licensing in response to stress (PubMed:21856198). Binding to GMNN is not affected by phosphorylation",0
3079,Q9UPZ9,Serine/threonine-protein kinase ICK,Autophosphorylated on serine and threonine residues. Phosphorylation at Thr-157 increases kinase activity,1
3084,P01111,GTPase NRas,Phosphorylation at Ser-89 by STK19 enhances NRAS-association with its downstream effectors,0
3086,P49959,Double-strand break repair protein MRE11,"Phosphorylated by ATM at Ser-676 and Ser-678 in response to DNA damage, promoting MRE11 activity: phosphorylation activates MRE11 by preventing the interaction between MRE11 and the C1QBP inhibitor (PubMed:16601701, PubMed:26240375, PubMed:31353207). Phosphorylation at Ser-649 by PLK1 primes for phosphorylation at Ser-688 by CK2, inhibiting recruitment of the MRN complex to DNA damage sites (PubMed:28512243)",1
3096,Q15139,Serine/threonine-protein kinase D1,"Phosphorylated at Ser-397 and Ser-401 by MAPK13 during regulation of insulin secretion in pancreatic beta cells (PubMed:19135240). Phosphorylated by DAPK1 (PubMed:17703233). Phosphorylated at Tyr-95 and by ABL at Tyr-463, which primes the kinase in response to oxidative stress, and promotes a second step activating phosphorylation at Ser-738/Ser-742 by PKRD (PubMed:12637538, PubMed:15024053, PubMed:17804414). Phosphorylated on Ser-910 upon S.enterica infection in macrophages (By similarity)",1
3101,Q15286,Ras-related protein Rab-35,Phosphocholinated by L.pneumophila AnkX. Both GDP-bound and GTP-bound forms can be phosphocholinated. Phosphocholination inhibits the GEF activity of DENND1A,0
3102,Q9UHD2,Serine/threonine-protein kinase TBK1,"Autophosphorylation at Ser-172 activates the kinase, and is an essential step for virus-triggered signaling. Phosphorylated by IKBKB/IKKB at Ser-172. Phosphorylation requires homodimerization and ubiquitination at Lys-30 and Lys-401. Dephosphorylated at Ser-172 by PPM1B and this negatively regulates its role in mediating antiviral response",1
3108,Q7Z591,Microtubule organization protein AKNA,Phosphorylated; phosphorylation regulates dissociation from and reassembly at the centrosome,0
3113,Q9NR19,"Acetyl-coenzyme A synthetase, cytoplasmic","Glucose deprivation results in its AMPK-dependent phosphorylation at Ser-659, which leads to exposure of its nuclear localization signal, required for its interaction with KPNA1 and subsequent translocation to the nucleus",0
3116,P16410,Cytotoxic T-lymphocyte protein 4,"Phosphorylation at Tyr-201 prevents binding to the AP-2 adapter complex, blocks endocytosis, and leads to retention of CTLA4 on the cell surface",0
3127,P38606,V-type proton ATPase catalytic subunit A,Phosphorylation at Ser-384 by AMPK down-regulates its enzyme activity,1
3138,Q92953,Potassium voltage-gated channel subfamily B member 2,"Phosphorylated. Phosphorylation at Ser-608 of the FFAT motif activates interaction with MOSPD2, VAPA and VAPB (PubMed:33124732)",0
3139,Q13418,Scaffold protein ILK,Phosphorylation by PAK1 modulates ILK subcellular location by promoting its nuclear export,1
3142,P46060,Ran GTPase-activating protein 1,"Phosphorylation occurs before nuclear envelope breakdown and continues throughout mitosis. Phosphorylated by the M-phase kinase cyclin B/Cdk1, in vitro. Differential timimg of dephosphorylation occurs during phases of mitosis. The phosphorylated form remains associated with RANBP2/NUP358 and the SUMO E2-conjugating enzyme, UBE2I, on nuclear pore complex (NPC) diassembly and during mitosis",1
3144,Q08945,FACT complex subunit SSRP1,Phosphorylated by CK2 following UV but not gamma irradiation. Phosphorylation inhibits its DNA-binding activity,1
3147,Q7Z6J0,E3 ubiquitin-protein ligase SH3RF1,"Phosphorylated at Ser-304 by AKT1 and AKT2. When phosphorylated, it has reduced ability to bind Rac",1
3151,P20916,Myelin-associated glycoprotein,Phosphorylated on tyrosine residues,0
3157,Q15118,"[Pyruvate dehydrogenase (acetyl-transferring)] kinase isozyme 1, mitochondrial","Phosphorylated by constitutively activated ABL1, FGFR1, FLT3 and JAK2 (in vitro), and this may also occur in cancer cells that express constitutively activated ABL1, FGFR1, FLT3 and JAK2. Phosphorylation at Tyr-243 and Tyr-244 strongly increases kinase activity, while phosphorylation at Tyr-136 has a lesser effect (PubMed:22195962). Phosphorylated under hypoxic conditions at Thr-338 by phosphoglycerate kinase PGK1 which has an activating effect (PubMed:26942675)",0
3158,Q92547,DNA topoisomerase 2-binding protein 1,Phosphorylated on serine and threonine residues in response to X-ray irradiation,0
3163,P12270,Nucleoprotein TPR,Phosphorylated. Phosphorylation occurs on serine and threonine residues (comprised in the C-terminal region) by MAPK1/ERK2 and stabilizes the interaction between these two proteins,1
3170,Q9Y6F6,"Inositol 1,4,5-triphosphate receptor associated 1",Phosphorylated by PRKG1/cGKI-beta; Ser-386 showed constitutive phosphorylation in platelets whereas Ser-676 is only phosphorylated in presence of cGMP and nitric oxide (NO); Ser-689 is phosphorylated in resting platelets but increases in presence of cGMP and NO. PRKG1 inhibitor prevents phosphorylation of Ser-676 and Ser-689 in response to NO and cGMP,0
3171,P21802,Fibroblast growth factor receptor 2,Autophosphorylated. Binding of FGF family members together with heparan sulfate proteoglycan or heparin promotes receptor dimerization and autophosphorylation on several tyrosine residues. Autophosphorylation occurs in trans between the two FGFR molecules present in the dimer. Phosphorylation at Tyr-769 is essential for interaction with PLCG1,1
3173,P21802,Fibroblast growth factor receptor 2,"Ubiquitinated. FGFR2 is rapidly ubiquitinated after autophosphorylation, leading to internalization and degradation. Subject to degradation both in lysosomes and by the proteasome",0
3175,Q8IWV8,E3 ubiquitin-protein ligase UBR2,"Dephosphorylated by DUSP22 at Ser-1694 and Tyr-1697, leading to subsequent ubiquitination and proteasomal degradation",1
3176,Q8IWV8,E3 ubiquitin-protein ligase UBR2,"'Lys-48'-linked ubiquitinated at Lys-94, Lys-779 and Lys-1599 following DUSP22-mediated dephosphorylation of Ser-1694 and Tyr-1697 which promotes UBR2 interaction with the SCF(FBW1A) E3 ubiquitin-protein ligase complex",0
3179,Q9NRR5,Ubiquilin-4,"Phosphorylated by ATM at Ser-318 in response to DNA damage, leading to localization in the nucleus and recruitment to sites of DNA damage",1
3186,Q92930,Ras-related protein Rab-8B,"Phosphorylation of Thr-72 in the switch II region by LRRK2 prevents the association of RAB regulatory proteins, including CHM, CHML and RAB GDP dissociation inhibitors GDI1 and GDI2",1
3198,P45983,Mitogen-activated protein kinase 8,"Dually phosphorylated on Thr-183 and Tyr-185 by MAP2K7 and MAP2K4, which activates the enzyme (PubMed:11062067). Phosphorylated by TAOK2 (PubMed:17158878). May be phosphorylated at Thr-183 and Tyr-185 by MAP3K1/MEKK1 (PubMed:17761173). Phosphorylated form is more concentrated at synapses than none-phosphorylated (By similarity)",1
3203,O15259,Nephrocystin-1,Phosphorylation by CK2 is required for the interaction with PACS1 and the targeting to the base region of cilia,1
3207,Q8TAP9,M-phase-specific PLK1-interacting protein,Phosphorylated during mitosis in the cell cycle probably by CDK1,1
3209,Q9GZM8,Nuclear distribution protein nudE-like 1,"Phosphorylated in mitosis. Can be phosphorylated by CDK1, CDK5 and MAPK1. Phosphorylation by CDK5 promotes interaction with KATNA1 and YWHAE",1
3211,P09619,Platelet-derived growth factor receptor beta,"Autophosphorylated on tyrosine residues upon ligand binding. Autophosphorylation occurs in trans, i.e. one subunit of the dimeric receptor phosphorylates tyrosine residues on the other subunit. Phosphorylation at Tyr-579, and to a lesser degree, at Tyr-581, is important for interaction with SRC family kinases. Phosphorylation at Tyr-740 and Tyr-751 is important for interaction with PIK3R1. Phosphorylation at Tyr-751 is important for interaction with NCK1. Phosphorylation at Tyr-771 and Tyr-857 is important for interaction with RASA1/GAP. Phosphorylation at Tyr-857 is important for efficient phosphorylation of PLCG1 and PTPN11, resulting in increased phosphorylation of AKT1, MAPK1/ERK2 and/or MAPK3/ERK1, PDCD6IP/ALIX and STAM, and in increased cell proliferation. Phosphorylation at Tyr-1009 is important for interaction with PTPN11. Phosphorylation at Tyr-1009 and Tyr-1021 is important for interaction with PLCG1. Phosphorylation at Tyr-1021 is important for interaction with CBL; PLCG1 and CBL compete for the same binding site. Dephosphorylated by PTPRJ at Tyr-751, Tyr-857, Tyr-1009 and Tyr-1021. Dephosphorylated by PTPN2 at Tyr-579 and Tyr-1021",0
3213,P09619,Platelet-derived growth factor receptor beta,"Ubiquitinated. After autophosphorylation, the receptor is polyubiquitinated, leading to its degradation",0
3214,P20393,Nuclear receptor subfamily 1 group D member 1,"Ubiquitinated, leading to its proteasomal degradation (PubMed:16484495, PubMed:20534529, PubMed:23398316). Ubiquitinated by SIAH2; leading to its proteasomal degradation (PubMed:26392558). Ubiquitinated by the SCF(FBXW7) complex when phosphorylated by CDK1 leading to its proteasomal degradation (By similarity). Rapidly ubiquitinated in response to inflammatory triggers and sumoylation is a prerequisite to its ubiquitination (By similarity)",0
3216,P20393,Nuclear receptor subfamily 1 group D member 1,Phosphorylated by CSNK1E; phosphorylation enhances its cytoplasmic localization,0
3222,Q13283,Ras GTPase-activating protein-binding protein 1,"Phosphorylation of the acidic disordered region regulates stress granule assembly (PubMed:32302571, PubMed:32302572). RASA1-dependent phosphorylation of Ser-149 induces a conformational change that prevents self-association (PubMed:11604510, PubMed:12642610). Dephosphorylation after HRAS activation is required for stress granule assembly (PubMed:11604510, PubMed:12642610). Ser-149 phosphorylation induces partial nuclear localization (PubMed:11604510)",1
3229,Q16620,BDNF/NT-3 growth factors receptor,Phosphorylated. Undergoes ligand-mediated autophosphorylation that is required for interaction with SHC1 and PLCG1 and other downstream effectors. Isoform TrkB-T-Shc is not phosphorylated,1
3232,O14920,Inhibitor of nuclear factor kappa-B kinase subunit beta,"Upon cytokine stimulation, phosphorylated on Ser-177 and Ser-181 by MEKK1 and/or MAP3K14/NIK as well as TBK1 and PRKCZ; which enhances activity (PubMed:10022904, PubMed:16207722). Phosphorylated by MAP3K7/TAK1 in response to NOD1 and NOD2 signaling, promoting activation and phosphorylation of NF-kappa-B inhibitors, leading to NF-kappa-B activation (PubMed:11460167). Once activated, autophosphorylates on the C-terminal serine cluster; which decreases activity and prevents prolonged activation of the inflammatory response (PubMed:10195894). Phosphorylated by the IKK-related kinases TBK1 and IKBKE, which is associated with reduced CHUK/IKKA and IKBKB activity and NF-kappa-B-dependent gene transcription (PubMed:10783893). Dephosphorylated at Ser-177 and Ser-181 by PPM1A and PPM1B (PubMed:18930133)",1
3233,O14920,Inhibitor of nuclear factor kappa-B kinase subunit beta,"(Microbial infection) Acetylation of Thr-180 by Yersinia YopJ prevents phosphorylation and activation, thus blocking the I-kappa-B pathway",0
3234,O14920,Inhibitor of nuclear factor kappa-B kinase subunit beta,"Ubiquitinated. Monoubiquitination involves TRIM21 that leads to inhibition of Tax-induced NF-kappa-B signaling. According to PubMed:19675099, 'Ser-163' does not serve as a monoubiquitination site. According to PubMed:16267042, ubiquitination on 'Ser-163' modulates phosphorylation on C-terminal serine residues",0
3243,P46527,Cyclin-dependent kinase inhibitor 1B,"Phosphorylated; phosphorylation occurs on serine, threonine and tyrosine residues. Phosphorylation on Ser-10 is the major site of phosphorylation in resting cells, takes place at the G(0)-G(1) phase and leads to protein stability. Phosphorylation on other sites is greatly enhanced by mitogens, growth factors, cMYC and in certain cancer cell lines. The phosphorylated form found in the cytoplasm is inactivate. Phosphorylation on Thr-198 is required for interaction with 14-3-3 proteins. Phosphorylation on Thr-187, by CDK1 and CDK2 leads to protein ubiquitination and proteasomal degradation. Tyrosine phosphorylation promotes this process. Phosphorylation by PKB/AKT1 can be suppressed by LY294002, an inhibitor of the catalytic subunit of PI3K. Phosphorylation on Tyr-88 and Tyr-89 has no effect on binding CDK2, but is required for binding CDK4. Dephosphorylated on tyrosine residues by G-CSF",0
3244,P46527,Cyclin-dependent kinase inhibitor 1B,"Ubiquitinated; in the cytoplasm by the KPC complex (composed of RNF123/KPC1 and UBAC1/KPC2) and, in the nucleus, by SCF(SKP2). The latter requires prior phosphorylation on Thr-187. Ubiquitinated; by a TRIM21-containing SCF(SKP2)-like complex; leads to its degradation",0
3254,Q12888,TP53-binding protein 1,"Phosphorylated at basal level in the absence of DNA damage (PubMed:11042216, PubMed:11331310). Phosphorylated by ATM in response to DNA damage: phosphorylation at different sites promotes interaction with different set of proteins: phosphorylation at the N-terminus by ATM (residues from 6-178) promotes interaction with PAXIP1 and non-homologous end joining (NHEJ) of dysfunctional telomeres (PubMed:23727112). Phosphorylation by ATM at residues that are located more C-terminus (residues 300-650) leads to promote interaction with RIF1 (PubMed:23333306, PubMed:23727112, PubMed:28241136). Interaction with RIF1 leads to disrupt interaction with NUDT16L1/TIRR (PubMed:28241136). Phosphorylation at Thr-1609 and Ser-1618 in the UDR motif blocks interaction with H2AK15ub (PubMed:24703952). Dephosphorylated by PPP4C (PubMed:24703952). Hyperphosphorylation during mitosis correlates with its exclusion from chromatin and DNA lesions. Hyperphosphorylated in an ATR-dependent manner in response to DNA damage induced by UV irradiation (PubMed:17553757, PubMed:21144835). Dephosphorylated by PPP5C (PubMed:19176521). Phosphorylation at Ser-366 and Thr-670 promotes interaction with TOPBP1 (PubMed:31135337). Phosphorylated by VRK1 (PubMed:31527692)",0
3257,P00519,Tyrosine-protein kinase ABL1,"Phosphorylation at Tyr-70 by members of the SRC family of kinases disrupts SH3 domain-based autoinhibitory interactions and intermolecular associations, such as that with ABI1, and also enhances kinase activity. Phosphorylation at Tyr-226 and Tyr-393 correlate with increased activity. DNA damage-induced activation of ABL1 requires the function of ATM and Ser-446 phosphorylation (By similarity). Phosphorylation at Ser-569 has been attributed to a CDC2-associated kinase and is coupled to cell division (By similarity). Phosphorylation at Ser-618 and Ser-619 by PAK2 increases binding to CRK and reduces binding to ABI1. Phosphorylation on Thr-735 is required for binding 14-3-3 proteins for cytoplasmic translocation. Phosphorylated by PRKDC (By similarity)",0
3259,O95835,Serine/threonine-protein kinase LATS1,"Autophosphorylated and phosphorylated during M-phase of the cell cycle (PubMed:10518011, PubMed:15122335, PubMed:9988268). Phosphorylated by STK3/MST2 at Ser-909 and Thr-1079, which results in its activation (PubMed:15688006). Phosphorylated by MAP4Ks; in parallel to STK3/MST2 and resulting to its activation (PubMed:26437443). Phosphorylation at Ser-464 by NUAK1 and NUAK2 leads to decreased protein level and is required to regulate cellular senescence and cellular ploidy (PubMed:19927127)",1
3262,P08637,Low affinity immunoglobulin gamma Fc region receptor III-A,"Phosphorylated at RSSTR motif by PKC. The relevant physiological PKCs might be PRKCI, PRKCG, PRKCE, PRKCH and PRKCQ",0
3270,Q9Y266,Nuclear migration protein nudC,Reversibly phosphorylated on serine residues during the M phase of the cell cycle. Phosphorylation on Ser-274 and Ser-326 is necessary for correct formation of mitotic spindles and chromosome separation during mitosis. Phosphorylated by PLK and other kinases,1
3274,Q9NUW8,Tyrosyl-DNA phosphodiesterase 1,"Phosphorylated on serine and/or threonine residues, but not on tyrosine residues",0
3278,Q8NC51,SERPINE1 mRNA-binding protein 1,Phosphorylation by MTOR inhibits SERBP1 and relieves ribosome hibernation,1
3281,P21675,Transcription initiation factor TFIID subunit 1,Phosphorylated by casein kinase II in vitro,1
3282,Q05655,Protein kinase C delta type,"Autophosphorylated and/or phosphorylated at Thr-507, within the activation loop; phosphorylation at Thr-507 is not a prerequisite for enzymatic activity (PubMed:19801500). Autophosphorylated at Ser-299, Ser-302 and Ser-304 (PubMed:17603046). Upon TNFSF10/TRAIL treatment, phosphorylated at Tyr-155; phosphorylation is required for its translocation to the endoplasmic reticulum and cleavage by caspase-3 (PubMed:15774464). Phosphorylated at Tyr-313, Tyr-334 and Tyr-567; phosphorylation of Tyr-313 and Tyr-567 following thrombin or zymosan stimulation potentiates its kinase activity (PubMed:17570831). Phosphorylated by protein kinase PDPK1; phosphorylation is inhibited by the apoptotic C-terminal cleavage product of PKN2 (PubMed:11781095). Phosphorylated at Tyr-313 through a SYK and SRC mechanism downstream of C-type lectin receptors activation, promoting its activation (By similarity)",0
3285,Q9UER7,Death domain-associated protein 6,Phosphorylated by HIPK1 upon glucose deprivation,0
3289,P19525,"Interferon-induced, double-stranded RNA-activated protein kinase","Autophosphorylated on several Ser, Thr and Tyr residues. Autophosphorylation of Thr-451 is dependent on Thr-446 and is stimulated by dsRNA binding and dimerization. Autophosphorylation apparently leads to the activation of the kinase. Tyrosine autophosphorylation is essential for efficient dsRNA-binding, dimerization, and kinase activation",1
3291,Q9Y6D9,Mitotic spindle assembly checkpoint protein MAD1,Phosphorylated; by BUB1 (PubMed:10198256). Become hyperphosphorylated in late S through M phases or after mitotic spindle damage (PubMed:9546394). Phosphorylated; by TTK (PubMed:29162720),1
3292,O75122,CLIP-associating protein 2,Phosphorylated by GSK3B. Phosphorylation reduces MAPRE1 binding (PubMed:26003921). Phosphorylation by GSK3B may negatively regulate binding to microtubule lattices in lamella,1
3293,P05129,Protein kinase C gamma type,"Autophosphorylation on Thr-674 appears to regulate motor functions of junctophilins, JPH3 and JPH4",1
3296,Q9Y4G8,Rap guanine nucleotide exchange factor 2,Phosphorylation by PLK2 promotes its activity,0
3299,Q9NPB6,Partitioning defective 6 homolog alpha,Phosphorylated by the TGF-beta receptor,0
3305,P04629,High affinity nerve growth factor receptor,"Ligand-mediated autophosphorylation (PubMed:1281417, PubMed:15488758, PubMed:27676246, PubMed:28177573, PubMed:2927393, PubMed:7510697, PubMed:8155326, PubMed:8325889). Interaction with SQSTM1 is phosphotyrosine-dependent. Autophosphorylation at Tyr-496 mediates interaction and phosphorylation of SHC1 (PubMed:15488758, PubMed:7510697, PubMed:8155326, PubMed:8325889)",1
3308,Q15831,Serine/threonine-protein kinase STK11,Phosphorylated by ATM at Thr-363 following ionizing radiation (IR). Phosphorylation at Ser-428 by RPS6KA1 and/or some PKA is required to inhibit cell growth. Phosphorylation at Ser-428 is also required during neuronal polarization to mediate phosphorylation of BRSK1 and BRSK2 (By similarity). Phosphorylation by PKC/PRKCZ at Ser-399 in isoform 2 promotes metformin (or peroxynitrite)-induced nuclear export of STK11 and activation of AMPK. UV radiation-induced phosphorylation at Thr-363 mediates CDKN1A degradation (By similarity),0
3314,Q9Y6Q9,Nuclear receptor coactivator 3,Phosphorylated by IKK complex. Regulated its function. Phosphorylation at Ser-601 by CK1 promotes coactivator function,0
3327,Q92784,Zinc finger protein DPF3,Phosphorylation at Ser-323 enhances its interaction with HDGFL2,0
3329,Q9H2X9,Solute carrier family 12 member 5,"Phosphorylated at Thr-929 and Thr-1030 by OXSR1/OSR1 and STK39/SPAK downstream of WNK kinases (WNK1, WNK2, WNK3 or WNK4), inhibiting the potassium-chloride cotransport activity",1
3330,P54259,Atrophin-1,Phosphorylated in vitro by MAPK8/JNK1 on Ser-739. Mutant ATN1 sequences with expanded poly-Gln (polyQ) traits are more slowly phosphorylated,1
3332,Q9Y5B0,RNA polymerase II subunit A C-terminal domain phosphatase,"Phosphorylated. In the presence of TFIIF, the phosphorylated form has an increased CTD phosphatase activity. The phosphorylation is required for the physical interaction with GTF2F1",0
3333,P04234,T-cell surface glycoprotein CD3 delta chain,Phosphorylated on Tyr residues after T-cell receptor triggering by LCK in association with CD4/CD8,0
3335,Q08999,Retinoblastoma-like protein 2,"During G0 and early G1 phase of the cell cycle, phosphorylated on Ser-639 and on 5 sites within the domain B. Phosphorylation on Ser-672 in G1 leads to its ubiquitin-dependent proteolysis",0
3338,O15392,Baculoviral IAP repeat-containing protein 5,"In vitro phosphorylation at Thr-117 by AURKB prevents interaction with INCENP and localization to mitotic chromosomes (PubMed:14610074). Phosphorylation at Thr-48 by CK2 is critical for its mitotic and anti-apoptotic activities (PubMed:21252625). Phosphorylation at Thr-34 by CDK15 is critical for its anti-apoptotic activity (PubMed:24866247). Phosphorylation at Ser-20 by AURKC is critical for regulation of proper chromosome alignment and segregation, and possibly cytokinesis",0
3342,Q12968,"Nuclear factor of activated T-cells, cytoplasmic 3",Phosphorylated by NFATC-kinase; dephosphorylated by calcineurin,0
3345,Q8NER1,Transient receptor potential cation channel subfamily V member 1,"Phosphorylation by PKA reverses capsaicin-induced dephosphorylation at multiple sites, probably including Ser-117 as a major phosphorylation site. Phosphorylation by CAMKII seems to regulate binding to vanilloids. Phosphorylated and modulated by PRKCE, PRKCM and probably PRKCZ. Dephosphorylation by calcineurin seems to lead to receptor desensitization and phosphorylation by CAMKII recovers activity",1
3348,Q14012,Calcium/calmodulin-dependent protein kinase type 1,Phosphorylated by CaMKK1 and CaMKK2 on Thr-177,1
3351,O14974,Protein phosphatase 1 regulatory subunit 12A,"Phosphorylated by CIT (Rho-associated kinase) (By similarity). Phosphorylated cooperatively by ROCK1 and CDC42BP on Thr-696. Phosphorylated on upon DNA damage, probably by ATM or ATR. In vitro, phosphorylation of Ser-695 by PKA and PKG appears to prevent phosphorylation of the inhibitory site Thr-696, probably mediated by PRKG1. Phosphorylation at Ser-445, Ser-472 and Ser-910 by NUAK1 promotes interaction with 14-3-3, leading to inhibit interaction with myosin light chain MLC2, preventing dephosphorylation of MLC2. May be phosphorylated at Thr-696 by DMPK; may inhibit the myosin phosphatase activity. Phosphorylated at Ser-473 by CDK1 during mitosis, creating docking sites for the POLO box domains of PLK1. Subsequently, PLK1 binds and phosphorylates PPP1R12A",1
3357,O43865,S-adenosylhomocysteine hydrolase-like protein 1,Phosphorylated at Ser/Thr residues between Ser-68 and Thr-72 in the PEST region: required for interaction with dATP-bound RRM1 and ITPR1. Phosphorylation at Ser-68 by PRKD1 and CAMK4 is required for further phosphorylations by CSNK1A1 (PubMed:16793548). Phosphorylation is induced by oxidative stress (PubMed:19224921). Probably phosphorylated by CAMK2A; phosphorylation at Ser-68 may be required for interaction with SLC9A3 (PubMed:20584908). Dephosphorylated in response to apoptotic stress conditions which causes translocation of both AHCYL1 and BCL2L10 from mitochondria-associated endoplasmic reticulum membranes and promotes apoptosis (PubMed:27995898),1
3358,Q13043,Serine/threonine-protein kinase 4,"Autophosphorylated on serine and threonine residues. Phosphorylation at Thr-387 by PKB/AKT1, leads to inhibition of its: kinase activity, nuclear translocation and autophosphorylation at Thr-183. It also diminishes its cleavage by caspases and its ability to phosphorylate FOXO3",1
3366,Q12929,Epidermal growth factor receptor kinase substrate 8,Phosphorylation at Ser-625 and Thr-629 by MAPK following BDNF treatment promotes removal from actin and filopodia formation (By similarity). Phosphorylated by several receptor tyrosine kinases,0
3380,O00571,ATP-dependent RNA helicase DDX3X,"Phosphorylated by TBK1; the phosphorylation is required for the synergistic induction of IFNB mediated by TBK1 and DDX3X (PubMed:18583960). Phosphorylated by IKBKE at Ser-102 after ssRNA viral infection; enhances the induction of INFB promoter by IRF3 (PubMed:18583960, PubMed:23478265). The cytoplasmic form is highly phosphorylated in the G1/S phase of the cell cycle and much less at G2/M (PubMed:22034099). Phosphorylation by CSNK1E may inhibit RNA-stimulated ATPase activity (PubMed:29222110)",1
3384,P10415,Apoptosis regulator Bcl-2,"Phosphorylation/dephosphorylation on Ser-70 regulates anti-apoptotic activity (PubMed:11368354). Growth factor-stimulated phosphorylation on Ser-70 by PKC is required for the anti-apoptosis activity and occurs during the G2/M phase of the cell cycle (PubMed:11368354). In the absence of growth factors, BCL2 appears to be phosphorylated by other protein kinases such as ERKs and stress-activated kinases (PubMed:11368354). Phosphorylated by MAPK8/JNK1 at Thr-69, Ser-70 and Ser-87, which stimulates starvation-induced autophagy (PubMed:10567572, PubMed:18570871). Dephosphorylated by protein phosphatase 2A (PP2A) (By similarity)",1
3387,P41220,Regulator of G-protein signaling 2,Phosphorylated by protein kinase C. Phosphorylation by PRKG1 leads to activation of RGS2 activity,1
3388,Q9BVC4,Target of rapamycin complex subunit LST8,"Phosphorylation at Thr-51 by CDK1 promotes ubiquitination by the SCF(FBXW7) complex, followed by degradation",1
3389,Q9BVC4,Target of rapamycin complex subunit LST8,"Ubiquitination by the SCF(FBXW7) and SCF(FBXW11) complexes following phosphorylation at Thr-51 by CDK1, leads to its degradation by the proteasome (PubMed:34741373). Ubiquitination at Lys-305 and Lys-313 by TRAF2 via 'Lys-63'-linked polyubiquitin chains inhibits formation of the mTORC2 complex, while promoting formation of the mTORC1 complex: ubiquitination disrupts the interaction between MLST8 and MAPKAP1/SIN1 to favor mTORC1 assembly (PubMed:28489822). Deubiquitination at Lys-305 and Lys-313 by OTUD7B promotes MLST8 interaction with MAPKAP1/SIN1, facilitating mTORC2 assembly (PubMed:28489822)",0
3392,Q96FF9,Sororin,"Phosphorylated. Phosphorylation, as cells enter mitosis, disrupts the interaction with PDS5A and relieves the inhibition of WAPL by CDCA5",0
3397,O15146,"Muscle, skeletal receptor tyrosine-protein kinase",Phosphorylated (By similarity). Phosphorylation is induced by AGRIN in a LRP4-dependent manner (By similarity). Autophosphorylated (PubMed:25029443). Autophosphorylation at Tyr-554 is required for interaction with DOK7 which in turn stimulates the phosphorylation and the activation of MUSK (By similarity),0
3399,O43293,Death-associated protein kinase 3,"The phosphorylation status is critical for kinase activity, oligomerization and intracellular localization. Phosphorylation at Thr-180, Thr-225 and Thr-265 is essential for activity. The phosphorylated form is localized in the cytoplasm promoted by phosphorylation at Thr-299; nuclear translocation or retention is maximal when it is not phosphorylated. Phosphorylation increases the trimeric form, and its dephosphorylation favors a kinase-inactive monomeric form. Both isoform 1 and isoform 2 can undergo autophosphorylation",0
3404,Q01955,Collagen alpha-3(IV) chain,"Phosphorylated. Thought to be phosphorylated by CERT, but CERT does not have kinase activity",0
3406,P07948,Tyrosine-protein kinase Lyn,"Autophosphorylated (PubMed:18056483, PubMed:18070987, PubMed:7935444, PubMed:9171348, PubMed:9341198). Phosphorylated on tyrosine residues in response to KIT signaling (PubMed:9341198). Phosphorylation at Tyr-397 is required for optimal activity (PubMed:16920712). Phosphorylation at Tyr-508 inhibits kinase activity (PubMed:9171348). Phosphorylated at Tyr-508 by CSK (PubMed:7935444). Dephosphorylated by PTPRC/CD45 (By similarity). Becomes rapidly phosphorylated upon activation of the B-cell receptor and the immunoglobulin receptor FCGR1A (PubMed:8064233). Phosphorylated in response to ITGB1 in B-cells (PubMed:9020138)",0
3408,P08195,Amino acid transporter heavy chain SLC3A2,Phosphorylation on Ser-406; Ser-408 or Ser-410 and on Ser-527 or Ser-531 by ecto-protein kinases favors heterotypic cell-cell interactions,0
3410,Q14118,Dystroglycan 1,"O-glycosylated. POMGNT1 catalyzes the initial addition of N-acetylglucosamine, giving rise to the GlcNAc(beta1-2)Man(alpha1-)O-Ser/Thr moiety and thus providing the necessary basis for the addition of further carbohydrate moieties (PubMed:27493216). Heavily O-glycosylated comprising of up to two thirds of its mass and the carbohydrate composition differs depending on tissue type. Mucin-type O-glycosylation is important for ligand binding activity. O-mannosylation is found in high abundance in both brain and muscle where the most abundant glycan is Sia-alpha-2-3-Gal-beta-1-4-Glc-NAc-beta-1-2-Man. In muscle, glycosylation on Thr-317, Thr-319 and Thr-379 by a phosphorylated O-mannosyl glycan with the structure 2-(N-acetylamido)-2-deoxygalactosyl-beta-1,3-2-(N-acetylamido)-2-deoxyglucosyl-beta-1,4-6-phosphomannose is mediated by like-acetylglucosaminyltransferase (LARGE1) protein and is required for laminin binding (PubMed:20044576, PubMed:21987822, PubMed:23723439, PubMed:24256719). The O-glycosyl hexose on Thr-367, Thr-369, Thr-372, Thr-381 and Thr-388 is probably mannose. O-glycosylated in the N-terminal region with a core 1 or possibly core 8 glycan. The brain form displays a unique glycosylation pattern which is absent in other tissues; this form shows enhanced binding to laminin LAMA5 compared to the skeletal muscle form (By similarity)",0
3414,Q14118,Dystroglycan 1,"SRC-mediated phosphorylation of the PPXY motif of the beta subunit recruits SH2 domain-containing proteins, but inhibits binding to WWW domain-containing proteins, DMD and UTRN. This phosphorylation also inhibits nuclear entry",0
3420,Q09472,Histone acetyltransferase p300,"Phosphorylated by HIPK2 in a RUNX1-dependent manner. This phosphorylation that activates EP300 happens when RUNX1 is associated with DNA and CBFB. Phosphorylated by ROCK2 and this enhances its activity. Phosphorylation at Ser-89 by AMPK reduces interaction with nuclear receptors, such as PPARG",0
3421,O15244,Solute carrier family 22 member 2,Tyrosine phosphorylated by tyrosine-protein kinase YES1,0
3423,Q6UUV7,CREB-regulated transcription coactivator 3,"Phosphorylation/dephosphorylation states of Ser-273 are required for regulating transduction of CREB activity (By similarity). CRTCs/TORCs are inactive when phosphorylated, and active when dephosphorylated at this site (By similarity). May be phosphorylated at Ser-391 by MAPK3/ERK1 and/or MAPK1/ERK2 or by some cyclin-dependent kinases such as CDK1,CDK2 or CDK5 (PubMed:30611118). Following adenylyl cyclase activation, dephosphorylated at Ser-162 and Ser-273 resulting in its dissociation from 14-3-3 proteins probably promoting CRTC3 translocation into the nucleus (PubMed:30611118)",1
3432,Q8N370,Large neutral amino acids transporter small subunit 4,Dephosphorylation at Ser-274 and phosphorylation at Ser-297 increase affinity and amino acid transport activity (PubMed:30379325). Phosphorylation-dephosphorylation cycle is regulated by food-entrained diurnal rhythm and dietary proteins (By similarity),0
3434,P48436,Transcription factor SOX-9,"Phosphorylation at Ser-64 and Ser-211 by PKA increases transcriptional activity and may help delay chondrocyte maturation downstream of PTHLH/PTHrP signaling. Phosphorylation at either Ser-64 or Ser-211 is required for sumoylation, but phosphorylation is not dependent on sumoylation. Phosphorylated on tyrosine residues; tyrosine dephosphorylation by PTPN11/SHP2 blocks SOX9 phosphorylation by PKA and subsequent SUMOylation",0
3436,P48436,Transcription factor SOX-9,Sumoylated; phosphorylation at either Ser-64 or Ser-211 is required for sumoylation. Sumoylation is induced by BMP signaling pathway,0
3440,Q9H9Q4,Non-homologous end-joining factor 1,"Phosphorylated by PRKDC at the C-terminus in response to DNA damage (PubMed:18644470, PubMed:22228831, PubMed:28500754). Phosphorylations by PRKDC at the C-terminus of XRCC4 and NHEJ1/XLF are highly redundant and regulate ability of the XRCC4-NHEJ1/XLF subcomplex to bridge DNA (PubMed:22228831, PubMed:28500754). Phosphorylation does not prevent interaction with XRCC4 but disrupts ability to bridge DNA and promotes detachment from DNA (PubMed:22228831, PubMed:28500754)",1
3444,P19484,Transcription factor EB,"Phosphorylation at Ser-211 by MTOR via non-canonical mTORC1 pathway regulates its subcellular location and activity (PubMed:21617040, PubMed:22343943, PubMed:22576015, PubMed:22692423, PubMed:23401004, PubMed:24081491, PubMed:25720963, PubMed:30120233, PubMed:32612235, PubMed:32753672, PubMed:35662396, PubMed:36697823). When nutrients are present, phosphorylation by MTOR promotes association with 14-3-3/YWHA adapters and retention in the cytosol (PubMed:22343943, PubMed:22576015, PubMed:22692423, PubMed:23401004, PubMed:25720963, PubMed:32612235, PubMed:32753672, PubMed:35662396). Inhibition of mTORC1, starvation and lysosomal disruption, promotes dephosphorylation by calcineurin PPP3CB and translocation to the nucleus (PubMed:22343943, PubMed:22576015, PubMed:22692423, PubMed:25720963, PubMed:32753672). Dephosphorylated by calcineurin PPP3CB in response to lysosomal Ca(2+) release (PubMed:25720963). IRGM promotes dephosphorylation by calcineurin PPP3CB, resulting in TFEB nuclear translocation and stimulation of lysosomal biogenesis (PubMed:32753672). Dephosphorylated by phosphatase PPP3CA following Coxsackievirus B3 infection, leading to nuclear translocation (PubMed:33691586). Exported from the nucleus in a mTORC1-dependent manner in response to nutrient availability (PubMed:30120233)",1
3447,P19484,Transcription factor EB,"(Microbial infection) Cleavage by Coxsackievirus B3 protease 3C after site Gln-60. This non-phosphorylated cleavage product retains its ability to interact with TFEB, TFE3 or MITF and presents impaired transcriptional activity, resulting in disruption of lysosomal functions and increased viral infection",0
3451,P29353,SHC-transforming protein 1,"Phosphorylated by activated epidermal growth factor receptor. Phosphorylated in response to FLT4 and KIT signaling. Isoform p46Shc and isoform p52Shc are phosphorylated on tyrosine residues of the Pro-rich domain. Isoform p66Shc is phosphorylated on Ser-36 by PRKCB upon treatment with insulin, hydrogen peroxide or irradiation with ultraviolet light (By similarity). Tyrosine phosphorylated in response to FLT3 signaling (By similarity). Tyrosine phosphorylated by activated PTK2B/PYK2 (By similarity). Tyrosine phosphorylated by ligand-activated ALK. Tyrosine phosphorylated by ligand-activated PDGFRB. Tyrosine phosphorylated by TEK/TIE2. May be tyrosine phosphorylated by activated PTK2/FAK1; tyrosine phosphorylation was seen in an astrocytoma biopsy, where PTK2/FAK1 kinase activity is high, but not in normal brain tissue. Isoform p52Shc dephosphorylation by PTPN2 may regulate interaction with GRB2",0
3456,P26038,Moesin,Phosphorylation on Thr-558 is crucial for the formation of microvilli-like structures. Phosphorylation by ROCK2 suppresses the head-to-tail association of the N-terminal and C-terminal halves resulting in an opened conformation which is capable of actin and membrane-binding (By similarity). Phosphorylation on Thr-558 by STK10 negatively regulates lymphocyte migration and polarization,0
3459,Q13127,RE1-silencing transcription factor,Phosphorylated; phosphorylation is required for ubiquitination,0
3466,Q14188,Transcription factor Dp-2,Ser-24 is probably phosphorylated by CDK2,1
3470,Q8WXI7,Mucin-16,May be phosphorylated. Phosphorylation of the intracellular C-terminal domain may induce proteolytic cleavage and the liberation of the extracellular domain into the extracellular space,0
3475,Q13905,Rap guanine nucleotide exchange factor 1,Phosphorylation at Tyr-504 enhances activity as Rap guanine nucleotide exchange factor,0
3483,Q15744,CCAAT/enhancer-binding protein epsilon,Phosphorylated,0
3488,O43166,Signal-induced proliferation-associated 1-like protein 1,Ubiquitinated and degraded by the SCF(BTRC) following phosphorylation by PLK2,0
3489,O43166,Signal-induced proliferation-associated 1-like protein 1,"Phosphorylated at Ser-1349 by CDK5, creating a docking site for the POLO box domains of PLK2. Subsequently, PLK2 binds and phosphorylates SIPA1L1, leading to ubiquitination and degradation by the proteasome (By similarity)",0
3491,Q01534,Testis-specific Y-encoded protein 1,Phosphorylated,0
3493,Q13884,Beta-1-syntrophin,Phosphorylated by CaM-kinase II,1
3502,Q14676,Mediator of DNA damage checkpoint protein 1,"Phosphorylated upon exposure to ionizing radiation (IR), ultraviolet radiation (UV), and hydroxyurea (HU) (PubMed:12607003, PubMed:12607004, PubMed:12607005). Phosphorylation in response to IR requires ATM, NBN, and possibly CHEK2 (PubMed:12607003, PubMed:12607004, PubMed:12607005). Also phosphorylated during the G2/M phase of the cell cycle and during activation of the mitotic spindle checkpoint (PubMed:12607003, PubMed:12607004, PubMed:12607005). Phosphorylation at Thr-4 by ATM stabilizes and enhances homodimerization via the FHA domain (PubMed:22234877). Phosphorylated at Ser-168 and Ser-196 by CK2 in response to DNA damage during mitosis, promoting interaction with TOPBP1 (PubMed:30898438). Phosphorylated by CK2 in response to DNA damage, promoting interaction with NBN and recruitment of the MRN complex to DNA damage sites (PubMed:18411307, PubMed:18583988, PubMed:18678890)",1
3505,P51812,Ribosomal protein S6 kinase alpha-3,"Activated by phosphorylation at Ser-227 by PDPK1. Autophosphorylated on Ser-386, as part of the activation process. May be phosphorylated at Thr-365 and Ser-369 by MAPK1/ERK2 and MAPK3/ERK1. Can also be activated via phosphorylation at Ser-386 by MAPKAPK2",1
3508,P40818,Ubiquitin carboxyl-terminal hydrolase 8,Phosphorylation of Ser-718 is essential for interaction with YWHAE and for cytosol localization. Undergoes dephosphorylation at Ser-718 in the M phase. Tyrosine-phosphorylated in its N-terminal half in an EGFR-dependent manner,0
3510,Q96SN8,CDK5 regulatory subunit-associated protein 2,Phosphorylated in vitro by CDK5,0
3512,Q9UKV0,Histone deacetylase 9,"Phosphorylated on Ser-220 and Ser-450; which promotes 14-3-3-binding, impairs interaction with MEF2, and antagonizes antimyogenic activity. Phosphorylated on Ser-240; which impairs nuclear accumulation (By similarity). Isoform 7 is phosphorylated on Tyr-1010. Phosphorylated by the PKC kinases PKN1 and PKN2, impairing nuclear import",1
3522,Q9NUV9,GTPase IMAP family member 4,Phosphorylated at very low levels in resting splenocytes. Rapidly and transiently phosphorylated in response to splenocyte activation,0
3531,Q6UUV9,CREB-regulated transcription coactivator 1,"Phosphorylation/dephosphorylation states of Ser-151 are required for regulating transduction of CREB activity. TORCs are inactive when phosphorylated, and active when dephosphorylated at this site. This primary site of phosphorylation is mediated by SIKs (SIK1 and SIK2), is regulated by cAMP and calcium levels and is dependent on the phosphorylation of SIKs by LKB1 (By similarity)",0
3535,Q03167,Transforming growth factor beta receptor type 3,Phosphorylated in the cytoplasmic domain by the type II receptor TGFBR2 at THR-840 to mediate recruitment of ARRB2 and subsequent internalization of TGFBR2 and TGFBR3,0
3536,Q8IV20,Purine nucleoside phosphorylase LACC1,Phosphorylated on tyrosine residues,0
3537,Q96IF1,LIM domain-containing protein ajuba,Phosphorylated by LATS2 during mitosis. Phosphorylated by AURKA,1
3543,Q9UHC3,Acid-sensing ion channel 3,"Phosphorylated by PKA. Phosphorylated by PKC. In vitro, PRKCABP/PICK-1 is necessary for PKC phosphorylation and activation of a ASIC3/ACCN3-ASIC2/ASIC2b channel, but does not activate a homomeric ASIC3 channel (By similarity)",1
3563,Q9NRM1,Enamelin,Phosphorylated by FAM20C in vitro,1
3565,Q13485,Mothers against decapentaplegic homolog 4,Phosphorylated by PDPK1,1
3568,Q9BTA9,WW domain-containing adapter protein with coiled-coil,Phosphorylated on tyrosine residues,0
3570,O60313,"Dynamin-like GTPase OPA1, mitochondrial","Cleavage at position S2 by YME1L is required to mediate oxidative phosphorylation (OXPHOS)-induced mitochondrial fusion (PubMed:17709429, PubMed:24616225, PubMed:27495975). Cleavage occurs in the sequence motif Leu-Gln-Gln-Gln-Ile-Gln (LQQQIQ) (PubMed:16778770)",0
3571,O60313,"Dynamin-like GTPase OPA1, mitochondrial","Cleavage at position S2 by YME1L is required to mediate oxidative phosphorylation (OXPHOS)-induced mitochondrial fusion (PubMed:17709429, PubMed:24616225, PubMed:27495975). Cleavage occurs in the sequence motif Leu-Gln-Gln-Gln-Ile-Gln (LQQQIQ) (PubMed:16778770)",0
3572,O60313,"Dynamin-like GTPase OPA1, mitochondrial","Cleavage at position S2 by YME1L is required to mediate oxidative phosphorylation (OXPHOS)-induced mitochondrial fusion (PubMed:17709429, PubMed:24616225, PubMed:27495975). Cleavage occurs in the sequence motif Leu-Gln-Gln-Gln-Ile-Gln (LQQQIQ) (PubMed:16778770). Cleavage at position S3 by YME1L is required for membrane tubulation (PubMed:33237841)",0
3582,P29317,Ephrin type-A receptor 2,"Autophosphorylates. Phosphorylated on tyrosine upon binding and activation by EFNA1. Phosphorylated residues Tyr-588 and Tyr-594 are required for binding VAV2 and VAV3 while phosphorylated residues Tyr-735 and Tyr-930 are required for binding PI3-kinase p85 subunit (PIK3R1, PIK3R2 or PIK3R3). These phosphorylated residues are critical for recruitment of VAV2 and VAV3 and PI3-kinase p85 subunit which transduce downstream signaling to activate RAC1 GTPase and cell migration. Dephosphorylation of Tyr-930 by PTPRF prevents the interaction of EPHA2 with NCK1. Phosphorylated at Ser-897 by PKB; serum-induced phosphorylation which targets EPHA2 to the cell leading edge and stimulates cell migration. Phosphorylation by PKB is inhibited by EFNA1-activated EPHA2 which regulates PKB activity via a reciprocal regulatory loop. Phosphorylated at Ser-897 in response to TNF by RPS6KA1 and RPS6KA3; RPS6KA-EPHA2 signaling pathway controls cell migration (PubMed:26158630). Phosphorylated at Ser-897 by PKA; blocks cell retraction induced by EPHA2 kinase activity (PubMed:27385333). Dephosphorylated by ACP1",1
3586,Q09470,Potassium voltage-gated channel subfamily A member 1,Phosphorylated on tyrosine residues. Phosphorylation increases in response to NRG1; this inhibits channel activity (By similarity). Phosphorylation at Ser-446 regulates channel activity by down-regulating expression at the cell membrane (PubMed:23774215),0
3589,P16591,Tyrosine-protein kinase Fer,Autophosphorylated,1
3593,P39687,Acidic leucine-rich nuclear phosphoprotein 32 family member A,"Phosphorylated on serine residues, at least in part by casein kinase 2/CK2",0
3596,Q9BSJ8,Extended synaptotagmin-1,Phosphorylated on Ser residues in insulin-treated adipocytes (in vitro); this promotes interaction with SLC2A4,0
3600,P49768,Presenilin-1,"After endoproteolysis, the C-terminal fragment (CTF) is phosphorylated on serine residues by PKA and/or PKC. Phosphorylation on Ser-346 inhibits endoproteolysis",0
3602,Q9Y446,Plakophilin-3,"Phosphorylated at Ser-285 when localized to the cytoplasm, PKP3 at desmosome cell junctions is not phosphorylated (PubMed:24124604). Phosphorylation at Try-195 by SRC is induced by reactive oxygen species and potentially acts as a release mechanism from desmosome cell-cell junctions (PubMed:25501895)",1
3609,Q9BXS9,Solute carrier family 26 member 6,Phosphorylated on serine residues by PKC; the phosphorylation disrupts interaction with carbonic anhydrase CA2 and reduces bicarbonate transport activity in a phorbol myristate acetate (PMA)-induced manner,1
3612,Q86T82,Ubiquitin carboxyl-terminal hydrolase 37,"Phosphorylated at Ser-628 by CDK2 during G1/S phase but not during mitosis; phosphorylation at Ser-628 is required for deubiquitinase activity. Also polyubiquitinated during early G1 phase, without leading to degradation (PubMed:21596315). Phosphorylated at Ser-114 by ATM following DNA damage, which in turn increases its deubiquitination activity towards BLM (PubMed:34606619)",0
3613,Q14164,Inhibitor of nuclear factor kappa-B kinase subunit epsilon,Autophosphorylated and phosphorylated by IKBKB/IKKB. Phosphorylation at Ser-172 is enhanced by the interaction with DDX3X. Phosphorylated at Thr-501 upon IFN activation,1
3617,Q9UM11,Fizzy-related protein homolog,"Following DNA damage, it is dephosphorylated by CDC14B in G2 phase, leading to its reassociation with the APC/C, and allowing an efficient G2 DNA damage checkpoint (PubMed:18662541). Phosphorylated by MAK (PubMed:21986944)",0
3624,Q16665,Hypoxia-inducible factor 1-alpha,"Requires phosphorylation for DNA-binding. Phosphorylation at Ser-247 by CSNK1D/CK1 represses kinase activity and impairs ARNT binding (PubMed:20699359, PubMed:20889502). Phosphorylation by GSK3-beta and PLK3 promote degradation by the proteasome (By similarity)",0
3639,P26358,DNA (cytosine-5)-methyltransferase 1,Phosphorylation of Ser-154 by CDKs is important for enzymatic activity and protein stability. Phosphorylation of Ser-143 by AKT1 prevents methylation by SETD7 thereby increasing DNMT1 stability,0
3642,Q05513,Protein kinase C zeta type,CDH5 is required for its phosphorylation at Thr-410. Phosphorylated by protein kinase PDPK1; phosphorylation is inhibited by the apoptotic C-terminal cleavage product of PKN2. Phosphorylation at Thr-410 by PI3K activates the kinase,1
3647,Q6WN34,Chordin-like protein 2,Phosphorylated by FAM20C in the extracellular medium,1
3650,P17706,Tyrosine-protein phosphatase non-receptor type 2,Specifically phosphorylated in a cell cycle-dependent manner by cyclin-dependent kinases CDK1 and CDK2. Probably activated through phosphorylation by PKR,1
3658,Q9GZV5,WW domain-containing transcription regulator protein 1,"Phosphorylated by LATS2 and STK3/MST2. Phosphorylation by LATS2 results in creation of 14-3-3 binding sites, retention in the cytoplasm, and functional inactivation. Phosphorylation results in the inhibition of transcriptional coactivation through YWHAZ-mediated nuclear export. Phosphorylated in the nucleus by PRP4K; phosphorylation leads to nuclear exclusion (PubMed:29695716)",1
3662,Q9Y6K9,NF-kappa-B essential modulator,Phosphorylation at Ser-68 attenuates aminoterminal homodimerization,0
3664,Q9Y6K9,NF-kappa-B essential modulator,Sumoylated on Lys-277 and Lys-309 with SUMO1; the modification results in phosphorylation of Ser-85 by ATM leading to a replacement of the sumoylation by mono-ubiquitination on these residues,0
3670,Q5TBA9,Protein furry homolog,"Phosphorylated by AURKA, CDK1 and PLK1",1
3673,P48552,Nuclear receptor-interacting protein 1,Acetylation regulates its nuclear translocation and corepressive activity (By similarity). Acetylation abolishes interaction with CTBP1. Phosphorylation enhances interaction with YWHAH,0
3680,P30874,Somatostatin receptor type 2,"Phosphorylated on serine and threonine residues in response to agonist stimulation, leading to receptor desensitization and rapid internalization. Phosphorylated to a greater extent on serine than threonine residues. Threonine phosphorylation is required for arrestin binding and receptor endocytosis but is not necessary for desensitization (By similarity)",0
3682,O60934,Nibrin,"Phosphorylated by ATM in response of ionizing radiation, and such phosphorylation is responsible intra-S phase checkpoint control and telomere maintenance (PubMed:10766245, PubMed:10802669, PubMed:10839544, PubMed:10839545). Phosphorylated at Ser-432 by CDK2 in S/G2 phases abolishes interaction with TERF2, enabling DCLRE1B/Apollo recruitment to telomeres (PubMed:28216226). Phosphorylation at Ser-432 in response to dysfunctional telomeres promotes non-homologous end joining repair at telomeres, while dephosphorylation by PPP1CA promotes microhomology-mediated end-joining (MMEJ) repair (PubMed:28216226)",1
3683,O60934,Nibrin,"Ubiquitinated at Lys-435 via 'Lys-6'-linked ubiquitin chains by RNF8, promoting NBN recruitment to DNA double-strand breaks (DSBs) (PubMed:23115235). Ubiquitinated at Lys-686 and Lys-689 via 'Lys-63'-linked ubiquitin chains by PELI1: ubiquitination takes place following PELI1 phosphorylation and promotes ATM activation and DNA repair (PubMed:30952868). Ubiquitinated at Lys-735 via 'Lys-63'-linked ubiquitin chains by the SCF(SKP2) complex: ubiquitination takes place following SKP2 phosphorylation and promotes ATM activation and DNA repair (PubMed:22464731)",0
3687,Q9NYY3,Serine/threonine-protein kinase PLK2,Catalytic activity is enhanced by phosphorylation of Thr-239,0
3689,O15169,Axin-1,Phosphorylation and dephosphorylation of AXIN1 regulates assembly and function of the beta-catenin complex. Phosphorylated by CK1 and GSK3B. Dephosphorylated by PPP1CA and PPP2CA. Phosphorylation by CK1 enhances binding of GSK3B to AXIN1,1
3692,P08069,Insulin-like growth factor 1 receptor,"Autophosphorylated on tyrosine residues in response to ligand binding (PubMed:11694888, PubMed:18501599, PubMed:19041240). Autophosphorylation occurs in trans, i.e. one subunit of the dimeric receptor phosphorylates tyrosine residues on the other subunit (PubMed:11694888, PubMed:18501599, PubMed:19041240). Autophosphorylation occurs in a sequential manner; Tyr-1165 is predominantly phosphorylated first, followed by phosphorylation of Tyr-1161 and Tyr-1166 (PubMed:11694888, PubMed:18501599, PubMed:19041240). While every single phosphorylation increases kinase activity, all three tyrosine residues in the kinase activation loop (Tyr-1165, Tyr-1161 and Tyr-1166) have to be phosphorylated for optimal activity (PubMed:11694888, PubMed:18501599, PubMed:19041240). Can be autophosphorylated at additional tyrosine residues (in vitro) (PubMed:11694888, PubMed:18501599, PubMed:19041240). Autophosphorylated is followed by phosphorylation of juxtamembrane tyrosines and C-terminal serines (PubMed:11694888, PubMed:18501599, PubMed:19041240). May also be phosphorylated at Tyr-1161 and Tyr-1166 by mTORC2 (PubMed:26584640). Phosphorylation of Tyr-980 is required for IRS1- and SHC1-binding (PubMed:7541045). Phosphorylation of Ser-1278 by GSK-3beta restrains kinase activity and promotes cell surface expression, it requires a priming phosphorylation at Ser-1282 (By similarity). Dephosphorylated by PTPN1",1
3693,P08069,Insulin-like growth factor 1 receptor,"Polyubiquitinated at Lys-1168 and Lys-1171 through both 'Lys-48' and 'Lys-29' linkages, promoting receptor endocytosis and subsequent degradation by the proteasome. Ubiquitination is facilitated by pre-existing phosphorylation",0
3702,O95072,Meiotic recombination protein REC8 homolog,Phosphorylated,0
3703,P06127,T-cell surface glycoprotein CD5,"Phosphorylated on serine, threonine and tyrosine residues following TCR stimulation (PubMed:1385158). Phosphorylated by LCK on Tyr-453 and Tyr-487 upon TCR engagement",1
3705,Q13316,Dentin matrix acidic phosphoprotein 1,Phosphorylated in the cytosol and extracellular matrix and unphosphorylated in the nucleus. Phosphorylation is necessary for nucleocytoplasmic transport and may be catalyzed by a nuclear isoform of CK2 and can be augmented by calcium. Phosphorylated (in vitro) by FAM20C in the extracellular medium at sites within the S-x-E/pS motif,1
3714,Q01167,Forkhead box protein K2,"Hyperphosphorylated during mitosis by CDK1 and, to a lower extent, CDK2 (PubMed:20810654). Phosphorylation at Ser-373 and Ser-428 affects stability by promoting degradation (PubMed:20810654)",1
3716,Q13469,"Nuclear factor of activated T-cells, cytoplasmic 2","In resting cells, phosphorylated by NFATC-kinase on at least 18 sites in the 99-363 region. Upon cell stimulation, all these sites except Ser-243 are dephosphorylated by calcineurin. Dephosphorylation induces a conformational change that simultaneously exposes an NLS and masks an NES, which results in nuclear localization. Simultaneously, Ser-53 or Ser-56 is phosphorylated; which is required for full transcriptional activity",1
3721,Q9UMS6,Synaptopodin-2,"Phosphorylated by PKA, and by CaMK2 at multiple sites. Dephosphorylated by calcineurin; abrogating interaction with YWHAB and impairing nuclear import (By similarity). Phosphorylated by ILK",1
3726,Q16821,Protein phosphatase 1 regulatory subunit 3A,Phosphorylation at Ser-46 by ISPK stimulates the dephosphorylation of glycogen synthase and phosphorylase kinase,1
3728,Q9HAI6,TLR adapter interacting with SLC15A4 on the lysosome,"The phosphorylated pLxIS motif constitutes an IRF5-binding motif, leading to recruitment of the transcription factor IRF5 to induce type-I interferons and other cytokines",0
3736,Q01860,"POU domain, class 5, transcription factor 1",ERK1/2-mediated phosphorylation at Ser-111 promotes nuclear exclusion and proteasomal degradation. Phosphorylation at Thr-235 and Ser-236 decrease DNA-binding and alters ability to activate transcription,0
3738,Q14790,Caspase-8,"Phosphorylation on Ser-387 during mitosis by CDK1 inhibits activation by proteolysis and prevents apoptosis (PubMed:20937773). Phosphorylation on Tyr-380 by SRC is mediated by interaction with the SRC SH2 domain and does not affect dimerization or recruitment to the death-inducing signaling complex (DISC) but negatively regulates DISC-mediated processing and activation of CASP8, down-regulating its proapoptotic function (PubMed:16619028, PubMed:27109099). Phosphorylation on Tyr-380 also enhances localization to lamellipodia in migrating cells (PubMed:18216014)",0
3753,Q9Y2R2,Tyrosine-protein phosphatase non-receptor type 22,Phosphorylation on Ser-35 by PKC/PRKCD abrogates its ability to dephosphorylate and inactivate the SRC family kinases,1
3758,Q13425,Beta-2-syntrophin,Phosphorylated. Partially dephosphorylated upon insulin stimulation,0
3760,Q6P3W7,SCY1-like protein 2,Could autophosphorylate in presence of poly-L-lysine,1
3762,Q9H8S9,MOB kinase activator 1A,Phosphorylated by STK3/MST2 and STK4/MST1 and this phosphorylation enhances its binding to LATS1,1
3764,O75159,Suppressor of cytokine signaling 5,Phosphorylated. Phosphorylation is induced by EGF,0
3768,Q9NPB9,Atypical chemokine receptor 4,The Ser/Thr residues in the C-terminal cytoplasmic tail may be phosphorylated,0
3772,P09958,Furin,"Phosphorylation is required for TGN localization of the endoprotease. In vivo, exists as di-, mono- and non-phosphorylated forms",0
3773,Q9UKT4,F-box only protein 5,"Phosphorylation by CDK2 and subsequently by PLK1 triggers degradation during early mitosis through ubiquitin-mediated proteolysis by the SCF ubiquitin ligase complex containing the F-box protein BTRC. This degradation is necessary for the activation of APC in late mitosis and subsequent mitotic progression (PubMed:12791267, PubMed:15469984). Phosphorylated by RPS6KA2; increases and stabilizes interaction with CDC20 (By similarity)",1
3774,Q9UKT4,F-box only protein 5,"Ubiquitinated by the SCF(BTRC) complex following phosphorylation by PLK1 (PubMed:15469984). Undergoes both 'Lys-11' and 'Lys-48'-linked polyubiquitination by APC-FZR1 complex leading to degradation by proteasome during G1 phase (PubMed:29875408). Degraded through the SCF(BTRC) complex; degradation occurs during oocyte maturation, between germinal vesicle breakdown (GVBD) and meiosis I, and is required for the meiosis I-meiosis II transition (By similarity)",0
3778,Q12791,Calcium-activated potassium channel subunit alpha-1,"Phosphorylated (Probable). Phosphorylation by kinases such as PKA and/or PKG. In smooth muscles, phosphorylation affects its activity",1
3780,P11233,Ras-related protein Ral-A,"Phosphorylated. Phosphorylation at Ser-194 by AURKA/Aurora kinase A, during mitosis, induces RALA localization to the mitochondrion where it regulates mitochondrial fission",1
3793,P19419,ETS domain-containing protein Elk-1,"On mitogenic stimulation, phosphorylated on C-terminal serine and threonine residues by MAPK1. Ser-383 and Ser-389 are the preferred sites for MAPK1. In vitro, phosphorylation by MAPK1 potentiates ternary complex formation with the serum responses factors, SRE and SRF. Also phosphorylated on Ser-383 by MAPK8 and/or MAKP9. Phosphorylation leads to loss of sumoylation and restores transcriptional activator activity. Phosphorylated and activated by CAMK4, MAPK11, MAPK12 and MAPK14. Upon bFGF stimulus, phosphorylated by PAK1 (By similarity). Phosphorylated by PRP4K at Thr-417; phosphorylation activation ELK1 transcriptional activity (PubMed:10799319)",0
3794,P55087,Aquaporin-4,Phosphorylation by PKC at Ser-180 reduces conductance by 50%. Phosphorylation by PKG at Ser-111 in response to glutamate increases conductance by 40% (By similarity),1
3798,Q9UQC2,GRB2-associated-binding protein 2,"Phosphorylated on tyrosine residue(s) by the thrombopoietin receptor (TPOR), stem cell factor receptor (SCFR), and T-cell and B-cell antigen receptors, gp130, IL-2R and IL-3R (By similarity). Phosphorylated upon stimulation of TNFRSF11A/RANK by TNFSF11/RANKL (By similarity). Phosphorylated upon EGF stimulation. Phosphorylated on tyrosine residues by HCK upon IL6 signaling",1
3799,Q9UQC2,GRB2-associated-binding protein 2,Dephosphorylated by PTPN11,0
3800,O15085,Rho guanine nucleotide exchange factor 11,"Phosphorylated by MAP kinase p38 (MAPK11, MAPK12, MAPK13 and/or MAPK14)",1
3801,O15085,Rho guanine nucleotide exchange factor 11,"Ubiquitinated by the BCR(KLHL20) E3 ubiquitin ligase complex when previously phosphorylated by MAP kinase p38 (MAPK11, MAPK12, MAPK13 and/or MAPK14), leading to its degradation, thereby restricting RhoA activity and facilitating growth cone spreading and neurite outgrowth",0
3809,Q9Y6D6,Brefeldin A-inhibited guanine nucleotide-exchange protein 1,Phosphorylated. In vitro phosphorylated by PKA reducing its GEF activity and dephosphorylated by phosphatase PP1,1
3810,Q9UMX1,Suppressor of fused homolog,"Polyubiquitinated at Lys-257 by the SCF(FBXL17) complex, leading to its subsequent degradation and allowing the release of GLI1 for proper hedgehog/smoothened signal transduction (PubMed:27234298). Ubiquitination is impaired by phosphorylation at Ser-342, Ser-346, Ser-352 and Thr-353 (PubMed:27234298)",0
3811,Q9UMX1,Suppressor of fused homolog,"Phosphorylation at Ser-342, Ser-346, Ser-352 and Thr-353 prevents ubiquitination by the SCF(FBXL17) complex",0
3812,O15530,3-phosphoinositide-dependent protein kinase 1,"Phosphorylation on Ser-241 in the activation loop is required for full activity. PDPK1 itself can autophosphorylate Ser-241, leading to its own activation. Autophosphorylation is inhibited by the apoptotic C-terminus cleavage product of PKN2 (By similarity). Tyr-9 phosphorylation is critical for stabilization of both PDPK1 and the PDPK1/SRC complex via HSP90-mediated protection of PDPK1 degradation. Angiotensin II stimulates the tyrosine phosphorylation of PDPK1 in vascular smooth muscle in a calcium- and SRC-dependent manner. Phosphorylated on Tyr-9, Tyr-373 and Tyr-376 by INSR in response to insulin. Palmitate negatively regulates autophosphorylation at Ser-241 and palmitate-induced phosphorylation at Ser-529 and Ser-501 by PKC/PRKCQ negatively regulates its ability to phosphorylate PKB/AKT1. Phosphorylation at Thr-354 by MELK partially inhibits kinase activity, the inhibition is cooperatively enhanced by phosphorylation at Ser-394 and Ser-398 by MAP3K5",0
3813,O15530,3-phosphoinositide-dependent protein kinase 1,Autophosphorylated; autophosphorylation is inhibited by the apoptotic C-terminus cleavage product of PKN2,0
3815,Q02750,Dual specificity mitogen-activated protein kinase kinase 1,"Phosphorylation at Ser-218 and Ser-222 by MAP kinase kinase kinases (BRAF or MEKK1) positively regulates kinase activity (PubMed:29433126, PubMed:8131746). Also phosphorylated at Thr-292 by MAPK1/ERK2 and at Ser-298 by PAK (PubMed:16129686). MAPK1/ERK2 phosphorylation of Thr-292 occurs in response to cellular adhesion and leads to inhibition of Ser-298 phosphorylation by PAK (PubMed:16129686). Autophosphorylated at Ser-218 and Ser-222, autophosphosphorylation is promoted by NEK10 following UV irradiation (PubMed:20956560)",1
3816,Q02750,Dual specificity mitogen-activated protein kinase kinase 1,"(Microbial infection) Acetylation by Yersinia YopJ prevents phosphorylation and activation, thus blocking the MAPK signaling pathway",0
3818,Q01954,Zinc finger protein basonuclin-1,Phosphorylation on Ser-537 and Ser-541 leads to cytoplasmic localization,0
3819,Q04727,Transducin-like enhancer protein 4,Phosphorylated. PAX5 binding increases phosphorylation,0
3822,Q9GZV1,Ankyrin repeat domain-containing protein 2,Phosphorylation at Ser-99 by PKB/AKT2 in response to oxidative stress induces translocation to the nucleus and negatively regulates myoblast differentiation,1
3826,O60356,Nuclear protein 1,Phosphorylated in vitro by PKA and CK. Phosphorylation promotes DNA-binding activity,1
3842,P51149,Ras-related protein Rab-7a,Phosphorylated at Ser-72 by LRRK1; phosphorylation is dependent on protein kinase C (PKC) activation of LRRK1,0
3844,Q9GZU1,Mucolipin-1,Phosphorylation by PKA inhibits channel activity. Dephosphorylation increases activity,0
3846,O94811,Tubulin polymerization-promoting protein,"Phosphorylated by LIMK1 on serine residues; phosphorylation may alter the tubulin polymerization activity (PubMed:17693641, PubMed:18028908). Phosphorylation by LIMK2, but not LIMK1, regulates astral microtubule organization at early stage of mitosis (PubMed:22328514). Phosphorylation by ROCK1 at Ser-32, Ser-107 and Ser-159 inhibits interaction with HDAC6, resulting in decreased acetylation of tubulin, increased cell motility and entry into S-phase (PubMed:23093407, PubMed:23355470). Phosphorylation by CDK1 inhibits the microtubule polymerizing activity (PubMed:23355470)",1
3849,Q9H267,Vacuolar protein sorting-associated protein 33B,Phosphorylated on tyrosine residues,0
3850,Q9H267,Vacuolar protein sorting-associated protein 33B,"(Microbial infection) Dephosphorylated by M.tuberculosis PtpA, which induces the reduction of host phagolysosome fusion in M.tuberculosis-infected macrophages",0
3851,O00399,Dynactin subunit 6,Phosphorylation at Thr-186 by CDK1 during mitotic prometaphase creates a binding site for PLK1 that facilitates its recruitment to kinetochores,1
3852,P15923,Transcription factor E2-alpha,Phosphorylated following NGF stimulation,0
3854,Q15046,Lysine--tRNA ligase,Phosphorylated on a serine residue after mast cell stimulation with immunoglobulin E (IgE),0
3857,Q13835,Plakophilin-1,"Phosphorylated by AKT2; required for interaction with YWHAG and subsequent localization away from desmosomes to the cytoplasm (By similarity). Phosphorylation of Ser-118 by AKT2 promotes PKP1-driven cap-dependent mRNA translation and decreases intercellular adhesion, phosphorylation is promoted by insulin (PubMed:23444369). Phosphorylation by RIPK4 at the N-terminus is required for its role in differentiation of keratinocytes and DSG1 localization at cell junctions (By similarity)",1
3861,Q01362,High affinity immunoglobulin epsilon receptor subunit beta,Phosphorylated on tyrosine residues by LYN,1
3870,Q8TEW0,Partitioning defective 3 homolog,Phosphorylation at Ser-827 by PRKCZ and PRKCI occurs at the most apical tip of epithelial cell-cell contacts during the initial phase of tight junction formation and may promote dissociation of the complex with PARD6. EGF-induced Tyr-1127 phosphorylation mediates dissociation from LIMK2 (By similarity). Phosphorylation by AURKA at Ser-962 is required for the normal establishment of neuronal polarity (PubMed:19812038),0
3872,Q9UPN3,"Microtubule-actin cross-linking factor 1, isoforms 1/2/3/4/5",Phosphorylated on serine residues in the C-terminal tail by GSK3B. Phosphorylation inhibits microtubule-binding and this plays a critical role in bulge stem cell migration and skin wound repair. Wnt-signaling can repress phosphorylation (By similarity),1
3875,Q7KZI7,Serine/threonine-protein kinase MARK2,"Autophosphorylated. Phosphorylated at Thr-208 by STK11/LKB1 in complex with STE20-related adapter-alpha (STRADA) pseudo kinase and CAB39. Phosphorylation at Thr-208 by TAOK1 activates the kinase activity, leading to phosphorylation and detachment of MAPT/TAU from microtubules. Phosphorylation at Ser-212 by GSK3-beta (GSK3B) inhibits the kinase activity. Phosphorylation by CaMK1 promotes activity and is required to promote neurite outgrowth. Phosphorylation at Thr-596 by PRKCZ/aPKC in polarized epithelial cells inhibits the kinase activity and promotes binding to 14-3-3 protein YWHAZ, leading to relocation from cell membrane to cytoplasm",1
3886,P42166,"Lamina-associated polypeptide 2, isoform alpha",Phosphorylated in a mitose-specific manner,0
3888,Q6P589,Tumor necrosis factor alpha-induced protein 8-like protein 2,Phosphorylated by TAK1/MAP3K7; this phosphorylation triggers association with BTRC and subsequent ubiquitination and degradation,1
3892,P04004,Vitronectin,Phosphorylation on Thr-69 and Thr-76 favors cell adhesion and spreading,0
3894,P04004,Vitronectin,Phosphorylation sites are present in the extracellular medium,0
3901,Q9NZU7,Calcium-binding protein 1,Phosphorylated. The phosphorylation regulates the activity,0
3904,P67809,Y-box-binding protein 1,Phosphorylated; increased by TGFB1 treatment (Ref.6). Phosphorylation by PKB/AKT1 reduces interaction with cytoplasmic mRNA (By similarity). In the absence of phosphorylation the protein is retained in the cytoplasm (PubMed:15806160),0
3906,Q96JB5,CDK5 regulatory subunit-associated protein 3,May be phosphorylated by CDK5,0
3910,Q9BYP7,Serine/threonine-protein kinase WNK3,"Autophosphorylated at Ser-304 and Ser-308, promoting its activity (PubMed:33439774). Phosphorylation at Thr-541 prevents interaction with KLHL3 and subsequent ubiquitination and degradation by the BCR(KLHL3) complex (Probable) (PubMed:35179207)",1
3913,P04183,"Thymidine kinase, cytosolic","Phosphorylated on Ser-13 in mitosis. Phosphorylation of Ser-13 by CDK1 during mitosis reduces homotetramerization and catalytic efficiency when DNA replication is complete and intracellular TK1 is still present at a high level (PubMed:14697231, PubMed:9575153)",1
3918,Q9NVI1,Fanconi anemia group I protein,Phosphorylated in response to DNA damage by ATM and/or ATR,0
3919,O75154,Rab11 family-interacting protein 3,"Phosphorylated at Ser-102 by CDK1 during metaphase, and dephosphorylated as cells enter telophase",1
3922,P54198,Protein HIRA,Phosphorylated by CDK2/CCNA1 and CDK2/CCNE1 on Thr-555 in vitro. Also phosphorylated on Thr-555 and Ser-687 in vivo,0
3930,P17302,Gap junction alpha-1 protein,"Phosphorylated at Ser-368 by PRKCG; phosphorylation induces disassembly of gap junction plaques and inhibition of gap junction activity (By similarity). Phosphorylation at Ser-325, Ser-328 and Ser-330 by CK1 modulates gap junction assembly. Phosphorylation at Ser-368 by PRKCD triggers its internalization into small vesicles leading to proteasome-mediated degradation (By similarity)",0
3945,Q9Y6E0,Serine/threonine-protein kinase 24,"Isoform B is activated by phosphorylation by PKA. Oxidative stress induces phosphorylation. Activated by autophosphorylation at Thr-190 and phosphorylation at this site is essential for its function. Manganese, magnesium and cobalt-dependent autophosphorylation is mainly on threonine residues while zinc-dependent autophosphorylation is on both serine and threonine residues",0
3947,Q15170,Transcription elongation factor A protein-like 1,Phosphorylation of Ser-38 and Ser-39 is critical for transcriptional repression,0
3948,Q5VWT5,FYN-binding protein 2,Phosphorylation is required for its function in T-cell activation,0
3951,Q01105,Protein SET,Isoform 2 is phosphorylated on Ser-15 and Ser-24,0
3960,Q9NYG2,Palmitoyltransferase ZDHHC3,Phosphorylation by FGFR1 and SRC probably regulates the palmitoyltransferase activity,0
3961,P30203,T-cell differentiation antigen CD6,"After T-cell activation, becomes hyperphosphorylated on Ser and Thr residues and phosphorylated on Tyr residues",0
3969,A6H8Y1,Transcription factor TFIIIB component B'' homolog,"Phosphorylated by CSNK2A1 during mitosis, resulting in its release from chromatin and suppression of polymerase III transcription",1
3978,O15264,Mitogen-activated protein kinase 13,"Dually phosphorylated on Thr-180 and Tyr-182 by MAP2K3/MKK3, MAP2K4/MKK4, MAP2K6/MKK6 and MAP2K7/MKK7, which activates the enzyme. Dephosphorylated by dual specificity phosphatase DUSP1",1
3986,Q49MI3,Ceramide kinase-like protein,Phosphorylated on serine residues,0
3990,Q9Y478,5'-AMP-activated protein kinase subunit beta-1,Phosphorylated when associated with the catalytic subunit (PRKAA1 or PRKAA2). Phosphorylated by ULK1; leading to negatively regulate AMPK activity and suggesting the existence of a regulatory feedback loop between ULK1 and AMPK,1
3992,Q6R327,Rapamycin-insensitive companion of mTOR,"Phosphorylated by MTOR; when part of mTORC2 (PubMed:15467718). Phosphorylated at Thr-1135 by RPS6KB1 downstream of the mTORC1 complex: phosphorylation of RICTOR inhibits mTORC2 signaling by creating a binding site for 14-3-3 proteins (PubMed:19720745, PubMed:19935711, PubMed:19995915). Phosphorylated at Thr-1695 by GSK3A and GSK3B which facilitates RICTOR ubiquitination and subsequent degradation (PubMed:25897075). Phosphorylated at Ser-1235 by GSK3B in response to endoplasmic stress, inhibiting mTORC2 signaling (PubMed:21343617)",1
3996,P35222,Catenin beta-1,"Phosphorylation at Ser-552 by AMPK promotes stabilization of the protein, enhancing TCF/LEF-mediated transcription (By similarity). Phosphorylation by GSK3B requires prior phosphorylation of Ser-45 by another kinase (PubMed:10966653, PubMed:12027456, PubMed:12051714). Phosphorylation proceeds then from Thr-41 to Ser-37 and Ser-33 (PubMed:12077367, PubMed:25169422). Phosphorylated by NEK2 (PubMed:18086858). EGF stimulates tyrosine phosphorylation (PubMed:10187801). Phosphorylated on Ser-33 and Ser-37 by HIPK2 and GSK3B, this phosphorylation triggers proteasomal degradation (PubMed:20307497). Phosphorylation on Ser-191 and Ser-246 by CDK5 (PubMed:17009320). Phosphorylation by CDK2 regulates insulin internalization (PubMed:21262353). Phosphorylation by PTK6 at Tyr-64, Tyr-142, Tyr-331 and/or Tyr-333 with the predominant site at Tyr-64 is not essential for inhibition of transcriptional activity (PubMed:20026641). Phosphorylation by SRC at Tyr-333 promotes interaction with isoform M2 of PKM (PKM2); promoting transcription activation (PubMed:22056988)",0
3997,P35222,Catenin beta-1,"Ubiquitinated by the SCF(BTRC) E3 ligase complex when phosphorylated by GSK3B, leading to its degradation (PubMed:12077367). Ubiquitinated by a E3 ubiquitin ligase complex containing UBE2D1, SIAH1, CACYBP/SIP, SKP1, APC and TBL1X, leading to its subsequent proteasomal degradation (PubMed:11389839, PubMed:11389840, PubMed:20307497). Ubiquitinated and degraded following interaction with SOX9 (By similarity). Ubiquitinated via 'Lys-11'- and 'Lys-29'-linked ubiquitin chains by UBR5, leading to its stabilization (PubMed:21118991)",0
4001,P35222,Catenin beta-1,Phosphorylated at Thr-556 by herpes virus 1/HHV-1 leading to CTNNB1 inhibition,0
4005,P19634,Sodium/hydrogen exchanger 1,Phosphorylation at Thr-779 increases SLC9A1 activity. Specifically dephosphorylated at Thr-779 by PPP3CA that negatively regulates SLC9A1 activity (PubMed:31375679). Phosphorylation at Ser-648 by AKT1 reduces SLC9A1 binding to CALM1 (PubMed:18757828),0
4007,O43768,Alpha-endosulfine,Phosphorylation at Ser-67 by GWL during mitosis is essential for interaction with PPP2R2D (PR55-delta) and subsequent inactivation of PP2A (By similarity). Phosphorylated by PKA,0
4008,P16403,Histone H1.2,"H1 histones are progressively phosphorylated during the cell cycle, becoming maximally phosphorylated during late G2 phase and M phase, and being dephosphorylated sharply thereafter",0
4018,Q96QC0,Serine/threonine-protein phosphatase 1 regulatory subunit 10,Phosphorylated on Ser-398 by PKA within the region necessary for interaction with PPP1CA,1
4022,Q9Y3A3,MOB-like protein phocein,Phosphorylated on serine residues,0
4036,Q03164,Histone-lysine N-methyltransferase 2A,Phosphorylation increases its interaction with PSIP1,0
4038,Q9H4L5,Oxysterol-binding protein-related protein 3,"Phosphorylation is enhanced in vitro by phorbol-12-myristate-13-acetate (PMA), forskolin and calcium ionophore A23187 (PubMed:25447204). Phosphorylation seems to be stimulated in conditions of low cell-cell (or cell-matrix) adhesion (PubMed:18270267)",0
4042,Q9UPY6,Actin-binding protein WASF3,Phosphorylation by ABL1 promotes lamellipodia formation and cell migration,0
4044,O76070,Gamma-synuclein,Phosphorylated. Phosphorylation by GRK5 appears to occur on residues distinct from the residue phosphorylated by other kinases,1
4046,Q9H2W2,Homeobox protein MIXL1,Phosphorylated at multiple sites,0
4049,P62820,Ras-related protein Rab-1A,Phosphorylated by CDK1 kinase during mitosis,1
4050,P62820,Ras-related protein Rab-1A,"(Microbial infection) Phosphocholinated at Ser-79 by L.pneumophila AnkX, leading to displace GDP dissociation inhibitors (GDI) (PubMed:21822290). Both GDP-bound and GTP-bound forms can be phosphocholinated. Dephosphocholinated by L.pneumophila Lem3, restoring accessibility to L.pneumophila GTPase effector LepB (PubMed:22158903)",0
4055,Q92974,Rho guanine nucleotide exchange factor 2,"Phosphorylation of Ser-886 by PAK1 induces binding to protein YWHAZ, promoting its relocation to microtubules and the inhibition of its activity. Phosphorylated by AURKA and CDK1 during mitosis, which negatively regulates its activity. Phosphorylation by MAPK1 or MAPK3 increases nucleotide exchange activity. Phosphorylation by PAK4 releases GEF-H1 from the microtubules. Phosphorylated on serine, threonine and tyrosine residues in a RIPK2-dependent manner",1
4056,Q9UGJ0,5'-AMP-activated protein kinase subunit gamma-2,Phosphorylated by ULK1; leading to negatively regulate AMPK activity and suggesting the existence of a regulatory feedback loop between ULK1 and AMPK,1
4058,Q96J02,E3 ubiquitin-protein ligase Itchy homolog,"On T-cell activation, phosphorylation by the JNK cascade on serine and threonine residues surrounding the PRR domain accelerates the ubiquitination and degradation of JUN and JUNB. The increased ITCH catalytic activity due to phosphorylation by JNK1 may occur due to a conformational change disrupting the interaction between the PRR/WW motifs domain and the HECT domain and, thus exposing the HECT domain (By similarity). Phosphorylation by FYN reduces interaction with JUNB and negatively controls JUN ubiquitination and degradation",1
4060,P11940,Polyadenylate-binding protein 1,Phosphorylated by MAPKAPK2,1
4068,Q9H4H8,Protein FAM83D,Phosphorylated during mitosis,0
4074,Q6P1J9,Parafibromin,Phosphorylated. Dephosphorylated by PTPN11,1
4080,Q13153,Serine/threonine-protein kinase PAK 1,"Autophosphorylated in trans, meaning that in a dimer, one kinase molecule phosphorylates the other one (PubMed:20417602, PubMed:22153498, PubMed:23633677). Activated by autophosphorylation at Thr-423 in response to a conformation change, triggered by interaction with GTP-bound CDC42 or RAC1 (PubMed:10551809). Activated by phosphorylation at Thr-423 by BRSK2 and by PDPK1 (PubMed:10995762, PubMed:22669945). Phosphorylated by JAK2 in response to PRL; this increases PAK1 kinase activity. Phosphorylated at Ser-21 by PKB/AKT; this reduces interaction with NCK1 and association with focal adhesion sites (PubMed:14585966). Upon DNA damage, phosphorylated at Thr-212 and translocates to the nucleoplasm (PubMed:23260667). Phosphorylated at tyrosine residues, which can be enhanced by NTN1 (By similarity)",0
4093,P17096,High mobility group protein HMG-I/HMG-Y,"Constitutively phosphorylated on two or three sites. Hyperphosphorylated at early stages of apoptosis, followed by dephosphorylation and methylation, which coincides with chromatin condensation. Isoforms HMG-I and HMG-Y can be phosphorylated by HIPK2. Phosphorylation of HMG-I at Ser-36, Thr-53 and Thr-78 and of HMG-Y at Thr-42 and Thr-67 by HIPK2 modulates DNA-binding affinity",1
4097,Q9Y3S1,Serine/threonine-protein kinase WNK2,"Autophosphorylated (PubMed:18593598, PubMed:21733846). Autophosphorylation at Ser-352 and Ser-356 promotes its activity (By similarity)",1
4099,Q6P3S1,DENN domain-containing protein 1B,"Phosphorylated on serine and/or threonine, possibly regulating the guanine nucleotide exchange factor (GEF) activity",0
4105,Q9UJZ1,"Stomatin-like protein 2, mitochondrial","Hyperphosphorylated at Ser-17 in some patients with monoclonal gammopathy of undetermined significance (MGUS), multiple myeloma (MM) and Waldenstrom macroglobulinemia due to impaired dephosphorylation by PP2A",0
4106,Q9NRA8,Eukaryotic translation initiation factor 4E transporter,Phosphorylation by MAPK8/JNK1 and or MAPK9/JNK2 in response to oxidative stress promotes P-body assembly (PubMed:22966201). Phosphorylated during meiotic maturation (By similarity),1
4109,Q9UMD9,Collagen alpha-1(XVII) chain,"The ectodomain is shedded from the surface of keratinocytes resulting in a 120-kDa soluble form, also named as 120 kDa linear IgA disease antigen. The shedding is mediated by membrane-bound metalloproteases. This cleavage is inhibited by phosphorylation at Ser-544",0
4110,P27361,Mitogen-activated protein kinase 3,"Phosphorylated upon KIT and FLT3 signaling (By similarity). Dually phosphorylated on Thr-202 and Tyr-204, which activates the enzyme. Ligand-activated ALK induces tyrosine phosphorylation. Dephosphorylated by PTPRJ at Tyr-204",1
4115,P10911,Proto-oncogene DBL,Phosphorylation by TNK2 enhances guanine nucleotide exchange factor (GEF) activity toward Rho family proteins,1
4127,Q16778,Histone H2B type 2-E,"Phosphorylation at Ser-37 (H2BS36ph) by AMPK in response to stress promotes transcription (By similarity). Phosphorylated on Ser-15 (H2BS14ph) by STK4/MST1 during apoptosis; which facilitates apoptotic chromatin condensation (PubMed:12757711). Also phosphorylated on Ser-15 in response to DNA double strand breaks (DSBs), and in correlation with somatic hypermutation and immunoglobulin class-switch recombination",0
4129,Q16778,Histone H2B type 2-E,"ADP-ribosylated by PARP1 or PARP2 on Ser-7 (H2BS6ADPr) in response to DNA damage (PubMed:34874266). H2BS6ADPr promotes recruitment of CHD1L (PubMed:34874266). Mono-ADP-ribosylated on Glu-3 (H2BE2ADPr) by PARP3 in response to single-strand breaks (PubMed:27530147). Poly ADP-ribosylation on Glu-36 (H2BE35ADPr) by PARP1 regulates adipogenesis: it inhibits phosphorylation at Ser-37 (H2BS36ph), thereby blocking expression of pro-adipogenetic genes (By similarity)",0
4132,Q9UBK2,Peroxisome proliferator-activated receptor gamma coactivator 1-alpha,Phosphorylation by AMPK in skeletal muscle increases activation of its own promoter. Phosphorylated by CLK2,1
4135,Q9UJU2,Lymphoid enhancer-binding factor 1,Phosphorylated at Thr-155 and/or Ser-166 by NLK. Phosphorylation by NLK at these sites represses LEF1-mediated transcriptional activation of target genes of the canonical Wnt signaling pathway,1
4136,O60711,Leupaxin,"Phosphorylated on tyrosine residues. Phosphorylation on Tyr-72 is important for its inhibitory function. Bombesin stimulates phosphorylation on Tyr-22, Tyr-62 and Tyr-72",0
4140,Q92558,Actin-binding protein WASF1,Phosphorylated on tyrosine residues by ABL1 and dephosphorylated by PTPN12,1
4144,P15336,Cyclic AMP-dependent transcription factor ATF-2,"Phosphorylation of Thr-69 by MAPK14 and MAPK11, and at Thr-71 by MAPK1/ERK2, MAPK3/ERK1, MAPK11, MAPK12 and MAPK14 in response to external stimulus like insulin causes increased transcriptional activity (PubMed:12110590, PubMed:9430721). Phosphorylated by PLK3 following hyperosmotic stress (PubMed:21098032). Also phosphorylated and activated by JNK and CaMK4 (PubMed:8855261). ATM-mediated phosphorylation at Ser-490 and Ser-498 stimulates its function in DNA damage response (PubMed:15916964). Phosphorylation at Ser-62, Thr-73 and Ser-121 activates its transcriptional activity (PubMed:15105425). Phosphorylation at Thr-69 or Thr-71 enhances acetylation of histones H2B and H4 (PubMed:10821277)",0
4145,O14757,Serine/threonine-protein kinase Chk1,"Phosphorylated by ATR in a RAD17-dependent manner in response to ultraviolet irradiation and inhibition of DNA replication (PubMed:10859164, PubMed:11390642, PubMed:12446774, PubMed:12588868, PubMed:12676583, PubMed:12676925, PubMed:12676962, PubMed:14681223, PubMed:14988723, PubMed:15650047, PubMed:15707391, PubMed:15870257, PubMed:25083873, PubMed:31316063). Phosphorylated by ATM in response to ionizing irradiation (PubMed:12588868, PubMed:12676583). ATM and ATR can both phosphorylate Ser-317 and Ser-345 and this results in enhanced kinase activity (PubMed:11390642, PubMed:12446774, PubMed:12588868, PubMed:12660173, PubMed:12676583, PubMed:12676962, PubMed:14657349, PubMed:15665856, PubMed:15707391, PubMed:15870257, PubMed:25083873). Phosphorylation at Ser-345 induces a change in the conformation of the protein, activates the kinase activity and is a prerequisite for interaction with FBXO6 and subsequent ubiquitination at Lys-436 (PubMed:19716789). Phosphorylation at Ser-345 also increases binding to 14-3-3 proteins and promotes nuclear retention (PubMed:12676962). Conversely, dephosphorylation at Ser-345 by PPM1D may contribute to exit from checkpoint mediated cell cycle arrest (PubMed:15870257). Phosphorylation at Ser-280 by AKT1/PKB, may promote mono and/or diubiquitination. Also phosphorylated at undefined residues during mitotic arrest, resulting in decreased activity (By similarity)",0
4146,O14757,Serine/threonine-protein kinase Chk1,"Ubiquitinated. Mono or diubiquitination promotes nuclear exclusion (By similarity). The activated form (phosphorylated on Ser-345) is polyubiquitinated at Lys-436 by some SCF-type E3 ubiquitin ligase complex containing FBXO6 promoting its degradation. Ubiquitination and degradation are required to terminate the checkpoint and ensure that activated CHEK1 does not accumulate as cells progress through S phase, when replication forks encounter transient impediments during normal DNA replication. 'Lys-63'-mediated ubiquitination by TRAF4 at Lys-132 activates cell cycle arrest and activation of DNA repair (PubMed:32357935)",0
4150,P17252,Protein kinase C alpha type,"In response to growth factors, phosphorylated at Thr-631 and Ser-657 by the mTORC2 complex, promoting autophosphorylation and activation of PRKCA",1
4151,Q15746,"Myosin light chain kinase, smooth muscle","Can probably be down-regulated by phosphorylation. Tyrosine phosphorylation by ABL1 increases kinase activity, reverses MLCK-mediated inhibition of Arp2/3-mediated actin polymerization, and enhances CTTN-binding. Phosphorylation by SRC at Tyr-464 and Tyr-471 promotes CTTN binding",1
4165,Q12851,Mitogen-activated protein kinase kinase kinase kinase 2,"Autophosphorylated in response to tumor necrosis factor (TNF), endotoxins or pro-inflammatory stimuli. Autophosphorylation leads to activation",0
4167,O75914,Serine/threonine-protein kinase PAK 3,Autophosphorylated when activated by CDC42/p21,1
4169,P51170,Epithelial sodium channel subunit gamma,Phosphorylated on serine and threonine residues. Aldosterone and insulin increase the basal level of phosphorylation,0
4178,P31751,RAC-beta serine/threonine-protein kinase,"Phosphorylation on Thr-309 and Ser-474 is required for full activity (PubMed:12086620, PubMed:12434148, PubMed:15890450, PubMed:20059950). Phosphorylation of the activation loop at Thr-309 by PDPK1/PDK1 is a prerequisite for full activation (By similarity). Phosphorylated and activated by PDPK1/PDK1 in the presence of phosphatidylinositol 3,4,5-trisphosphate (PubMed:9512493). Phosphorylation by mTORC2 in response to growth factors plays a key role in AKT1 activation: mTORC2 phosphorylates different sites depending on the context, such as Ser-474 or Ser-478, thereby facilitating subsequent phosphorylation of the activation loop by PDPK1/PDK1 (By similarity)",1
4179,P31751,RAC-beta serine/threonine-protein kinase,"Ubiquitinated; undergoes both 'Lys-48'- and 'Lys-63'-linked polyubiquitination. TRAF6 catalyzes 'Lys-63'-linked AKT2 ubiquitination; this modification may be important for AKT2 recruitment to the plasma membrane and for AKT2 activating phosphorylation (PubMed:19713527). When phosphorylated, undergoes 'Lys-48'-polyubiquitination catalyzed by TTC3 in the nucleus, leading to its degradation by the proteasome (PubMed:20059950)",0
4180,P31751,RAC-beta serine/threonine-protein kinase,O-GlcNAcylation at Thr-306 and Thr-313 inhibits activating phosphorylation at Thr-309 via the disruption of the interaction between AKT and PDPK1/PDK1,0
4182,O60285,NUAK family SNF1-like kinase 1,Ubiquitinated with 'Lys-29'- and 'Lys-33'-linked polyubiquitins which appear to impede LKB1-mediated phosphorylation. Deubiquitinated by USP9X,0
4183,O60285,NUAK family SNF1-like kinase 1,"Phosphorylated at Thr-211 by STK11/LKB1 in complex with STE20-related adapter-alpha (STRADA) pseudo kinase and CAB39. Not dephosphorylated by the myosin PP1 complex when regulating its activity, due to the presence of PPP1R12A, which prevents myosin PP1 from dephosphorylating NUAK1. Phosphorylated by STK38L upon stimulation with IGF1",0
4184,O94763,Unconventional prefoldin RPB5 interactor 1,"Phosphorylated. Phosphorylation occurs essentially on serine residues. Phosphorylation occurs in response to androgen treatment in prostate cancer cells in a mTOR-dependent manner. Phosphorylated; hyperhosphorylated in mitochondria in a mTORC-dependent signaling pathway. Phosphorylated at Ser-372 by RPS6KB1 in a growth factor- and rapamycin-dependent manner. S6K1-mediated mitochondrial phosphorylation at Ser-372 disrupts the URI1-PPP1CC complex in the mitochondrion, relieves PPP1CC phosphatase inhibition activity and hence engages a negative feedback diminishing RPS6KB1 kinase activity, preventing sustained S6K1-dependent signaling",1
4188,P35269,General transcription factor IIF subunit 1,Phosphorylated on Ser and other residues by TAF1 and casein kinase II-like kinases,1
4190,Q15650,Activating signal cointegrator 1,Phosphorylated by NEK6,1
4193,Q5JVS0,Intracellular hyaluronan-binding protein 4,Phosphorylated by phorbol 12-myristate 13-acetate (PMA)-activated PKC isoforms at Thr-354 and Thr-375,0
4206,P51168,Epithelial sodium channel subunit beta,Phosphorylated on serine and threonine residues. Aldosterone and insulin increase the basal level of phosphorylation,0
4209,Q01130,Serine/arginine-rich splicing factor 2,Extensively phosphorylated on serine residues in the RS domain. Phosphorylated by SRPK2 and this causes its redistribution from the nuclear speckle to nucleoplasm and controls cell fate decision in response to cisplatin treatment. KAT5/TIP60 inhibits its phosphorylation by preventing SRPK2 nuclear translocation,1
4212,Q8N2C7,Protein unc-80 homolog,Phosphorylated on tyrosine residues,0
4217,Q9Y698,Voltage-dependent calcium channel gamma-2 subunit,Phosphorylation of Thr-321 impairs interaction with DLG1 and DLG4,0
4218,P08047,Transcription factor Sp1,"Phosphorylated on multiple serine and threonine residues. Phosphorylation is coupled to ubiquitination, sumoylation and proteolytic processing. Phosphorylation on Ser-59 enhances proteolytic cleavage. Phosphorylation on Ser-7 enhances ubiquitination and protein degradation. Hyperphosphorylation on Ser-101 in response to DNA damage has no effect on transcriptional activity. MAPK1/MAPK3-mediated phosphorylation on Thr-453 and Thr-739 enhances VEGF transcription but, represses FGF2-triggered PDGFR-alpha transcription. Also implicated in the repression of RECK by ERBB2. Hyperphosphorylated on Thr-278 and Thr-739 during mitosis by MAPK8 shielding SP1 from degradation by the ubiquitin-dependent pathway. Phosphorylated in the zinc-finger domain by calmodulin-activated PKCzeta. Phosphorylation on Ser-641 by PKCzeta is critical for TSA-activated LHR gene expression through release of its repressor, p107. Phosphorylation on Thr-668, Ser-670 and Thr-681 is stimulated by angiotensin II via the AT1 receptor inducing increased binding to the PDGF-D promoter. This phosphorylation is increased in injured artey wall. Ser-59 and Thr-681 can both be dephosphorylated by PP2A during cell-cycle interphase. Dephosphorylation on Ser-59 leads to increased chromatin association during interphase and increases the transcriptional activity. On insulin stimulation, sequentially glycosylated and phosphorylated on several C-terminal serine and threonine residues",0
4220,P08047,Transcription factor Sp1,Ubiquitinated. Ubiquitination occurs on the C-terminal proteolytically-cleaved peptide and is triggered by phosphorylation,0
4221,P08047,Transcription factor Sp1,Sumoylated with SUMO1. Sumoylation modulates proteolytic cleavage of the N-terminal repressor domain. Sumoylation levels are attenuated during tumorigenesis. Phosphorylation mediates SP1 desumoylation,0
4223,P08047,Transcription factor Sp1,"O-glycosylated; Contains 8 N-acetylglucosamine side chains. Levels are controlled by insulin and the SP1 phosphorylation states. Insulin-mediated O-glycosylation locates SP1 to the nucleus, where it is sequentially deglycosylated and phosphorylated. O-glycosylation affects transcriptional activity through disrupting the interaction with a number of transcription factors including ELF1 and NFYA. Also inhibits interaction with the HIV1 promoter. Inhibited by peroxisomome proliferator receptor gamma (PPARgamma)",0
4232,Q9BWF3,RNA-binding protein 4,"Phosphorylation on Ser-309 is induced upon cell muscle differentiation (By similarity). Phosphorylated. Phosphorylated in vitro on Ser-309 by SRPK1. Phosphorylation on Ser-309 is induced upon cell stress signaling, which alters its subcellular localization and may modulate its activity on IRES-mediated mRNA translation",1
4235,P61026,Ras-related protein Rab-10,"Phosphorylation of Thr-73 in the switch II region by LRRK2 prevents the association of dRAB regulatory proteins, including CHM, CHML and RAB GDP dissociation inhibitors GDI1 and GDI2 (PubMed:26824392). Phosphorylation of Thr-73 by LRRK2 is stimulated by RAB29 and RAB32 (PubMed:38127736). Phosphorylation by LRRK2 is required for localization to stressed lysosomes (PubMed:30209220)",0
4237,O95622,Adenylate cyclase type 5,Phosphorylated by RAF1,1
4239,P42680,Tyrosine-protein kinase Tec,"Following B-cell or T-cell receptors engagement, translocates to the plasma membrane where it gets phosphorylated at Tyr-519. Undergoes also tyrosine phosphorylation during platelet activation",0
4245,Q03468,DNA excision repair protein ERCC-6,"Phosphorylated in a cell cycle-dependent manner at Ser-158 by cyclin A-CDK2 and at Ser-10 by ATM in response to DNA damage (PubMed:29203878). Phosphorylation at these two sites promotes the intramolecular interaction of the N-terminal domain with the helicase ATP-binding domain, thereby probably releasing the inhibitory effect of the N-terminal domain on its ATPase activity (PubMed:29203878). Phosphorylation is essential for its chromatin remodeling activity (PubMed:29203878)",1
4251,P17677,Neuromodulin,Phosphorylated (By similarity). Phosphorylation of this protein by a protein kinase C is specifically correlated with certain forms of synaptic plasticity (By similarity),0
4254,Q15111,Inactive phospholipase C-like protein 1,Phosphorylated by the catalytic subunit of PKA. Phosphorylation of Thr-93 resulted in dissociation of PPP1C from PRIP1 (By similarity),1
4260,Q99626,Homeobox protein CDX-2,Phosphorylation at Ser-60 reduces transactivation capacity. Phosphorylation at Ser-283 reduces transactivation capacity and also increases ubiquitin-dependent proteasome degradation,0
4271,Q13501,Sequestosome-1,"Phosphorylation at Ser-407 by ULK1 destabilizes the UBA dimer interface and increases binding affinity to ubiquitinated proteins (By similarity). Phosphorylation at Ser-407 also primes for subsequent phosphorylation at Ser-403 (By similarity). Phosphorylation at Ser-403 by CK2 or ULK1 promotes binding to ubiquitinated proteins by increasing the affinity between the UBA domain and polyubiquitin chains (PubMed:22017874, PubMed:25040165). Phosphorylation at Ser-403 by ULK1 is stimulated by SESN2 (PubMed:25040165). Phosphorylated at Ser-403 by TBK1, leading to promote relocalization of 'Lys-63'-linked ubiquitinated STING1 to autophagosomes (PubMed:29496741). Phosphorylation at Ser-349 by ULK1 promotes interaction with KEAP1 and inactivation of the BCR(KEAP1) complex, promoting NFE2L2/NRF2 nuclear accumulation and expression of phase II detoxifying enzymes (PubMed:37306101). Phosphorylated in vitro by TTN (PubMed:15802564)",1
4281,Q8ND25,E3 ubiquitin-protein ligase ZNRF1,"Phosphorylated by SRC at Tyr-103; leading to 'Lys-63'-linked ubiquitination of TLR3, lysosomal trafficking and degradation",0
4282,Q9HC35,Echinoderm microtubule-associated protein-like 4,Phosphorylated during mitosis (PubMed:16890222). Phosphorylation at Ser-144 and Ser-146 promotes its dissociation from microtubules during mitosis which is required for efficient chromosome congression (PubMed:31409757),0
4286,Q9UI08,Ena/VASP-like protein,Phosphorylated by PKA; phosphorylation abolishes binding to SH3 domains of ABL and SRC,1
4287,Q9Y6G9,Cytoplasmic dynein 1 light intermediate chain 1,Phosphorylated during mitosis but not in interphase,0
4289,P30793,GTP cyclohydrolase 1,Phosphorylated by casein kinase II at Ser-81 in HAECs during oscillatory shear stress; phosphorylation at Ser-81 results in increased enzyme activity,1
4291,O75569,Interferon-inducible double-stranded RNA-dependent protein kinase activator A,Phosphorylated at Ser-246 in unstressed cells and at Ser-287 in stressed cells. Phosphorylation at Ser-246 appears to be a prerequisite for subsequent phosphorylation at Ser-287. Phosphorylation at Ser-246 and Ser-287 are necessary for activation of EIF2AK2/PKR under conditions of stress,0
4298,Q9UGI9,5'-AMP-activated protein kinase subunit gamma-3,Phosphorylated by ULK1; leading to negatively regulate AMPK activity and suggesting the existence of a regulatory feedback loop between ULK1 and AMPK,1
4300,P13796,Plastin-2,Phosphorylated on a serine residue in response to costimulation through TCR/CD3 and CD2 or CD28. Serine phosphorylation promotes association with the actin cytoskeleton and targeting to peripheral cell projections,0
4301,P48382,DNA-binding protein RFX5,Phosphorylated,0
4305,O75496,Geminin,Phosphorylated during mitosis. Phosphorylation at Ser-184 by CK2 results in enhanced binding to Hox proteins and more potent inhibitory effect on Hox transcriptional activity,1
4306,P17600,Synapsin-1,"Substrate of different protein kinases. Phosphorylated by CaMK2 and MAPK1 (PubMed:21441247). Phosphorylation, including phosphorylation at Ser-9, promotes synapsin-1 dissociation from synaptic vesicles, regulates its rate of dispersion, and controls the kinetics of vesicle pool turnover and neurotransmitter release (By similarity) (PubMed:21441247)",1
4308,Q99549,M-phase phosphoprotein 8,Phosphorylated in M (mitotic) phase. Phosphorylation by CDK1 promotes dissociation from chromatin,1
4314,P02788,Lactotransferrin,Phosphorylation at Ser-10 activates the transcriptional activity (PubMed:20404350). Phosphorylation at Ser-10 also promotes proteasomal degradation (PubMed:20404350). Alternatively can undergo O-GlcNAcylation at Ser-10 (PubMed:20404350),0
4315,P02788,Lactotransferrin,O-GlcNAcylation at Ser-10 inhibits DNA binding and negatively regulates the transcriptional activity (PubMed:20404350). Alternatively can undergo phosphorylation at Ser-10 (PubMed:20404350),0
4319,Q00059,"Transcription factor A, mitochondrial",Phosphorylation by PKA within the HMG box 1 impairs DNA binding and promotes degradation by the AAA+ Lon protease,1
4323,Q9BXM7,"Serine/threonine-protein kinase PINK1, mitochondrial","Autophosphorylated (PubMed:18957282, PubMed:20404107, PubMed:22910362). Loss of mitochondrial membrane potential results in the precursor accumulating on the outer mitochondrial membrane (OMM) where it is activated by autophosphorylation (PubMed:18957282, PubMed:20404107, PubMed:22910362). Autophosphorylation at Ser-228 and Ser-402 is sufficient and essential for selective recruitment of PRKN to depolarized mitochondria, via PINK1-dependent phosphorylation of ubiquitin and maybe PRKN (PubMed:18957282, PubMed:22910362)",0
4325,O75677,Ret finger protein-like 1,Phosphorylated by PKC and CDK1 (PubMed:20725088). The antiproliferative effect seems to be positively regulated by PKC phosphorylation and negatively by CDK1 phosphorylation (PubMed:20725088),1
4327,P53805,Calcipressin-1,Phosphorylation increases its ability to inhibit calcineurin and decreases protein half-life,0
4342,Q96PX1,E3 ubiquitin ligase RNF157,"Phosphorylation at Ser-660, Ser-661, Ser-662 and Ser-663 downstream of the PI3K and MAPK pathways influences the E3 ligase activity and stability of RNF157 during the cell cycle in an anaphase-promoting complex/cyclosome-CDH1-dependent manner (PubMed:28655764)",0
4354,P15529,Membrane cofactor protein,"In epithelial cells, isoforms B/D/F/H/J/L/3 are phosphorylated by YES1 in response to infection by Neisseria gonorrhoeae; which promotes infectivity. In T-cells, these isoforms may be phosphorylated by LCK",0
4356,P35637,RNA-binding protein FUS,Phosphorylated in its N-terminal serine residues upon induced DNA damage. ATM and DNA-PK are able to phosphorylate FUS N-terminal region,0
4357,Q13177,Serine/threonine-protein kinase PAK 2,"Full-length PAK2 is autophosphorylated when activated by CDC42/p21. Following cleavage, both peptides, PAK-2p27 and PAK-2p34, become highly autophosphorylated, with PAK-2p27 being phosphorylated on serine and PAK-2p34 on threonine residues, respectively. Autophosphorylation of PAK-2p27 can occur in the absence of any effectors and is dependent on phosphorylation of Thr-402, because PAK-2p27 is acting as an exogenous substrate",1
4362,O15503,Insulin-induced gene 1 protein,"Phosphorylation at Ser-207 by PCK1 reduces binding to oxysterol, disrupting the interaction between INSIG1 and SCAP, thereby promoting nuclear translocation of SREBP proteins (SREBF1/SREBP1 or SREBF2/SREBP2) and subsequent transcription of downstream lipogenesis-related genes",1
4366,P04350,Tubulin beta-4A chain,"Phosphorylated on Ser-172 by CDK1 during the cell cycle, from metaphase to telophase, but not in interphase. This phosphorylation inhibits tubulin incorporation into microtubules",0
4369,Q96JZ2,Hematopoietic SH2 domain-containing protein,May be phosphorylated by FES and ACK1,0
4373,Q8TEW6,Docking protein 4,"Phosphorylated on tyrosine residues in response to insulin, IGF1 or RET stimulation",0
4376,P17661,Desmin,"Phosphorylation at Ser-7, Ser-28 and Ser-32 by CDK1, phosphorylation at Ser-60 by AURKB and phosphorylation at Thr-76 by ROCK1 contribute to efficient separation of desmin intermediate filaments during mitosis",0
4378,Q14653,Interferon regulatory factor 3,"Constitutively phosphorylated on many Ser/Thr residues (PubMed:22394562, PubMed:23478265, PubMed:23746807). Activated following phosphorylation by TBK1 and IKBKE (PubMed:23478265, PubMed:23746807, PubMed:25636800, PubMed:36603579). Innate adapter proteins, such as MAVS, STING1 or TICAM1, are first activated by viral RNA, cytosolic DNA, and bacterial lipopolysaccharide (LPS), respectively, leading to activation of the kinases TBK1 and IKBKE (PubMed:25636800). These kinases then phosphorylate the adapter proteins on the pLxIS motif, leading to recruitment of IRF3, thereby licensing IRF3 for phosphorylation by TBK1 (PubMed:25636800). Phosphorylation at Ser-386 is followed by pyrophosphorylation at the same residue, promoting phosphorylation at Ser-396 (PubMed:36603579). Phosphorylated IRF3 dissociates from the adapter proteins, dimerizes, and then enters the nucleus to induce IFNs (PubMed:25636800, PubMed:36603579)",1
4379,Q14653,Interferon regulatory factor 3,"Pyrophosphorylated by UAP1 following phosphorylation at Ser-386 by TBK1 (PubMed:36603579). Pyrophosphorylation promotes subsequent phosphorylation at Ser-396, leading to homodimerization of IRF3 (PubMed:36603579)",0
4380,Q14653,Interferon regulatory factor 3,Acetylation at Lys-366 by KAT8 inhibits recruimtent to promoters and transcription factor activity. Acetylation by KAT8 is promoted by phosphorylation at Ser-396,0
4382,Q14653,Interferon regulatory factor 3,ISGylated by HERC5 resulting in sustained IRF3 activation and in the inhibition of IRF3 ubiquitination by disrupting PIN1 binding. The phosphorylation state of IRF3 does not alter ISGylation,0
4385,Q14653,Interferon regulatory factor 3,(Microbial infection) Phosphorylation and subsequent activation of IRF3 is inhibited by vaccinia virus protein E3,0
4386,Q14653,Interferon regulatory factor 3,(Microbial infection) Phosphorylated by herpes simplex virus 1/HHV-1 US3 at Ser-175 to prevent IRF3 activation,0
4401,P51397,Death-associated protein 1,Phosphorylated. Phosphorylation by MTOR inhibits the suppressive activity of DAP toward autophagy,1
4405,P62807,Histone H2B type 1-C/E/F/G/I,"Phosphorylation at Ser-37 (H2BS36ph) by AMPK in response to stress promotes transcription (By similarity). Phosphorylated on Ser-15 (H2BS14ph) by STK4/MST1 during apoptosis; which facilitates apoptotic chromatin condensation (PubMed:12757711). Also phosphorylated on Ser-15 in response to DNA double strand breaks (DSBs), and in correlation with somatic hypermutation and immunoglobulin class-switch recombination",0
4407,P62807,Histone H2B type 1-C/E/F/G/I,"ADP-ribosylated by PARP1 or PARP2 on Ser-7 (H2BS6ADPr) in response to DNA damage (PubMed:34874266). H2BS6ADPr promotes recruitment of CHD1L (PubMed:34874266). Mono-ADP-ribosylated on Glu-3 (H2BE2ADPr) by PARP3 in response to single-strand breaks (PubMed:27530147). Poly ADP-ribosylation on Glu-36 (H2BE35ADPr) by PARP1 regulates adipogenesis: it inhibits phosphorylation at Ser-37 (H2BS36ph), thereby blocking expression of pro-adipogenetic genes (By similarity)",0
4413,O60343,TBC1 domain family member 4,Phosphorylated by AKT1; insulin-induced. Also phosphorylated by AMPK in response to insulin. Insulin-stimulated phosphorylation is required for SLC2A4/GLUT4 translocation. Has no effect on SLC2A4/GLUT4 internalization. Physiological hyperinsulinemia increases phosphorylation in skeletal muscle. Insulin-stimulated phosphorylation is reduced by 39% in type 2 diabetic patients,1
4418,P12821,Angiotensin-converting enzyme,"Phosphorylated by CK2 on Ser-1299; which allows membrane retention (PubMed:12386153). Phosphorylated on tyrosine residues on its extracellular part, promoting cleavage by secretase enzymes and formation of the soluble form (Angiotensin-converting enzyme, soluble form) (By similarity)",0
4431,Q8N2H9,E3 ubiquitin-protein ligase pellino homolog 3,Phosphorylated by IRAK1 enhancing its E3 ligase activity,1
4435,Q9Y243,RAC-gamma serine/threonine-protein kinase,"Phosphorylation on Thr-305 and Ser-472 is required for full activity (PubMed:12162751, PubMed:9512493). Phosphorylation of the activation loop at Thr-305 by PDPK1/PDK1 is a prerequisite for full activation (PubMed:9512493). Phosphorylation at Ser-472 by mTORC2 in response to growth factors plays a key role in AKT1 activation by facilitating subsequent phosphorylation of the activation loop by PDPK1/PDK1 (By similarity)",1
4436,Q9Y243,RAC-gamma serine/threonine-protein kinase,"Ubiquitinated. When fully phosphorylated and translocated into the nucleus, undergoes 'Lys-48'-polyubiquitination catalyzed by TTC3, leading to its degradation by the proteasome",0
4437,Q9Y243,RAC-gamma serine/threonine-protein kinase,O-GlcNAcylation at Thr-302 and Thr-309 inhibits activating phosphorylation at Thr-305 via disrupting the interaction between AKT and PDPK1/PDK1,0
4440,P49006,MARCKS-related protein,"Phosphorylated. Phosphorylation at Ser-120 and Thr-178 is non-redundantly catalyzed by MAPK8 in vivo. Phosphorylation at Thr-148 is preferentially catalyzed by MAPK8 in vivo, but this modification can also be catalyzed by other kinases in the absence of MAPK8. May be phosphorylated by protein kinase C, which disrupts the interaction with calmodulin",1
4442,P57796,Calcium-binding protein 4,Phosphorylated. Phosphorylation levels change with the light conditions and regulate the activity (By similarity),0
4449,Q7L4E1,Mitoguardin 2,"Phosphorylation at Ser-295 of the FFAT motif activates interaction with MOSPD2, VAPA and VAPB",0
4461,P36888,Receptor-type tyrosine-protein kinase FLT3,"Autophosphorylated on several tyrosine residues in response to FLT3LG binding. FLT3LG binding also increases phosphorylation of mutant kinases that are constitutively activated. Dephosphorylated by PTPRJ/DEP-1, PTPN1, PTPN6/SHP-1, and to a lesser degree by PTPN12. Dephosphorylation is important for export from the endoplasmic reticulum and location at the cell membrane",0
4462,P36888,Receptor-type tyrosine-protein kinase FLT3,"Rapidly ubiquitinated by UBE2L6 and the E3 ubiquitin-protein ligase SIAH1 after autophosphorylation, leading to its proteasomal degradation",0
4463,P11362,Fibroblast growth factor receptor 1,"Autophosphorylated. Binding of FGF family members together with heparan sulfate proteoglycan or heparin promotes receptor dimerization and autophosphorylation on tyrosine residues. Autophosphorylation occurs in trans between the two FGFR molecules present in the dimer and proceeds in a highly ordered manner. Initial autophosphorylation at Tyr-653 increases the kinase activity by a factor of 50 to 100. After this, Tyr-583 becomes phosphorylated, followed by phosphorylation of Tyr-463, Tyr-766, Tyr-583 and Tyr-585. In a third stage, Tyr-654 is autophosphorylated, resulting in a further tenfold increase of kinase activity. Phosphotyrosine residues provide docking sites for interacting proteins and so are crucial for FGFR1 function and its regulation",1
4464,P11362,Fibroblast growth factor receptor 1,"Ubiquitinated. FGFR1 is rapidly ubiquitinated by NEDD4 after autophosphorylation, leading to internalization and lysosomal degradation. CBL is recruited to activated FGFR1 via FRS2 and GRB2, and mediates ubiquitination and subsequent degradation of FGFR1",0
4469,Q03252,Lamin-B2,"B-type lamins undergo a series of modifications, such as farnesylation and phosphorylation. Increased phosphorylation of the lamins occurs before envelope disintegration and probably plays a role in regulating lamin associations",0
4470,Q03252,Lamin-B2,"Phosphorylation plays a key role in lamin organization, subcellular localization and nuclear envelope disintegration. Phosphorylation by CDK1 at Ser-37 and Ser-407 at the onset of mitosis drives lamin disassembly and nuclear envelope breakdown",0
4471,Q16644,MAP kinase-activated protein kinase 3,"Phosphorylated and activated by MAPK1/ERK2 and MAPK3/ERK1. Phosphorylated and activated by MAP kinase p38-alpha/MAPK14 at Thr-201, Ser-251 and Thr-313 (By similarity)",1
4474,P20700,Lamin-B1,"B-type lamins undergo a series of modifications, such as farnesylation and phosphorylation. Increased phosphorylation of the lamins occurs before envelope disintegration and probably plays a role in regulating lamin associations",0
4475,P20700,Lamin-B1,"Phosphorylation plays a key role in lamin organization, subcellular localization and nuclear envelope disintegration. Phosphorylation by CDK1 at Ser-23 and Ser-393 at the onset of mitosis drives lamin disassembly and nuclear envelope breakdown",0
4480,Q14995,Nuclear receptor subfamily 1 group D member 2,Phosphorylated by CSNK1E; phosphorylation enhances its cytoplasmic localization,0
4490,Q99683,Mitogen-activated protein kinase kinase kinase 5,"Phosphorylated at Thr-838 through autophosphorylation and by MAP3K6/ASK2 which leads to activation. Thr-838 is dephosphorylated by PPP5C. Ser-83 and Ser-1033 are inactivating phosphorylation sites, the former of which is phosphorylated by AKT1. Phosphorylated at Ser-966 which induces association of MAP3K5/ASK1 with the 14-3-3 family proteins and suppresses MAP3K5/ASK1 activity. Calcineurin (CN) dephosphorylates this site. Also dephosphorylated and activated by PGAM5. Phosphorylation at Ser-966 in response to oxidative stress is negatively regulated by PPIA/CYPA (PubMed:26095851)",1
4495,Q16666,Gamma-interferon-inducible protein 16,Phosphorylated on Ser and Thr,0
4499,P50549,ETS translocation variant 1,Phosphorylated at Ser-191 and Ser-216 by RPS6KA1 and RPS6KA5; phosphorylation activates transcriptional activity,0
4504,Q92990,Glomulin,Phosphorylated on tyrosine residues,0
4508,Q15717,ELAV-like protein 1,Phosphorylated by MAPKAPK2 (PubMed:14517288). Phosphorylated by PRKCD (PubMed:18285462),1
4511,Q96G74,OTU domain-containing protein 5,"Phosphorylation at Ser-177 is required for deubiquitinating activity (PubMed:22245969, PubMed:33523931). Phosphorylation at Ser-328, Ser-337 and Ser-508 by MTOR promotes its activity (PubMed:33110214)",1
4514,Q05193,Dynamin-1,"Phosphorylation at Ser-774 by GSK3B/GSK3-beta leads to inactivation of receptor-mediated endocytosis in non-neuronal cells (PubMed:29668686). Dephosphorylation at Ser-774, through the EGFR downstream signaling, leads to activation and regulates early stages of clathrin-mediated endocytosis (CME) (PubMed:29668686). Phosphorylated by CDK5 leading to synaptic vesicle endocytosis (SVE) activation (By similarity)",1
4516,Q8TD19,Serine/threonine-protein kinase Nek9,"Autophosphorylated on serine and threonine residues (PubMed:27153399). When complexed with FACT, exhibits markedly elevated phosphorylation on Thr-210. During mitosis, not phosphorylated on Thr-210. Phosphorylated by CDK1 in vitro (PubMed:14660563)",1
4517,Q13342,Nuclear body protein SP140,Phosphorylation at Thr-726 promotes binding of PIN1 and subsequent isomerization of Pro-727,0
4524,P42262,Glutamate receptor 2,"Phosphorylation at Tyr-876 is required for interaction with IQSEC1 and ARF6 activation, which in turn triggers AMPAR internalization for persistent synaptic depression",0
4530,Q96BR1,Serine/threonine-protein kinase Sgk3,"Activated by phosphorylation on Ser-486 by an unknown kinase (may be mTORC2 but not confirmed), transforming it into a substrate for PDPK1 which then phosphorylates it on Thr-320",0
4534,Q13426,DNA repair protein XRCC4,"Phosphorylated by PRKDC at the C-terminus in response to DNA damage; Ser-260 and Ser-320 constitute the main phosphorylation sites (PubMed:12547193, PubMed:14599745, PubMed:15177042, PubMed:26666690, PubMed:28500754, PubMed:30247612, PubMed:9430729). Phosphorylations by PRKDC at the C-terminus of XRCC4 and NHEJ1/XLF are highly redundant and regulate ability of the XRCC4-NHEJ1/XLF subcomplex to bridge DNA (PubMed:22228831, PubMed:28500754). Phosphorylation by PRKDC does not prevent interaction with NHEJ1/XLF but disrupts ability to bridge DNA and promotes detachment from DNA (PubMed:22228831, PubMed:28500754). Phosphorylation at Ser-327 and Ser-328 by PRKDC promotes recognition by the SCF(FBXW7) complex and subsequent ubiquitination via 'Lys-63'-linked ubiquitin (PubMed:26774286). Phosphorylation at Thr-233 by CK2 promotes interaction with PNKP; regulating PNKP activity and localization to DNA damage sites (PubMed:15385968, PubMed:20852255, PubMed:28453785). Phosphorylation by CK2 promotes interaction with APTX (PubMed:15380105)",1
4535,Q13426,DNA repair protein XRCC4,"Ubiquitinated at Lys-296 by the SCF(FBXW7) complex via 'Lys-63'-linked ubiquitination, thereby promoting double-strand break repair: the SCF(FBXW7) complex specifically recognizes XRCC4 when phosphorylated at Ser-327 and Ser-328 by PRKDC, and 'Lys-63'-linked ubiquitination facilitates DNA non-homologous end joining (NHEJ) by enhancing association with XRCC5/Ku80 and XRCC6/Ku70 (PubMed:26774286). Monoubiquitinated (PubMed:16412978)",0
4536,Q13426,DNA repair protein XRCC4,"Undergoes proteolytic processing by caspase-3 (CASP3) (Probable) (PubMed:33725486). This generates the protein XRCC4, C-terminus (XRCC4/C), which translocates to the cytoplasm and activates phospholipid scramblase activity of XKR4, thereby promoting phosphatidylserine exposure on apoptotic cell surface (PubMed:33725486)",0
4542,Q8TDQ1,CMRF35-like molecule 1,Phosphorylated on tyrosine,0
4543,Q9H1A4,Anaphase-promoting complex subunit 1,Phosphorylated. Phosphorylation on Ser-355 occurs specifically during mitosis,0
4547,P53350,Serine/threonine-protein kinase PLK1,"Catalytic activity is enhanced by phosphorylation of Thr-210. Phosphorylation at Thr-210 is first detected on centrosomes in the G2 phase of the cell cycle, peaks in prometaphase and gradually disappears from centrosomes during anaphase. Dephosphorylation at Thr-210 at centrosomes is probably mediated by protein phosphatase 1C (PP1C), via interaction with PPP1R12A/MYPT1. Autophosphorylation and phosphorylation of Ser-137 may not be significant for the activation of PLK1 during mitosis, but may enhance catalytic activity during recovery after DNA damage checkpoint. Phosphorylated in vitro by STK10",1
4548,P53350,Serine/threonine-protein kinase PLK1,"Ubiquitinated by the anaphase promoting complex/cyclosome (APC/C) in anaphase and following DNA damage, leading to its degradation by the proteasome. Ubiquitination is mediated via its interaction with FZR1/CDH1. Ubiquitination and subsequent degradation prevents entry into mitosis and is essential to maintain an efficient G2 DNA damage checkpoint. Monoubiquitination at Lys-492 by the BCR(KLHL22) ubiquitin ligase complex does not lead to degradation: it promotes PLK1 dissociation from phosphoreceptor proteins and subsequent removal from kinetochores, allowing silencing of the spindle assembly checkpoint (SAC) and chromosome segregation",0
4553,Q8TD16,Protein bicaudal D homolog 2,Phosphorylated by NEK9 in vitro,1
4555,Q8N6T7,NAD-dependent protein deacylase sirtuin-6,"Phosphorylation at Ser-10 by MAPK8/JNK1 in response to oxidative stress stimulates the mono-ADP-ribosyltransferase activity on PARP1, leading to PARP1 recruitment to double-strand breaks (DSBs)",0
4558,P16949,Stathmin,Many different phosphorylated forms are observed depending on specific combinations among the sites which can be phosphorylated. MAPK is responsible for the phosphorylation of stathmin in response to NGF. Phosphorylation at Ser-16 seems to be required for neuron polarization (By similarity). Phosphorylation at Ser-63 reduces tubulin binding 10-fold and suppresses the MT polymerization inhibition activity,1
4566,Q16539,Mitogen-activated protein kinase 14,"Dually phosphorylated on Thr-180 and Tyr-182 by the MAP2Ks MAP2K3/MKK3, MAP2K4/MKK4 and MAP2K6/MKK6 in response to inflammatory citokines, environmental stress or growth factors, which activates the enzyme. Dual phosphorylation can also be mediated by TAB1-mediated autophosphorylation. TCR engagement in T-cells also leads to Tyr-323 phosphorylation by ZAP70. Dephosphorylated and inactivated by DUPS1, DUSP10 and DUSP16. PPM1D also mediates dephosphorylation and inactivation of MAPK14 (PubMed:21283629)",1
4573,O75943,Cell cycle checkpoint protein RAD17,"Phosphorylation on Ser-646 and Ser-656 is cell cycle-regulated, enhanced by genotoxic stress, and required for activation of checkpoint signaling (PubMed:11418864, PubMed:14500819, PubMed:14871926). Phosphorylation is mediated by ATR upon UV or replication arrest, whereas it may be mediated both by ATR and ATM upon ionizing radiation (PubMed:11418864, PubMed:11799063). Phosphorylation on both sites is required for interaction with RAD1 but dispensable for interaction with RFC3 or RFC4 (PubMed:11687627). Phosphorylation at Thr-633 by ATM in response to DNA damage promotes interaction with NBN and recruitment of the MRN complex to DNA damage sites (PubMed:24534091)",1
4574,P30291,Wee1-like protein kinase,"Phosphorylated during M and G1 phases. Also autophosphorylated. Phosphorylation at Ser-642 by BRSK1 and BRSK2 in post-mitotic neurons, leads to down-regulate WEE1 activity in polarized neurons. Phosphorylated at Ser-53 and Ser-123 by PLK1 and CDK1, respectively, generating an signal for degradation that can be recognized by the SCF(BTRC) complex, leading to its ubiquitination and degradation at the onset of G2/M phase",1
4575,P30291,Wee1-like protein kinase,Dephosphorylated at Thr-239 by CTDP1 (PubMed:22692537). Dephosphorylated at Ser-53 and Ser-123 by the serine/threonine-protein phosphatase 2A preventing its ubiquitin-mediated degradation (PubMed:33108758),0
4581,Q9UHP3,Ubiquitin carboxyl-terminal hydrolase 25,Phosphorylation in the C-terminal by SYK regulates USP25 cellular levels,0
4582,Q9ULV8,E3 ubiquitin-protein ligase CBL-C,"Phosphorylated on multiple tyrosine residues by SRC. Isoform 1, but not isoform 2, is phosphorylated on tyrosines by EGFR",1
4583,Q9ULV8,E3 ubiquitin-protein ligase CBL-C,"Autoubiquitinated when phosphorylated at Tyr-341, enhanced by SRC; suggesting proteasomal degradation",0
4585,P62753,Small ribosomal subunit protein eS6,"Ribosomal protein S6 is the major substrate of protein kinases in eukaryote ribosomes. The phosphorylation is stimulated by growth factors, tumor promoting agents, and mitogens. It is dephosphorylated at growth arrest. Phosphorylated at Ser-235 and Ser-236 by RPS6KA1 and RPS6KA3; phosphorylation at these sites facilitates the assembly of the pre-initiation complex",1
4590,Q9BUF5,Tubulin beta-6 chain,"Phosphorylated on Ser-172 by CDK1 during the cell cycle, from metaphase to telophase, but not in interphase. This phosphorylation inhibits tubulin incorporation into microtubules",0
4591,Q9UPT9,Ubiquitin carboxyl-terminal hydrolase 22,"Phosphorylated in G2/M phase, but not in G1 phase by CDK1",1
4593,P51617,Interleukin-1 receptor-associated kinase 1,"Following recruitment on the activated receptor complex, phosphorylated on Thr-209, probably by IRAK4, resulting in a conformational change of the kinase domain, allowing further phosphorylations to take place. Thr-387 phosphorylation in the activation loop is required to achieve full enzymatic activity",1
4595,Q8TB45,DEP domain-containing mTOR-interacting protein,"Phosphorylation weakens interaction with MTOR within mTORC1 and mTORC2 (PubMed:19446321). Phosphorylated at Ser-286, Ser-287 and Ser-291 in response to mitogenic stimulation by MTOR: DEPTOR is either directly phosphorylated by MTOR or indirectly via proteins kinases that are activated by MTOR, such as CK1/CSNK1A1 (PubMed:22017875, PubMed:22017876, PubMed:22017877). Phosphorylation at Ser-286, Ser-287 and Ser-291 promotes ubiquitination by the SCF(BTRC) complex, followed by degradation (PubMed:22017875, PubMed:22017876, PubMed:22017877). Phosphorylation at Ser-235 by MAPK3/ERK1 promotes deubiquitination by USP7, enhancing its stability (PubMed:35216969). Phosphorylation at Tyr-289 by SYK impairs its interaction with MTOR, promoting mTORC1 and mTORC2 signaling (PubMed:34634301)",1
4596,Q8TB45,DEP domain-containing mTOR-interacting protein,"Ubiquitinated; leading to proteasomal degradation (PubMed:22017875, PubMed:22017876, PubMed:22017877, PubMed:30080879, PubMed:33110214). Ubiquitination by the SCF(BTRC) and SCF(FBXW11) complexes following phosphorylation at Ser-286, Ser-287 and Ser-291 by MTOR, leads to its degradation by the proteasome (PubMed:22017875, PubMed:22017876, PubMed:22017877, PubMed:33110214). Deubiquitinated by OTUB1 in response to amino acid via a non-canonical mechanism, leading to DEPTOR stability (PubMed:29382726). Deubiquitinated by USP7 following phosphorylation at Ser-235, promoting its stability (PubMed:35216969)",0
4608,Q00975,Voltage-dependent N-type calcium channel subunit alpha-1B,"Phosphorylated in vitro by CaM-kinase II, PKA, PKC and CGPK",0
4612,P12036,Neurofilament heavy polypeptide,"There are a number of repeats of the tripeptide K-S-P, NFH is phosphorylated on a number of the serines in this motif. It is thought that phosphorylation of NFH results in the formation of interfilament cross bridges that are important in the maintenance of axonal caliber",0
4613,P12036,Neurofilament heavy polypeptide,"Phosphorylation seems to play a major role in the functioning of the larger neurofilament polypeptides (NF-M and NF-H), the levels of phosphorylation being altered developmentally and coincidentally with a change in the neurofilament function",0
4614,P12036,Neurofilament heavy polypeptide,"Phosphorylated in the head and rod regions by the PKC kinase PKN1, leading to the inhibition of polymerization",0
4615,P51817,cAMP-dependent protein kinase catalytic subunit PRKX,Phosphorylated; autophosphorylates in vitro,1
4628,P36873,Serine/threonine-protein phosphatase PP1-gamma catalytic subunit,Phosphorylated by NEK2,1
4629,Q9NQB0,Transcription factor 7-like 2,"In vitro, phosphorylated by TNIK",1
4630,Q9NQB0,Transcription factor 7-like 2,"Phosphorylated at Thr-201 and/or Thr-212 by NLK. Phosphorylation by NLK at these sites inhibits DNA-binding by TCF7L2/TCF4, thereby preventing transcriptional activation of target genes of the canonical Wnt/beta-catenin signaling pathway",0
4633,Q9UQ84,Exonuclease 1,"Phosphorylated upon DNA damage and in response to agents stalling DNA replication, probably by ATM or ATR. Phosphorylation at Ser-454, Thr-621 and Ser-714 is induced upon DNA-damage caused by treatment with hydroxyurea (HU) but not upon IR treatment. The HU-induced EXO1 triple phosphorylation facilitates destabilization/degradation of the protein",1
4634,Q8IUQ4,E3 ubiquitin-protein ligase SIAH1,"Phosphorylated on Ser-19 by ATM and ATR. This phosphorylation disrupts SIAH1 interaction with HIPK2, and subsequent proteasomal degradation of HIPK2",1
4650,P35558,"Phosphoenolpyruvate carboxykinase, cytosolic [GTP]","Acetylated. Lysine acetylation by p300/EP300 is increased on high glucose conditions (PubMed:20167786, PubMed:21726808, PubMed:30193097). Lysine acetylation promotes ubiquitination by UBR5 (PubMed:21726808). Acetylation is enhanced in the presence of BAG6. Deacetylated by SIRT2. Deacetylation of Lys-91 is carried out by SIRT1 and depends on PCK1 phosphorylation levels (PubMed:30193097)",0
4651,P35558,"Phosphoenolpyruvate carboxykinase, cytosolic [GTP]","Phosphorylated in a GSK3B-mediated pathway; phosphorylation affects the efficiency of SIRT1-mediated deacetylation, and regulates PCK1 ubiquitination and degradation (PubMed:30193097). Phosphorylation at Ser-90 by AKT1 reduces the binding affinity to oxaloacetate and promotes the protein kinase activity: phosphorylated PCK1 translocates to the endoplasmic reticulum, where it phosphorylates INSIG1 and INSIG2 (PubMed:32322062)",0
4659,Q14683,Structural maintenance of chromosomes protein 1A,Phosphorylated by ATM upon ionizing radiation in a NBS1-dependent manner. Phosphorylated by ATR upon DNA methylation in a MSH2/MSH6-dependent manner. Phosphorylation of Ser-957 and Ser-966 activates it and is required for S-phase checkpoint activation,0
4662,Q99523,Sortilin,Phosphorylation at Ser-825 facilitates the interaction with GGA1,0
4673,Q8NCW5,NAD(P)H-hydrate epimerase,"Undergoes physiological phosphorylation during sperm capacitation, downstream to PKA activation",0
4677,Q96JH7,Deubiquitinating protein VCPIP1,Phosphorylated at Ser-1207 by ATM or ATR following induction of covalent DNA-protein cross-links (DPCs),0
4687,P62979,Ubiquitin-ribosomal protein eS31 fusion protein,"Phosphorylated at Ser-65 by PINK1 during mitophagy (PubMed:24660806, PubMed:24751536, PubMed:24784582, PubMed:25527291). Phosphorylated ubiquitin specifically binds and activates parkin (PRKN), triggering mitophagy (PubMed:24660806, PubMed:24751536, PubMed:24784582, PubMed:25527291). Phosphorylation does not affect E1-mediated E2 charging of ubiquitin but affects discharging of E2 enzymes to form polyubiquitin chains. It also affects deubiquitination by deubiquitinase enzymes such as USP30 (PubMed:25527291)",0
4698,P06213,Insulin receptor,"Autophosphorylated on tyrosine residues in response to insulin (PubMed:14690593, PubMed:16246733, PubMed:16271887, PubMed:18278056, PubMed:18767165, PubMed:3166375, PubMed:9312016). Phosphorylation of Tyr-999 is required for binding to IRS1, SHC1 and STAT5B (PubMed:14690593, PubMed:16246733, PubMed:16271887, PubMed:18278056, PubMed:18767165, PubMed:3166375, PubMed:9312016). Dephosphorylated by PTPRE at Tyr-999, Tyr-1185, Tyr-1189 and Tyr-1190 (PubMed:14690593, PubMed:16246733, PubMed:16271887, PubMed:18278056, PubMed:18767165, PubMed:3166375, PubMed:9312016). May also be phosphorylated at Tyr-1185 and Tyr-1190 by mTORC2 (PubMed:26584640). Dephosphorylated by PTPRF and PTPN1 (PubMed:8995282). Dephosphorylated by PTPN2; down-regulates insulin-induced signaling (PubMed:10734133, PubMed:12612081). Dephosphorylation at Tyr-1189 and Tyr-1190 requires the SH2/SH3 adapter protein NCK1, probably to recruit its interaction partner PTPN1 (PubMed:21707536)",0
4700,A0MZ66,Shootin-1,"Phosphorylated on Ser-101 and Ser-249 by PAK1 through a CDC42- and RAC1-dependent signaling pathway, which enhances its association with F-actin retrograde flow in filopodia and lamellipodia of axonal growth cones. Phosphorylation on Ser-101 and Ser-249 is increased by netrin-1",1
4721,P05106,Integrin beta-3,Phosphorylated on tyrosine residues in response to thrombin-induced platelet aggregation. Probably involved in outside-in signaling. A peptide (AA 740-762) is capable of binding GRB2 only when both Tyr-773 and Tyr-785 are phosphorylated. Phosphorylation of Thr-779 inhibits SHC binding,0
4723,Q13586,Stromal interaction molecule 1,Phosphorylated predominantly on Ser residues,0
4727,Q9UBE8,Serine/threonine-protein kinase NLK,Phosphorylated on Thr-298. Intermolecular autophosphorylation on Thr-298 activates the enzyme,0
4731,Q14643,"Inositol 1,4,5-trisphosphate-gated calcium channel ITPR1","Phosphorylated by cAMP kinase (PKA) enhances calcium release (By similarity). Phosphorylation by PKA increases the interaction with inositol 1,4,5-trisphosphate and decreases the interaction with AHCYL1 (By similarity)",0
4732,Q14643,"Inositol 1,4,5-trisphosphate-gated calcium channel ITPR1",Phosphorylated on tyrosine residues,0
4745,P06493,Cyclin-dependent kinase 1,"Phosphorylation at Thr-161 by CAK/CDK7 activates kinase activity (PubMed:20360007). Phosphorylation at Thr-14 and Tyr-15 by PKMYT1 prevents nuclear translocation (PubMed:7569953). Phosphorylation at Tyr-15 by WEE1 and WEE2 inhibits the protein kinase activity and acts as a negative regulator of entry into mitosis (G2 to M transition) (PubMed:20360007). Phosphorylation by PKMYT1 and WEE1 takes place during mitosis to keep CDK1-cyclin-B complexes inactive until the end of G2 (PubMed:20360007, PubMed:7569953). By the end of G2, PKMYT1 and WEE1 are inactivated, but CDC25A and CDC25B are activated (PubMed:20360007). Dephosphorylation by active CDC25A and CDC25B at Thr-14 and Tyr-15, leads to CDK1 activation at the G2-M transition (PubMed:20360007). Phosphorylation at Tyr-15 by WEE2 during oogenesis is required to maintain meiotic arrest in oocytes during the germinal vesicle (GV) stage, a long period of quiescence at dictyate prophase I, leading to prevent meiotic reentry (PubMed:29606300). Phosphorylation by WEE2 is also required for metaphase II exit during egg activation to ensure exit from meiosis in oocytes and promote pronuclear formation (PubMed:29606300). Phosphorylated at Tyr-4 by PKR/EIF2AK2 upon genotoxic stress (PubMed:20395957). This phosphorylation triggers CDK1 polyubiquitination and subsequent proteolysis, thus leading to G2 arrest (PubMed:20395957). In response to UV irradiation, phosphorylation at Tyr-15 by PRKCD activates the G2/M DNA damage checkpoint (PubMed:19917613)",1
4747,P28482,Mitogen-activated protein kinase 1,"Phosphorylated upon KIT and FLT3 signaling (By similarity). Dually phosphorylated on Thr-185 and Tyr-187, which activates the enzyme. Undergoes regulatory phosphorylation on additional residues such as Ser-246 and Ser-248 in the kinase insert domain (KID) These phosphorylations, which are probably mediated by more than one kinase, are important for binding of MAPK1/ERK2 to importin-7 (IPO7) and its nuclear translocation. In addition, autophosphorylation of Thr-190 was shown to affect the subcellular localization of MAPK1/ERK2 as well. Ligand-activated ALK induces tyrosine phosphorylation. Dephosphorylated by PTPRJ at Tyr-187. Phosphorylation on Ser-29 by SGK1 results in its activation by enhancing its interaction with MAP2K1/MEK1 and MAP2K2/MEK2. DUSP3 and DUSP6 dephosphorylate specifically MAPK1/ERK2 and MAPK3/ERK1 whereas DUSP9 dephosphorylates a broader range of MAPKs. Dephosphorylated by DUSP1 and DUSP2 at Thr-185 and Tyr-187 (By similarity) (PubMed:16288922)",1
4752,Q53EL6,Programmed cell death protein 4,"Polyubiquitinated, leading to its proteasomal degradation. Rapidly degraded in response to mitogens. Phosphorylation of the phosphodegron promotes interaction with BTRC and proteasomal degradation",0
4753,Q53EL6,Programmed cell death protein 4,Phosphorylated at Ser-67 by RPS6KB1 in response to mitogens; phosphorylation promotes proteasomal degradation of PDCD4,0
4755,Q9UPT6,C-Jun-amino-terminal kinase-interacting protein 3,Phosphorylation by ROCK1 is crucial for the recruitment of JNK,1
4757,O60716,Catenin delta-1,Phosphorylated by FER and other protein-tyrosine kinases. Phosphorylated at Ser-288 by PAK5. Dephosphorylated by PTPRJ,1
4760,Q96D96,Voltage-gated hydrogen channel 1,Phosphorylated in vitro by PRKCD. Phosphorylation may enhance channel gating,0
4761,Q9Y4J8,Dystrobrevin alpha,Phosphorylation of DTN-1 on tyrosine kinase substrate domain present in the C-terminus,0
4762,Q6Q788,Apolipoprotein A-V,Phosphorylated by FAM20C in the extracellular medium,1
4763,Q06787,Fragile X messenger ribonucleoprotein 1,"Phosphorylated on several serine residues (PubMed:14532325). Phosphorylation by casein kinase II (CK2) promotes interaction with CAPRIN1 and liquid-liquid phase separation (LLPS) for the formation of a membraneless compartment that concentrates mRNAs with associated regulatory factors (PubMed:30765518, PubMed:31439799). Phosphorylation at Ser-500 by CK2 promotes secondary phosphorylation of other nearby serine residues (By similarity). Phosphorylation has no effect on the binding of individual mRNA species (By similarity). Unphosphorylated FMR1 is associated with actively translating polyribosome, whereas a fraction of phosphorylated FMR1 is associated with apparently stalled polyribosome (By similarity). Dephosphorylation by an activated phosphatase may release the FMR1-mediated translational repression and allow synthesis of a locally required protein at synapses (By similarity)",1
4767,Q13976,cGMP-dependent protein kinase 1,Autophosphorylation increases kinase activity,1
4769,Q96PU5,E3 ubiquitin-protein ligase NEDD4-like,Phosphorylated by SGK1 or PKA; which impairs interaction with SCNN. Interaction with YWHAH inhibits dephosphorylation,1
4775,Q13813,"Spectrin alpha chain, non-erythrocytic 1",Phosphorylation of Tyr-1176 decreases sensitivity to cleavage by calpain in vitro,0
4790,Q9UNA1,Rho GTPase-activating protein 26,Phosphorylated in a PINK1-dependent fashion promoting retrograde mitochondrial trafficking and clustering,0
4793,Q7Z434,Mitochondrial antiviral-signaling protein,"Following activation, phosphorylated by TBK1 at Ser-442 in the pLxIS motif (PubMed:25636800, PubMed:27302953). The phosphorylated pLxIS motif constitutes an IRF3-binding motif, leading to recruitment of the transcription factor IRF3 to induce type-I interferons and other cytokines (PubMed:25636800)",1
4805,Q6UWZ7,BRCA1-A complex subunit Abraxas 1,"Phosphorylation of Ser-406 of the pSXXF motif by ATM or ATR constitutes a specific recognition motif for the BRCT domain of BRCA1 (PubMed:17525340, PubMed:17643121, PubMed:17643122). Ionizing radiation promotes rapid phosphorylation at Ser-404 and Ser-406 by ATM; this promotes recruitment of BRCA1 to sites of DNA damage (PubMed:26778126)",1
4807,Q9P278,Folliculin-interacting protein 2,Phosphorylated by AMPK,1
4808,Q9UKV3,Apoptotic chromatin condensation inducer in the nucleus,Phosphorylation on Ser-1180 by SRPK2 up-regulates its stimulatory effect on cyclin A1,1
4813,Q96TA1,Protein Niban 2,"Phosphorylated at Ser-641, Ser-646, Ser-692 and Ser-696 by the BRAF/MKK/ERK signaling cascade. In melanoma cells, the C-terminal phosphorylation may prevent targeting to the plasma membrane",0
4815,Q92830,Histone acetyltransferase KAT2A,"Acetylated at Lys-549, inhibiting the protein acetyltransferase activity (PubMed:23142079). Deacetylation at Lys-549 by SIRT6 promotes phosphorylation at Ser-307 and Thr-735 and subsequent activation of the protein acetyltransferase activity, leading to acetylation and inactivation of PPARGC1A (PubMed:23142079)",0
4817,Q06609,DNA repair protein RAD51 homolog 1,"Phosphorylation of Thr-309 by CHEK1 may enhance association with chromatin at sites of DNA damage and promote DNA repair by homologous recombination (PubMed:15665856). Phosphorylated at Ser-14 by PLK1, triggering phosphorylation at Thr-13 by CK2, thereby promoting interaction with TOPBP1 and recruitment to DNA damage sites during S-phase (PubMed:22325354, PubMed:26811421). Phosphorylation by ABL1 inhibits function (PubMed:9461559)",0
4820,Q96JM3,Chromosome alignment-maintaining phosphoprotein 1,Phosphorylated by CDK1. Mitotic phosphorylation is required for the attachment of spindle microtubules to the kinetochore,1
4822,P23469,Receptor-type tyrosine-protein phosphatase epsilon,Isoform 1 and isoform 2 are phosphorylated on tyrosine residues by tyrosine kinase Neu,0
4825,Q8IWB6,Inactive serine/threonine-protein kinase TEX14,"Phosphorylated on Thr residues by CDK1 during early phases of mitosis, promoting the interaction with PLK1 and recruitment to kinetochores. Phosphorylated on Ser-437 by PLK1 during late prometaphase promotes the rapid depletion from kinetochores and its subsequent degradation by the APC/C complex",1
4833,P51582,P2Y purinoceptor 4,"Phosphorylation of Ser-333 and Ser-334 is a key step in agonist-dependent desensitization and loss of surface P2RY4. This phosphorylation does not involve PKC, nor other calcium activated kinases",0
4843,O15357,"Phosphatidylinositol 3,4,5-trisphosphate 5-phosphatase 2","Tyrosine phosphorylated by the members of the SRC family after exposure to a diverse array of extracellular stimuli such as insulin, growth factors such as EGF or PDGF, chemokines, integrin ligands and hypertonic and oxidative stress. May be phosphorylated upon IgG receptor FCGR2B-binding. Phosphorylated at Tyr-986 following cell attachment and spreading. Phosphorylated at Tyr-1162 following EGF signaling pathway stimulation. Phosphorylated at Thr-958 in response to PDGF",0
4848,P24385,G1/S-specific cyclin-D1,"Phosphorylation at Thr-286 by MAP kinases is required for ubiquitination and degradation by the DCX(AMBRA1) complex (PubMed:10766840, PubMed:33854232, PubMed:33854235, PubMed:33854239). It also plays an essential role for recognition by the FBXO31 component of SCF (SKP1-cullin-F-box) protein ligase complex following DNA damage (PubMed:19412162)",1
4849,P24385,G1/S-specific cyclin-D1,"Ubiquitinated at Lys-269 by the DCX(AMBRA1) complex during the transition from G1 to S cell phase, leading to its degradation: ubiquitination is dependent on Thr-286 phosphorylation (PubMed:33854232, PubMed:33854235, PubMed:33854239). The DCX(AMBRA1) complex represents the major regulator of CCND1 stability during the G1/S transition (PubMed:33854232, PubMed:33854235, PubMed:33854239). Also ubiquitinated by a SCF (SKP1-CUL1-F-box protein) ubiquitin-protein ligase complex containing FBXO4 and CRYAB (By similarity). Following DNA damage it is ubiquitinated by some SCF (SKP1-cullin-F-box) protein ligase complex containing FBXO31 (PubMed:19412162). SCF-type ubiquitination is dependent on Thr-286 phosphorylation (PubMed:10766840, PubMed:19412162). Ubiquitinated also by UHRF2 apparently in a phosphorylation-independent manner (PubMed:21952639). Ubiquitination leads to its degradation and G1 arrest. Deubiquitinated by USP2; leading to its stabilization (PubMed:19917254)",0
4866,O75022,Leukocyte immunoglobulin-like receptor subfamily B member 3,Phosphorylated on tyrosine residues by LYN. Phosphorylation at Tyr-595 and Tyr-625 is important for interaction with PTPN6/SHP-1 and PTPN11/SHP-2,1
4867,O95361,Tripartite motif-containing protein 16,Phosphorylated by ULK1,1
4873,Q8IVP5,FUN14 domain-containing protein 1,"Phosphorylation at Ser-13 by CK2 and at Tyr-18 by SRC inhibits activation of mitophagy. Following hypoxia, dephosphorylated at Tyr-18, leading to interaction with MAP1 LC3 family proteins and triggering mitophagy. Dephosphorylation is mediated by PGAM5 (PubMed:24746696). Phosphorylated by ULK1 at Ser-17 which enhances FUNDC1 binding to LC3 (PubMed:24671035)",1
4876,Q8TC44,POC1 centriolar protein homolog B,Phosphorylated in mitotic cells that may be mediated by CDK1,0
4879,Q9H0E7,Ubiquitin carboxyl-terminal hydrolase 44,Dephosphorylated by CTDP1,0
4885,Q96EV8,Dysbindin,Isoforms 1 and 2 highly phosphorylated by PRKDC in vitro. Isoform 3 only weakly phosphorylated by PRKDC in vitro,0
4891,Q00839,Heterogeneous nuclear ribonucleoprotein U,Extensively phosphorylated (PubMed:7993898). Phosphorylated on Ser-59 by PLK1 and dephosphorylated by protein phosphatase 2A (PP2A) in mitosis (PubMed:25986610),0
4897,O76074,"cGMP-specific 3',5'-cyclic phosphodiesterase",Phosphorylation is regulated by binding of cGMP to the two allosteric sites (By similarity). Phosphorylation by PRKG1 leads to its activation,1
4900,P07949,Proto-oncogene tyrosine-protein kinase receptor Ret,Autophosphorylated on C-terminal tyrosine residues upon ligand stimulation,1
4904,P10071,Transcriptional activator GLI3,Phosphorylated on multiple sites by protein kinase A (PKA) and phosphorylation by PKA primes further phosphorylation by CK1 and GSK3. Phosphorylated by DYRK2 (in vitro). Phosphorylation is essential for its proteolytic processing,1
4905,P10071,Transcriptional activator GLI3,"Transcriptional repressor GLI3R, a C-terminally truncated form, is generated from the full-length GLI3 protein (GLI3FL/GLI3-190) through proteolytic processing. This process requires PKA-primed phosphorylation of GLI3, ubiquitination of GLI3 and the presence of BTRC. GLI3FL is complexed with SUFU in the cytoplasm and is maintained in a neutral state. Without the Hh signal, the SUFU-GLI3 complex is recruited to cilia, leading to the efficient processing of GLI3FL into GLI3R. GLI3R formation leads to its dissociation from SUFU, allowing it to translocate into the nucleus, and repress Hh target genes. When Hh signaling is initiated, SUFU dissociates from GLI3FL and this has two consequences. First, GLI3R production is halted. Second, free GLI3FL translocates to the nucleus, where it is phosphorylated, destabilized, and converted to a transcriptional activator (GLI3A). Phosphorylated in vitro by ULK3",0
4906,P63167,"Dynein light chain 1, cytoplasmic","Phosphorylation at Ser-88 promotes recruitment to DNA double-strand breaks (DSBs) by TP53BP1 and ability to inhibit MRE11 (PubMed:37696958). Phosphorylation at Ser-88 appears to control the dimer-monomer transition (PubMed:15193260, PubMed:18650427). According to PubMed:15193260, it is phosphorylated at Ser-88 by PAK1, however, according to PubMed:18650427, the DYNLL1 dimer is not accessible for PAK1 and the phosphorylation could not be demonstrated in vitro (PubMed:15193260, PubMed:18650427)",1
4907,Q92570,Nuclear receptor subfamily 4 group A member 3,Phosphorylated by PRKDC,1
4912,P49798,Regulator of G-protein signaling 4,Phosphorylated by cyclic GMP-dependent protein kinase,1
4922,Q14203,Dynactin subunit 1,"Phosphorylation by SLK at Thr-145, Thr-146 and Thr-147 targets DCTN1 to the centrosome. It is uncertain if SLK phosphorylates all three threonines or one or two of them. PLK1-mediated phosphorylation at Ser-179 is essential for its localization in the nuclear envelope, promotes its dissociation from microtubules during early mitosis and positively regulates nuclear envelope breakdown during prophase",0
4923,O43521,Bcl-2-like protein 11,"Phosphorylation at Ser-69 by MAPK1/MAPK3 leads to interaction with TRIM2 and polyubiquitination, followed by proteasomal degradation (PubMed:15486195, PubMed:21478148). Deubiquitination catalyzed by USP27X stabilizes the protein (By similarity)",1
4924,O43521,Bcl-2-like protein 11,"Ubiquitination by TRIM2 following phosphorylation by MAPK1/MAPK3 leads to proteasomal degradation. Conversely, deubiquitination catalyzed by USP27X stabilizes the protein",0
4925,P49815,Tuberin,"Phosphorylation at Ser-939 and Thr-1462 by PKB/AKT1 in response to insulin signaling and growth factor stimulation inhibits the ability of the TSC-TBC complex to suppress mTORC1 signaling: phosphorylation promotes dissociation of the TSC-TBC complex from lysosomal membranes, leading to activation of mTORC1 by RHEB (PubMed:12150915, PubMed:12172553, PubMed:24529379). Phosphorylation at Ser-1387, Ser-1418 or Ser-1420 does not affect interaction with TSC1 (PubMed:15963462). Phosphorylation by AMPK activates it and leads to negative regulation of the mTORC1 complex (PubMed:14651849). Phosphorylated at Ser-1798 by RPS6KA1; phosphorylation inhibits TSC2 ability to suppress mTORC1 signaling (PubMed:15342917). Phosphorylated by DAPK1 (PubMed:18974095)",1
4926,P49815,Tuberin,"Ubiquitinated by the DCX(FBXW5) E3 ubiquitin-protein ligase complex, leading to its subsequent degradation (PubMed:18381890, PubMed:27278822). Ubiquitinated by MYCBP2 independently of its phosphorylation status leading to subsequent degradation; association with TSC1 protects from ubiquitination (PubMed:18308511)",0
4927,O75061,Auxilin,Phosphorylation at Ser-570 modulates its ability to bind CLTC and therefore the synaptic vesicle endocytosis (SVE),0
4930,P39748,Flap endonuclease 1,Phosphorylation upon DNA damage induces relocalization to the nuclear plasma. Phosphorylation at Ser-187 by CDK2 occurs during late S-phase and results in dissociation from PCNA,0
4931,P39748,Flap endonuclease 1,Methylation at Arg-192 by PRMT5 impedes Ser-187 phosphorylation and increases interaction with PCNA,0
4935,Q6P6C2,RNA demethylase ALKBH5,"Phosphorylated at Ser-87 and Ser-325 in response to reactive oxygen species (ROS), promoting sumoylation and inactivation",0
4937,Q6P6C2,RNA demethylase ALKBH5,"Sumoylated at Lys-86 and Lys-321 by PIAS4 following phosphorylation at Ser-87 and Ser-325 in response to reactive oxygen species (ROS), inhibiting the RNA demethylase activity (PubMed:34048572, PubMed:37257451). Desumoylated by SENP1; relieving RNA demethylase inhibition, leading to N(6)-methyladenosine-containing mRNAs demethylation (PubMed:34048572, PubMed:37257451)",0
4939,O14519,Cyclin-dependent kinase 2-associated protein 1,Phosphorylated in vitro by IKBKE at Ser-46,1
4950,Q9UBF6,RING-box protein 2,Phosphorylation at Thr-10 by CK2 promotes its degradation by the proteasome,1
4953,Q8WWU5,T-complex protein 11 homolog,"Constitutively phosphorylated on serine, threonine and tyrosine residues within the head and tail regions of noncapacitated spermatozoa. Phosphorylation on tyrosine residues increases upon sperm capacitation within the acrosomal region in a protein kinase A (PKA)-dependent signaling pathway",0
4957,P11387,DNA topoisomerase 1,Phosphorylation at Ser-506 by CK2 increases binding to supercoiled DNA and sensitivity to camptothecin,0
4960,P51788,Chloride channel protein 2,Phosphorylated. Activated by dephosphorylation,0
4963,Q13546,Receptor-interacting serine/threonine-protein kinase 1,"RIPK1 and RIPK3 undergo reciprocal auto- and trans-phosphorylation (PubMed:18408713, PubMed:19524513, PubMed:31827280). Phosphorylation of Ser-161 by RIPK3 is necessary for the formation of the necroptosis-inducing complex (PubMed:18408713). Phosphorylation at Ser-25 represses its kinase activity and consequently prevents TNF-mediated RIPK1-dependent cell death (PubMed:30988283). Phosphorylated at Ser-320 by MAP3K7 which requires prior ubiquitination with 'Lys-63'-linked chains by BIRC2/c-IAP1 and BIRC3/c-IAP2 (By similarity). This phosphorylation positively regulates RIPK1 interaction with RIPK3 to promote necroptosis but negatively regulates RIPK1 kinase activity and its interaction with FADD to mediate apoptosis (By similarity)",0
4965,Q13546,Receptor-interacting serine/threonine-protein kinase 1,"Ubiquitinated with 'Lys-11'-, 'Lys-48'-, 'Lys-63'- and linear-linked type ubiquitin (PubMed:15258597, PubMed:16603398, PubMed:17703191, PubMed:18450452, PubMed:21455173, PubMed:21931591, PubMed:29883609, Ref.35). Polyubiquitination with 'Lys-63'-linked chains by TRAF2 induces association with the IKK complex (PubMed:15258597). Deubiquitination of 'Lys-63'-linked chains and polyubiquitination with 'Lys-48'-linked chains by TNFAIP3 leads to RIPK1 proteasomal degradation and consequently down-regulates TNF-alpha-induced NF-kappa-B signaling (PubMed:15258597). 'Lys-48'-linked polyubiquitination by RFFL or RNF34 also promotes proteasomal degradation and negatively regulates TNF-alpha-induced NF-kappa-B signaling (PubMed:18450452, Ref.35). Linear polyubiquitinated; the head-to-tail linear polyubiquitination ('Met-1'-linked) is mediated by the LUBAC complex and decreases protein kinase activity (PubMed:21455173). Deubiquitination of linear polyubiquitin by CYLD promotes the kinase activity (By similarity). Polyubiquitinated with 'Lys-48' and 'Lys-63'-linked chains by BIRC2/c-IAP1 and BIRC3/c-IAP2, leading to activation of NF-kappa-B (PubMed:21931591). Ubiquitinated with 'Lys-63'-linked chains by PELI1 (PubMed:29883609). Ubiquitination at Lys-377 with 'Lys-63'-linked chains by BIRC2/c-IAP1 and BIRC3/c-IAP2 is essential for its phosphorylation at Ser-320 mediated by MAP3K7 (By similarity). This ubiquitination is required for NF-kB activation, suppresses RIPK1 kinase activity and plays a critical role in preventing cell death during embryonic development (By similarity)",0
4972,O14746,Telomerase reverse transcriptase,Phosphorylation at Tyr-707 under oxidative stress leads to translocation of TERT to the cytoplasm and reduces its antiapoptotic activity. Dephosphorylated by SHP2/PTPN11 leading to nuclear retention. Phosphorylation at Ser-227 by the AKT pathway promotes nuclear location. Phosphorylation at the G2/M phase at Ser-457 by DYRK2 promotes ubiquitination by the EDVP complex and degradation,1
4973,O14746,Telomerase reverse transcriptase,"Ubiquitinated by the EDVP complex, a E3 ligase complex following phosphorylation at Ser-457 by DYRK2. Ubiquitinated leads to proteasomal degradation",0
4979,Q8NHW3,Transcription factor MafA,Phosphorylated at tyrosines,0
4984,Q04724,Transducin-like enhancer protein 1,"Phosphorylated, probably by CDK1. The degree of phosphorylation varies throughout the cell cycle, and is highest at the G2/M transition. Becomes hyperphosphorylated in response to cell differentiation and interaction with HES1 or RUNX1",1
4986,Q2NKX8,DNA excision repair protein ERCC-6-like,Phosphorylation by PLK1 prevents the association with chromosome arms and restricts its localization to the kinetochore-centromere region,1
4988,Q15149,Plectin,Phosphorylated by CDK1; regulates dissociation from intermediate filaments during mitosis,1
4989,P41279,Mitogen-activated protein kinase kinase kinase 8,"Autophosphorylated (PubMed:1833717, PubMed:8226782). Isoform 1 undergoes phosphorylation mainly on Ser residues, and isoform 2 on both Ser and Thr residues (PubMed:8226782). Phosphorylated on Thr-290; the phosphorylation is necessary but not sufficient for full kinase activity in vitro and for the dissociation of isoform 1 from NFKB1, leading to its degradation (PubMed:15466476, PubMed:15699325). Phosphorylated on Ser-400 by IKBKB; the phosphorylation is required for LPS-stimulated activation of the MAPK/ERK pathway in macrophages (PubMed:17472361, PubMed:22988300)",1
4990,P57078,Receptor-interacting serine/threonine-protein kinase 4,May be phosphorylated by MAP3K2 and MAP3K3,0
4993,Q8WYL5,Protein phosphatase Slingshot homolog 1,Phosphorylated. Inhibitory phosphorylation by PAK4 promotes binding to YWHAZ. Phosphorylation at Ser-978 is decreased by stimuli which promote actin reorganization and lamellipodia formation. Can be dephosphorylated and activated by PPP3CA/calcineurin A. Phosphorylation decreases immediately prior to telophase,1
4998,Q92673,Sortilin-related receptor,Phosphorylation at Ser-2206 facilitates the interaction with GGA1,0
5001,P06733,Alpha-enolase,Lysine 2-hydroxyisobutyrylation (Khib) by p300/EP300 activates the phosphopyruvate hydratase activity,0
5003,Q13432,Protein unc-119 homolog A,Phosphorylation suppresses its interaction with KLHL18 and down-regulates its KLHL18-mediated degradation (PubMed:31696965). Phosphorylated more under light conditions than dark conditions (PubMed:31696965). Dephosphorylated by calcineurin (PubMed:31696965),1
5004,Q99623,Prohibitin-2,Phosphorylated. Tyrosine phosphorylation is indirectly stimulated by IGFBP6,0
5006,Q9Y5U4,Insulin-induced gene 2 protein,"Phosphorylation at Ser-151 by PCK1 reduces binding to oxysterol, disrupting the interaction between INSIG2 and SCAP, thereby promoting nuclear translocation of SREBP proteins (SREBF1/SREBP1 or SREBF2/SREBP2) and subsequent transcription of downstream lipogenesis-related genes",1
5012,Q8WXC3,Pyrin domain-containing protein 1,Phosphorylated,0
5025,Q96B36,Proline-rich AKT1 substrate 1,"Phosphorylated by AKT1; phosphorylation takes place in response to insulin treatment and promotes AKT1S1 interaction with 14-3-3 proteins, leading to relieve its inhibitor activity (PubMed:12524439, PubMed:17386266). Phosphorylated by MTOR following mTORC1 activation, inhibiting AKT1S1 inhibitor activity: phosphorylation by MTOR probably serves as a feedback loop that relieves inhibition from AKT1S1 in response to mTORC1 inactivation (PubMed:17517883). Phosphorylation at Thr-246 by DYRK3 relieves inhibitory function on mTORC1 (PubMed:23415227)",1
5027,Q01094,Transcription factor E2F1,"Phosphorylated by CDK2 and cyclin A-CDK2 in the S-phase (PubMed:12717439, PubMed:7838523). Phosphorylation at Ser-364 by CHEK2 stabilizes E2F1 upon DNA damage and regulates its effect on transcription and apoptosis (PubMed:12717439). Phosphorylation at Ser-403 by GSK3B promotes interaction with USP11, leading to its deubiquitination and stabilization (PubMed:28992046)",1
5028,Q01094,Transcription factor E2F1,"Ubiquitinated via 'Lys-63'-linked ubiquitin, leading to its degradation (PubMed:28992046). Deubiquitinated by USP11 following phosphorylation by GSK3B, promoting its stability (PubMed:28992046)",0
5037,Q9Y4L5,E3 ubiquitin-protein ligase RNF115,"Phosphorylated by AKT1, allowing association with the 14-3-3 chaperones that facilitates associating with TLRs",1
5041,P32455,Guanylate-binding protein 1,"Phosphorylated at Ser-156 by PIM1 in absence of infection, inhibits GBP1: phosphorylation promotes interaction with 14-3-3 protein sigma (SFN), leading to GBP1 retention in the cytosol (PubMed:37797010). Dephosphorylated in response to infection, liberating GBP1 (PubMed:37797010)",0
5043,P35398,Nuclear receptor ROR-alpha,Phosphorylation by conventional PKCs in neurons inhibits transcriptional activity. Phosphorylated on Thr-183 by MAPK1/ERK1 in vitro,1
5050,Q16612,Neuronal regeneration-related protein,Phosphorylated on Ser-59. Phosphorylation decreases stability and activity,0
5052,P56537,Eukaryotic translation initiation factor 6,Phosphorylation at Ser-174 and Ser-175 by CSNK1D/CK1 promotes nuclear export,1
5061,O75787,Renin receptor,Phosphorylated,0
5067,Q76M96,Coiled-coil domain-containing protein 80,Phosphorylated,0
5074,P31483,Cytotoxic granule associated RNA binding protein TIA1,Phosphorylated by FASTK; phosphorylation occurs after FAS ligation in FAS-mediated apoptosis and before DNA fragmentation,1
5075,Q13555,Calcium/calmodulin-dependent protein kinase type II subunit gamma,Autophosphorylation of Thr-287 following activation by Ca(2+)/calmodulin. Phosphorylation of Thr-287 locks the kinase into an activated state,1
5093,Q9P2W1,Homologous-pairing protein 2 homolog,"PTM: Phosphorylated by PKA, PKC and MAPK",1
5096,Q9Y2K9,Syntaxin-binding protein 5-like,"Phosphorylated, leading to STXBP5L increased turnover and subsequent de-repression of insulin secretion (By similarity). Phosphorylated on serine residues in response to glucose or phorbol esters (By similarity)",0
5098,Q86WV6,Stimulator of interferon genes protein,"Phosphorylation by TBK1 leads to activation and production of IFN-beta (PubMed:18818105, PubMed:19433799, PubMed:25636800, PubMed:27302953, PubMed:30842653, PubMed:30842659). Following cyclic nucleotide (c-di-GMP or cGAMP)-binding, activation and translocation from the endoplasmic reticulum, STING1 is phosphorylated by TBK1 at Ser-366 in the pLxIS motif (PubMed:25636800, PubMed:32690950). The phosphorylated pLxIS motif constitutes an IRF3-binding motif, leading to recruitment of the transcription factor IRF3 to induce type-I interferons and other cytokines (PubMed:25636800). The phosphorylated pLxIS motif facilitates SENP2 recruitment during late phase of viral infection (By similarity). Phosphorylated on tyrosine residues upon MHC-II aggregation (By similarity). Dephosphorylation by PPP6C leads to inactivation and decreased production of IFN-beta (PubMed:32753499). Phosphorylation at Ser-358 is also required to activate IRF3 (PubMed:25636800). Phosphorylation at Ser-355 by MAP3K7/TAK1 facilitates its interaction with STEEP1, promoting STING1 translocation to COPII vesicles (PubMed:37832545)",1
5108,Q92777,Synapsin-2,Phosphorylation at Ser-10 dissociates synapsins from synaptic vesicles. Phosphorylation at Ser-425 by MAPK1/ERK2 and/or MAPK3/ERK1 may play a role in noradrenaline secretion by sympathetic neurons (By similarity),1
5109,Q93100,Phosphorylase b kinase regulatory subunit beta,Ser-701 is probably phosphorylated by PKA,1
5113,Q99550,M-phase phosphoprotein 9,"TTBK2-mediated phosphorylation at Ser-781 and Ser-788, promotes its ubiquitination at Lys-784 leading to proteasomal degradation, loss of MPHOSPH9 facilitates the removal of the CP110-CEP97 complex from the mother centrioles, promoting the initiation of ciliogenesis (PubMed:30375385). Phosphorylated in M (mitotic) phase (PubMed:8885239)",1
5119,Q9UH65,Switch-associated protein 70,Tyrosine-phosphorylated,0
5121,Q15796,Mothers against decapentaplegic homolog 2,"Phosphorylated on one or several of Thr-220, Ser-245, Ser-250, and Ser-255. In response to TGF-beta, phosphorylated on Ser-465/467 by TGF-beta and activin type 1 receptor kinases. TGF-beta-induced Ser-465/467 phosphorylation declines progressively in a KMT5A-dependent manner. Able to interact with SMURF2 when phosphorylated on Ser-465/467, recruiting other proteins, such as SNON, for degradation. In response to decorin, the naturally occurring inhibitor of TGF-beta signaling, phosphorylated on Ser-240 by CaMK2. Phosphorylated by MAPK3 upon EGF stimulation; which increases transcriptional activity and stability, and is blocked by calmodulin. Phosphorylated by PDPK1",0
5125,P04406,Glyceraldehyde-3-phosphate dehydrogenase,"S-nitrosylation of Cys-152 leads to interaction with SIAH1, followed by translocation to the nucleus (By similarity). S-nitrosylation of Cys-247 is induced by interferon-gamma and LDL(ox) implicating the iNOS-S100A8/9 transnitrosylase complex and seems to prevent interaction with phosphorylated RPL13A and to interfere with GAIT complex activity (PubMed:22771119, PubMed:25417112)",0
5133,P18846,Cyclic AMP-dependent transcription factor ATF-1,Phosphorylated at Ser-198 by HIPK2 in response to genotoxic stress. This phosphorylation promotes transcription repression of FTH1 and other antioxidant detoxification genes. The CDK3-mediated phosphorylation at Ser-63 promotes its transactivation and transcriptional activities. Phosphorylated at Ser-63 by RPS6KA4 and RPS6KA5 in response to mitogenic or stress stimuli,0
5135,Q9UQB3,Catenin delta-2,Phosphorylated by CDK5 (By similarity). Phosphorylated by GSK3B (PubMed:19706605),0
5137,P13611,Versican core protein,Phosphorylated by FAM20C in the extracellular medium,1
5152,O95297,Myelin protein zero-like protein 1,Phosphorylated on tyrosine residues upon stimulation with pervanadate and concanavalin-A (ConA). Phosphorylation at Tyr-241 and Tyr-263 is required for interaction with PTPN11/SHP-2. Dephosphorylated by PTPN11/SHP-2 (in vitro),0
5158,Q8N1W1,Rho guanine nucleotide exchange factor 28,Phosphorylated on tyrosine upon stimulation of cells by laminin,0
5159,Q8TEH3,DENN domain-containing protein 1A,"Phosphorylated on serine and/or threonine in an Akt-dependent manner. Phosphorylation probably regulates the guanine nucleotide exchange factor (GEF) activity, possibly by disrupting an intramolecular interaction between the DENN domain and the C-terminus of the protein, thereby relieving the autoinhibition",0
5160,Q9H3Z4,DnaJ homolog subfamily C member 5,Ser-10 phosphorylation induces an order-to-disorder transition triggering the interaction with Lys-58 (PubMed:27452402). This conformational switch modulates DNAJC5's cellular functions by reducing binding to syntaxin and synaptogamin without altering HSC70 interactions (PubMed:27452402),0
5189,P06899,Histone H2B type 1-J,"Phosphorylation at Ser-37 (H2BS36ph) by AMPK in response to stress promotes transcription (By similarity). Phosphorylated on Ser-15 (H2BS14ph) by STK4/MST1 during apoptosis; which facilitates apoptotic chromatin condensation (PubMed:12757711). Also phosphorylated on Ser-15 in response to DNA double strand breaks (DSBs), and in correlation with somatic hypermutation and immunoglobulin class-switch recombination",0
5191,P06899,Histone H2B type 1-J,"ADP-ribosylated by PARP1 or PARP2 on Ser-7 (H2BS6ADPr) in response to DNA damage (PubMed:34874266). H2BS6ADPr promotes recruitment of CHD1L (PubMed:34874266). Mono-ADP-ribosylated on Glu-3 (H2BE2ADPr) by PARP3 in response to single-strand breaks (PubMed:27530147). Poly ADP-ribosylation on Glu-36 (H2BE35ADPr) by PARP1 regulates adipogenesis: it inhibits phosphorylation at Ser-37 (H2BS36ph), thereby blocking expression of pro-adipogenetic genes (By similarity)",0
5200,Q6DN03,Putative histone H2B type 2-C,"Phosphorylation at Ser-37 (H2BS36ph) by AMPK in response to stress promotes transcription (By similarity). Phosphorylated on Ser-15 (H2BS14ph) by STK4/MST1 during apoptosis; which facilitates apoptotic chromatin condensation. Also phosphorylated on Ser-15 in response to DNA double strand breaks (DSBs), and in correlation with somatic hypermutation and immunoglobulin class-switch recombination",0
5203,Q8TBA6,Golgin subfamily A member 5,Highly phosphorylated during mitosis. Phosphorylation is barely detectable during interphase,0
5214,Q13188,Serine/threonine-protein kinase 3,"Autophosphorylated on two residues Thr-174 and Thr-180, leading to activation (PubMed:23972470, PubMed:29063833). Phosphorylation at Thr-117 and Thr-384 by PKB/AKT1, leads to inhibition of its: cleavage, kinase activity, autophosphorylation at Thr-180, binding to RASSF1 and nuclear translocation, and increase in its binding to RAF1. Phosphorylated at Ser-15 by PLK1, leading to activation (PubMed:21723128). When autophosphorylated at Thr-180, recruits STRIPAK complex and promotes PP2A-mediated dephosphorylation and inactivation of STK3 (PubMed:29063833, PubMed:30622739)",1
5216,Q13188,Serine/threonine-protein kinase 3,"Ubiquitinated by TRIM69; leading to its redistribution to the perinuclear cytoskeleton, where it is phosphorylated by PLK1 and subsequently activated",0
5217,P63244,Small ribosomal subunit protein RACK1,Phosphorylated on Tyr-228 and/or Tyr-246 by SRC. This is required for binding to SRC,1
5218,P63244,Small ribosomal subunit protein RACK1,"(Microbial infection) Phosphorylated by vaccinia virus B1 kinase on serine and threonine residues; this phosphorylation remodels the ribosome properties, favoring the viral mRNA translation",0
5220,P21453,Sphingosine 1-phosphate receptor 1,S1P-induced endothelial cell migration requires the PKB/AKT1-mediated phosphorylation of the third intracellular loop at the Thr-236 residue,0
5227,Q96PU8,KH domain-containing RNA-binding protein QKI,"Tyrosine phosphorylated at its C-terminus, probably by FYN. Phosphorylation leads to decreased mRNA-binding affinity, affecting transport and/or stabilization of MBP mRNA (By similarity)",0
5231,Q15475,Homeobox protein SIX1,Phosphorylated during interphase; becomes hyperphosphorylated during mitosis. Hyperphosphorylation impairs binding to promoter elements,0
5234,Q9UQE7,Structural maintenance of chromosomes protein 3,Phosphorylated at Ser-1083 in a SPO11-dependent manner,0
5236,Q14247,Src substrate cortactin,Phosphorylated by PKN2 at both serine and threonine residues in a GTP-bound Rac1-dependent manner in hyaluronan-induced astrocytes and hence down-regulated CTTN ability to associates with filamentous actin (By similarity). Phosphorylated on tyrosine residues in response to CHRM1 activation (By similarity). Phosphorylated by PTK2/FAK1 in response to cell adhesion (By similarity). Phosphorylated by FER. Tyrosine phosphorylation in transformed cells may contribute to cellular growth regulation and transformation. Phosphorylated in response to FGR activation. Phosphorylation by SRC promotes MYLK binding,1
5247,Q7Z6E9,E3 ubiquitin-protein ligase RBBP6,Phosphorylated by NEK6,1
5251,Q9Y6D5,Brefeldin A-inhibited guanine nucleotide-exchange protein 2,In vitro phosphorylated by PKA reducing its GEF activity and dephosphorylated by phosphatase PP1,1
5252,O00303,Eukaryotic translation initiation factor 3 subunit F,Phosphorylation is enhanced upon serum stimulation. Phosphorylated during apoptosis by caspase-processed CDK11,0
5261,Q96R06,Sperm-associated antigen 5,Phosphorylated by AURKA,1
5263,Q01484,Ankyrin-2,Phosphorylated at multiple sites by different protein kinases and each phosphorylation event regulates the protein's structure and function,0
5267,Q04721,Neurogenic locus notch homolog protein 2,"Phosphorylated by GSK3. GSK3-mediated phosphorylation is necessary for NOTCH2 recognition by FBXW7, ubiquitination and degradation via the ubiquitin proteasome pathway",0
5270,P61006,Ras-related protein Rab-8A,"Phosphorylation of Thr-72 in the switch II region by LRRK2 prevents the association of RAB regulatory proteins, including CHM, CHML and RAB GDP dissociation inhibitors GDI1 and GDI2. Phosphorylation by LRRK2 is required for localization to stressed lysosomes",1
5273,Q8N5H7,SH2 domain-containing protein 3C,Phosphorylated by MAPK/ERK upon T-cell receptor stimulation in T-cells,1
5278,P45985,Dual specificity mitogen-activated protein kinase kinase 4,Activated by phosphorylation on Ser-257 and Thr-261 by MAP kinase kinase kinases (MAP3Ks),0
5279,Q16625,Occludin,Dephosphorylated by PTPRJ. The tyrosine phosphorylation on Tyr-398 and Tyr-402 reduces its ability to interact with TJP1. Phosphorylation at Ser-490 also attenuates the interaction with TJP1,1
5282,Q86XR7,TIR domain-containing adapter molecule 2,Phosphorylated by PRKCE in response to LPS. Phosphorylation is essential for its function. It is depleted from the membrane upon phosphorylation. Tyrosine phosphorylation is inhibited by phosphatase PTPN4,1
5285,P18615,Negative elongation factor E,"Phosphorylated by the P-TEFb complex at sites next to its RNA recognition motif, promoting its release from chromatin",1
5289,P48058,Glutamate receptor 4,Phosphorylated at Ser-862 by PRKCG; phosphorylation increases plasma membrane-associated GRI4 expression,0
5293,Q9Y5Q3,Transcription factor MafB,Phosphorylated by GSK3 and MAPK13 on serine and threonine residues,1
5296,O95232,Luc7-like protein 3,"Phosphorylated in vitro by SRPK1, SRPK2 and CLK1",1
5303,O43353,Receptor-interacting serine/threonine-protein kinase 2,"Autophosphorylated (PubMed:16824733, PubMed:21123652, PubMed:28545134, PubMed:29452636). Phosphorylated at Ser-176, either via autophosphorylation or by LRRK2, enhancing activity (PubMed:16824733, PubMed:27830463). Autophosphorylation at Tyr-474 is required for effective NOD2 signaling (PubMed:21123652). Autophosphorylation is however not essential for NOD2 signaling (PubMed:29452636). Phosphorylation at Tyr-381 by Src kinase CSK occurs in a ARHGEF2-dependent manner and is required for NOD2-dependent innate immune activation (PubMed:21887730)",0
5305,O43353,Receptor-interacting serine/threonine-protein kinase 2,"(Microbial infection) Acetylation of Ser-174, Ser-176 and Ser-178 by Yersinia YopJ prevents phosphorylation and activation, thereby promoting cell death",0
5331,A2RU30,Protein TESPA1,May be phosphorylated in response to store-operated Ca(+2) entry,0
5338,O00562,Membrane-associated phosphatidylinositol transfer protein 1,Phosphorylated on multiple sites by CDK1 at the onset of mitosis. Phosphorylation facilitates dissociation from the Golgi complex and is required for interaction with PLK1,1
5339,O00562,Membrane-associated phosphatidylinositol transfer protein 1,Phosphorylated on threonine residues upon treatment with oleic acid,0
5340,O00562,Membrane-associated phosphatidylinositol transfer protein 1,Phosphorylated on tyrosine residues by PTK2B,0
5344,P32927,Cytokine receptor common subunit beta,May be phosphorylated by LYN,1
5346,Q16621,Transcription factor NF-E2 45 kDa subunit,"Phosphorylated on serine residues. In undifferentiated erythrocytes, phosphorylated by MAPK8 which then leads to ubiquitination and protein degradation",0
5348,Q16621,Transcription factor NF-E2 45 kDa subunit,"Ubiquitinated mainly by 'Lys63'-linked ubiquitin. Polyubiquitination with 'Lys63'-linked ubiquitin by ITCH retains NFE2 in the cytoplasm preventing its transactivation activity. In undifferentiated erythrocyte, ubiquitinated after MAPK8-mediatd phosphorylation leading to protein degradation (By similarity)",0
5351,Q7L804,Rab11 family-interacting protein 2,Phosphorylation at Ser-227 by MARK2 regulates epithelial cell polarity,1
5352,Q9C0B5,Palmitoyltransferase ZDHHC5,Phosphorylation regulates association with endocytic proteins and its subcellular localization (PubMed:26334723). Phosphorylation by LYN during fatty acid uptake leads to inactivation of the activity (PubMed:32958780),1
5354,O60331,Phosphatidylinositol 4-phosphate 5-kinase type-1 gamma,Phosphorylation on Ser-650 negatively regulates binding to TLN2 and is strongly stimulated in mitosis. Phosphorylation on Tyr-649 is necessary for targeting to focal adhesions. Phosphorylation on Ser-650 and Tyr-649 are mutually exclusive. Phosphorylated by SYK and CSK (By similarity). Tyrosine phosphorylation is enhanced by PTK2 signaling. Phosphorylated at Tyr-639 upon EGF stimulation. Some studies suggest that phosphorylation on Tyr-649 enhances binding to tailins (TLN1 and TLN2). According to PubMed:15738269 phosphorylation at Tyr-649 does not directly enhance binding to tailins (TLN1 and TLN2) but may act indirectly by inhibiting phosphorylation at Ser-650,1
5360,Q14186,Transcription factor Dp-1,"Phosphorylation by E2F1-bound cyclin A-CDK2, in the S phase, inhibits E2F-mediated DNA binding and transactivation",1
5363,Q9NS56,E3 ubiquitin-protein ligase Topors,Phosphorylation at Ser-98 regulates the E3 ubiquitin-protein ligase activity but not the SUMO1-protein ligase activity. Phosphorylation at Ser-718 increases the E3 ubiquitin-protein ligase activity versus the SUMO1-protein ligase activity resulting in increased p53/TP53 ubiquitination and degradation,0
5372,Q9P0L2,Serine/threonine-protein kinase MARK1,"Phosphorylation at Thr-613 by PRKCZ/aPKC in polarized epithelial cells inhibits the kinase activity (By similarity). Phosphorylated at Thr-215 by STK11/LKB1 in complex with STE20-related adapter-alpha (STRADA) pseudo kinase and CAB39. Phosphorylation at Thr-215 by TAOK1 activates the kinase activity, leading to phosphorylation and detachment of MAPT/TAU from microtubules. Phosphorylation at Ser-219 by GSK3-beta (GSK3B) inhibits the kinase activity",0
5374,P42167,"Lamina-associated polypeptide 2, isoforms beta/gamma",Mitosis-specific phosphorylation specifically abolishes its binding to lamin B and chromosomes,0
5379,P31350,Ribonucleoside-diphosphate reductase subunit M2,Phosphorylation on Ser-20 relieves the inhibitory effect on Wnt signaling. Phosphorylated on Thr-33 by CDK1 and CDK2; predominantly in G2 and M phase (PubMed:22632967),1
5389,P35221,Catenin alpha-1,Phosphorylation seems to contribute to the strength of cell-cell adhesion rather than to the basic capacity for cell-cell adhesion,0
5398,Q15648,Mediator of RNA polymerase II transcription subunit 1,Phosphorylated by MAPK1 or MAPK3 during G2/M phase which may enhance protein stability and promote entry into the nucleolus (PubMed:16314496). Phosphorylation increases its interaction with PSIP1 (PubMed:29997176),1
5399,Q99459,Cell division cycle 5-like protein,Phosphorylated on serine and threonine residues. Phosphorylation on Thr-411 and Thr-438 is required for CDC5L-mediated mRNA splicing. Has no effect on subcellular location nor on homodimerization. Phosphorylated in vitro by CDK2. Phosphorylation enhances interaction with PPP1R8,1
5400,P25054,Adenomatous polyposis coli protein,Phosphorylated; phosphorylation enhances the F-actin bundling activity (PubMed:17293347). Phosphorylated by GSK3B,1
5407,P49841,Glycogen synthase kinase-3 beta,"Phosphorylated by AKT1 and ILK1. Upon insulin-mediated signaling, the activated PKB/AKT1 protein kinase phosphorylates and deactivates GSK3B, resulting in the dephosphorylation and activation of GYS1. Activated by phosphorylation at Tyr-216 (PubMed:25169422). Inactivated by phosphorylation at Ser-9 (Probable). Phosphorylated in a circadian manner in the hippocampus (By similarity)",1
5409,P49841,Glycogen synthase kinase-3 beta,Palmitoylated. Palmitoylation by ZDHHC4 prevents AKT1-mediated phosphorylation,0
5411,O60240,Perilipin-1,"Major cAMP-dependent protein kinase-substrate in adipocytes, also dephosphorylated by PP1. When phosphorylated, may be maximally sensitive to HSL and when unphosphorylated, may play a role in the inhibition of lipolysis, by acting as a barrier in lipid droplet (By similarity)",0
5413,O60496,Docking protein 2,"On immunoreceptor stimulation, phosphorylated on C-terminal tyrosine residues. Phosphorylation on Tyr-345 is required for binding to the SH2 domain of NCK. Phosphorylation on both Tyr-271 and Tyr-299 is required for interaction with RASGAP. Phosphorylated on tyrosine residues by TEK/TIE2 (By similarity)",1
5415,Q6DRA6,Putative histone H2B type 2-D,"Phosphorylation at Ser-37 (H2BS36ph) by AMPK in response to stress promotes transcription (By similarity). Phosphorylated on Ser-15 (H2BS14ph) by STK4/MST1 during apoptosis; which facilitates apoptotic chromatin condensation. Also phosphorylated on Ser-15 in response to DNA double strand breaks (DSBs), and in correlation with somatic hypermutation and immunoglobulin class-switch recombination",0
5418,Q969Z4,Tumor necrosis factor receptor superfamily member 19L,Phosphorylated in vitro by OXSR1 (PubMed:16389068). Phosphorylated by STK39 (PubMed:16530727),1
5420,Q9BX26,Synaptonemal complex protein 2,Phosphorylated,0
5435,P10275,Androgen receptor,Phosphorylated in prostate cancer cells in response to several growth factors including EGF. Phosphorylation is induced by c-Src kinase (CSK). Tyr-535 is one of the major phosphorylation sites and an increase in phosphorylation and Src kinase activity is associated with prostate cancer progression. Phosphorylation by TNK2 enhances the DNA-binding and transcriptional activity and may be responsible for androgen-independent progression of prostate cancer. Phosphorylation at Ser-83 by CDK9 regulates AR promoter selectivity and cell growth. Phosphorylation by PAK6 leads to AR-mediated transcription inhibition,0
5438,O43781,Dual specificity tyrosine-phosphorylation-regulated kinase 3,Protein kinase activity is activated following autophosphorylation at Tyr-369 (Probable). Autophosphorylation at Ser-350 stabilizes the protein and enhances the protein kinase activity (PubMed:9748265),0
5439,P27448,MAP/microtubule affinity-regulating kinase 3,Phosphorylated at Thr-211 by STK11/LKB1 in complex with STE20-related adapter-alpha (STRADA) pseudo kinase and CAB39 (PubMed:14976552). Phosphorylation at Thr-564 by PRKCZ/aPKC inhibits the kinase activity (PubMed:15084291),1
5443,Q5T4F4,Protrudin,Phosphorylated. Phosphorylation is induced by NGF through the MAPK/ERK pathway and modulates interaction with RAB11A,0
5445,Q9H4B4,Serine/threonine-protein kinase PLK3,Phosphorylated in an ATM-dependent manner following DNA damage. Phosphorylated as cells enter mitosis and dephosphorylated as cells exit mitosis,0
5446,P15311,Ezrin,Phosphorylated by tyrosine-protein kinases. Phosphorylation by ROCK2 suppresses the head-to-tail association of the N-terminal and C-terminal halves resulting in an opened conformation which is capable of actin and membrane-binding (By similarity),1
5448,P16220,Cyclic AMP-responsive element-binding protein 1,"Stimulated by phosphorylation. Phosphorylation of both Ser-119 and Ser-128 in the SCN regulates the activity of CREB and participates in circadian rhythm generation. Phosphorylation of Ser-119 allows CREBBP binding. In liver, phosphorylation is induced by fasting or glucagon in a circadian fashion (By similarity). CREBL2 positively regulates phosphorylation at Ser-119 thereby stimulating CREB1 transcriptional activity (By similarity). Phosphorylated upon calcium influx by CaMK4 and CaMK2 on Ser-119. CaMK4 is much more potent than CaMK2 in activating CREB. Phosphorylated by CaMK2 on Ser-128. Phosphorylation of Ser-128 blocks CREB-mediated transcription even when Ser-119 is phosphorylated. Phosphorylated by CaMK1 (By similarity). Phosphorylation of Ser-257 by HIPK2 in response to genotoxic stress promotes CREB1 activity, facilitating the recruitment of the coactivator CBP. Phosphorylated at Ser-119 by RPS6KA3, RPS6KA4 and RPS6KA5 in response to mitogenic or stress stimuli. Phosphorylated by TSSK4 on Ser-119 (PubMed:15964553)",1
5452,Q9NY46,Sodium channel protein type 3 subunit alpha,Phosphorylation at Ser-1501 by PKC in a highly conserved cytoplasmic loop slows inactivation of the sodium channel and reduces peak sodium currents,0
5453,P55072,Transitional endoplasmic reticulum ATPase,Phosphorylated by tyrosine kinases in response to T-cell antigen receptor activation. Phosphorylated in mitotic cells,0
5456,Q00534,Cyclin-dependent kinase 6,Thr-177 phosphorylation and Tyr-24 dephosphorylation promotes kinase activity,0
5457,Q13950,Runt-related transcription factor 2,Phosphorylated; probably by MAP kinases (MAPK). Phosphorylation by HIPK3 is required for the SPEN/MINT and FGF2 transactivation during osteoblastic differentiation (By similarity). Phosphorylation at Ser-451 by CDK1 promotes endothelial cell proliferation required for tumor angiogenesis probably by facilitating cell cycle progression. Isoform 3 is phosphorylated on Ser-340,1
5465,P15941,Mucin-1,"Phosphorylated on tyrosines and serine residues in the C-terminal. Phosphorylation on tyrosines in the C-terminal increases the nuclear location of MUC1 and beta-catenin. Phosphorylation by PKC delta induces binding of MUC1 to beta-catenin/CTNNB1 and thus decreases the formation of the beta-catenin/E-cadherin complex. Src-mediated phosphorylation inhibits interaction with GSK3B. Src- and EGFR-mediated phosphorylation on Tyr-1229 increases binding to beta-catenin/CTNNB1. GSK3B-mediated phosphorylation on Ser-1227 decreases this interaction but restores the formation of the beta-cadherin/E-cadherin complex. On T-cell receptor activation, phosphorylated by LCK. PDGFR-mediated phosphorylation increases nuclear colocalization of MUC1CT and CTNNB1",0
5469,P23396,Small ribosomal subunit protein uS3,"Phosphorylation at Thr-221 by CDK1 occurs mainly in G2/M phase (PubMed:21871177). Phosphorylation by PRKCD occurs on a non-ribosomal-associated form which results in translocation of RPS3 to the nucleus and enhances its endonuclease activity (PubMed:19059439). Phosphorylated on Ser-209 by IKKB in response to activation of the NF-kappa-B p65-p50 complex which enhances the association of RPS3 with importin-alpha and mediates the nuclear translocation of RPS3 (PubMed:21399639). Phosphorylation by MAPK is required for translocation to the nucleus following exposure of cells to DNA damaging agents such as hydrogen peroxide (PubMed:17560175). Phosphorylation by PKB/AKT mediates RPS3 nuclear translocation, enhances RPS3 endonuclease activity and suppresses RPS3-induced neuronal apoptosis (PubMed:20605787)",0
5482,Q32P44,Echinoderm microtubule-associated protein-like 3,"Phosphorylation at Thr-881 during mitosis is required for interaction with TUBG1, HAUS1, HAUS2, HAUS3, HAUS4, HAUS5, HAUS6, HAUS7 and HAUS8 and their recruitment to spindle microtubules",0
5483,Q96PJ5,Fc receptor-like protein 4,Phosphorylated on cytoplasmic tyrosines upon activation,0
5489,Q9Y4B5,Microtubule cross-linking factor 1,Phosphorylated during mitosis in a CDK1-dependent manner,0
5495,O14827,Ras-specific guanine nucleotide-releasing factor 2,Phosphorylated by CDK5; down-regulates RASGRF2-mediated RAC1 activation,1
5500,Q12792,Twinfilin-1,Phosphorylated on serine and threonine residues,0
5502,Q71F23,Centromere protein U,"Phosphorylated by PLK1 at Thr-78, creating a self-tethering site that specifically interacts with the polo-box domain of PLK1",1
5511,P49137,MAP kinase-activated protein kinase 2,"Phosphorylated and activated by MAP kinase p38-alpha/MAPK14 at Thr-222, Ser-272 and Thr-334",0
5518,P62714,Serine/threonine-protein phosphatase 2A catalytic subunit beta isoform,Phosphorylation of either threonine (by autophosphorylation-activated protein kinase) or tyrosine results in inactivation of the phosphatase. Auto-dephosphorylation has been suggested as a mechanism for reactivation,0
5522,Q13885,Tubulin beta-2A chain,"Phosphorylated on Ser-172 by CDK1 during the cell cycle, from metaphase to telophase, but not in interphase. This phosphorylation inhibits tubulin incorporation into microtubules",0
5531,P28749,Retinoblastoma-like protein 1,"Cell-cycle arrest properties are inactivated by phosphorylation on Thr-332, Ser-640, Ser-964 and Ser-975 by CDK4",1
5540,O14543,Suppressor of cytokine signaling 3,"Phosphorylated on tyrosine residues after stimulation by the cytokines, IL-2, EPO or IGF1",0
5541,O75410,Transforming acidic coiled-coil-containing protein 1,Isoform 1 is heavily phosphorylated; isoform 6 is not,0
5551,Q15642,Cdc42-interacting protein 4,Tyrosine phosphorylated. Also phosphorylated by PKA,0
5553,Q9UBP6,tRNA (guanine-N(7)-)-methyltransferase,"Phosphorylation at Ser-27 by PKB/AKT1 inactivates its methyltransferase activity via a steric interference mechanism in the active site that locally disrupts the catalytic center (PubMed:15861136, PubMed:36599985). Phosphorylation at Ser-27 does not affect the interaction with WDR4 (PubMed:15861136)",1
5557,O94762,ATP-dependent DNA helicase Q5,Phosphorylated by CDK1 at Ser-727; this phosphorylation is required for RECQL5-mediated disruption of RAD51 filaments on stalled replication forks,1
5561,Q14451,Growth factor receptor-bound protein 7,"Phosphorylated on serine and threonine residues in response to heregulin. Phosphorylated on tyrosine residues by TEK/TIE2. Phosphorylated on tyrosine residues in response to NTN1 signaling. Phosphorylation promotes stress granule disassembly during recovery after cellular stress (By similarity). Phosphorylated on tyrosine residues by PTK2/FAK1, and possibly also other kinases. Phosphorylation is enhanced by activation of receptor kinases. Tyrosine phosphorylation is essential for activation of down-stream protein kinases",1
5565,O60216,Double-strand-break repair protein rad21 homolog,Phosphorylated; becomes hyperphosphorylated in M phase of cell cycle. The large dissociation of cohesin from chromosome arms during prophase may be partly due to its phosphorylation by PLK1,0
5566,P05198,Eukaryotic translation initiation factor 2 subunit 1,"Phosphorylation at Ser-49 and Ser-52 stabilizes the eIF-2/GDP/eIF2B complex and prevents GDP/GTP exchange reaction, thus impairing the recycling of eIF-2 between successive rounds of initiation and leading to global inhibition of translation, while concomitantly initiating the preferential translation of integrated stress response (ISR)-specific mRNAs (PubMed:10026192, PubMed:15207627, PubMed:18032499, PubMed:19131336, PubMed:31048492). Substrate for at least 4 kinases: EIF2AK1/HRI, EIF2AK2/PKR, EIF2AK3/PERK and EIF2AK4/GCN2 (PubMed:15489334, PubMed:38340717). Phosphorylation on Ser-52 by the EIF2AK4/GCN2 protein kinase occurs in response to amino acid starvation and UV irradiation (By similarity). Phosphorylation at Ser-52 by the EIF2AK3/PERK protein kinase occurs in response to the unfolded protein response (PubMed:10026192). Phosphorylation at Ser-52 by EIF2AK1/HRI in response to mitochondrial damage promotes relocalization to the mitochondrial surface (PubMed:38340717)",1
5567,P05198,Eukaryotic translation initiation factor 2 subunit 1,"(Microbial infection) Phosphorylation by vaccinia virus protein E3 and rotavirus A stabilizes the eIF-2/GDP/eIF2B complex and prevents GDP/GTP exchange reaction, thus impairing the recycling of eIF-2 between successive rounds of initiation and leading to global inhibition of translation",0
5570,Q14511,Enhancer of filamentation 1,"Cell cycle-regulated processing produces four isoforms: p115, p105, p65, and p55. Isoform p115 arises from p105 phosphorylation and appears later in the cell cycle. Isoform p55 arises from p105 as a result of cleavage at a caspase cleavage-related site and it appears specifically at mitosis. The p65 isoform is poorly detected",0
5572,Q14511,Enhancer of filamentation 1,"PTK2/FAK1 phosphorylates the protein at the YDYVHL motif (conserved among all cas proteins) following integrin stimulation (PubMed:9360983). The SRC family kinases (FYN, SRC, LCK and CRK) are recruited to the phosphorylated sites and can phosphorylate other tyrosine residues (PubMed:9020138). Ligation of either integrin beta-1 or B-cell antigen receptor on tonsillar B-cells and B-cell lines promotes tyrosine phosphorylation and both integrin and BCR-mediated tyrosine phosphorylation requires an intact actin network (PubMed:9020138). Phosphorylation is required to recruit NEDD9 to T-cell receptor microclusters at the periphery of newly formed immunological synapses (By similarity). In fibroblasts transformation with oncogene v-ABL results in an increase in tyrosine phosphorylation. Transiently phosphorylated following CD3 cross-linking and this phosphorylated form binds to CRKL and C3G (PubMed:9497377). A mutant lacking the SH3 domain is phosphorylated upon CD3 cross-linking but not upon integrin beta-1 cross-linking (PubMed:9497377). Tyrosine phosphorylation occurs upon stimulation of the G-protein coupled C1a calcitonin receptor. Calcitonin-stimulated tyrosine phosphorylation is mediated by calcium- and protein kinase C-dependent mechanisms and requires the integrity of the actin cytoskeleton. Phosphorylation at Ser-369 induces proteasomal degradation (PubMed:19539609). Phosphorylated by LYN (PubMed:9020138). Phosphorylation at Ser-780 by CSNK1D or CSNK1E, or phosphorylation of Thr-804 by CSNK1E enhances the interaction of NEDD9 with PLK1 (PubMed:29191835)",0
5591,P02751,Fibronectin,Phosphorylated by FAM20C in the extracellular medium,1
5597,O95196,Chondroitin sulfate proteoglycan 5,Phosphorylated; in intracellular and extracellular parts,0
5600,P61201,COP9 signalosome complex subunit 2,Phosphorylated by CK2 and PKD kinases,1
5612,P48681,Nestin,Constitutively phosphorylated. This increases during mitosis when the cytoplasmic intermediate filament network is reorganized (By similarity),0
5621,P63027,Vesicle-associated membrane protein 2,Phosphorylated by PRKCZ in vitro and this phosphorylation is increased in the presence of WDFY2,1
5626,P13647,"Keratin, type II cytoskeletal 5","Phosphorylated by CDK1, AURKB and Rho-kinase, phosphorylation is regulated by the cell cycle (By similarity). Thr-24 phosphorylation, mediated by CDK1, peaks during prometaphase or metaphase cells with phosphorylated filamentous structures evident throughout the cytoplasm during early mitosis (By similarity). CDK1 phosphorylates Thr-24 in mitotic cells at the site of injury (By similarity)",0
5640,P04083,Annexin A1,"Phosphorylated by protein kinase C, EGFR and TRPM7 (PubMed:15485879, PubMed:2457390). Phosphorylated in response to EGF treatment (PubMed:2532504)",1
5647,P46695,Radiation-inducible immediate-early gene IEX-1,"Phosphorylated at Thr-18, Thr-123 and Ser-126 by MAPK1/ERK2 and probably MAPK3/ERK1. Upon phosphorylation by MAPK1/ERK2 and MAPK3/ERK1, acquires the ability to inhibit cell death induced by various stimuli",1
5651,Q2M1Z3,Rho GTPase-activating protein 31,Phosphorylation on Thr-789 reduces GAP activity,0
5659,P62987,Ubiquitin-ribosomal protein eL40 fusion protein,"Phosphorylated at Ser-65 by PINK1 during mitophagy (PubMed:24660806, PubMed:24751536, PubMed:24784582, PubMed:25474007, PubMed:25527291). Phosphorylated ubiquitin specifically binds and activates parkin (PRKN), triggering mitophagy (PubMed:24660806, PubMed:24751536, PubMed:24784582, PubMed:25474007, PubMed:25527291). Phosphorylation does not affect E1-mediated E2 charging of ubiquitin but affects discharging of E2 enzymes to form polyubiquitin chains. It also affects deubiquitination by deubiquitinase enzymes such as USP30 (PubMed:25527291)",1
5674,P78318,Immunoglobulin-binding protein 1,Phosphorylated,0
5676,Q13112,Chromatin assembly factor 1 subunit B,"Differentially phosphorylated during cell cycle. During mitosis the p60 subunit of inactive CAF-1 is hyperphosphorylated and displaced into the cytosol. Progressivly dephosphorylated from G1 to S and G2 phase. Phosphorylated p60 is recruited to chromatin undergoing DNA repair after UV irradiation in G1, S or G2 phases",0
5688,Q9NZS2,Killer cell lectin-like receptor subfamily F member 1,Phosphorylated on Tyr-7; this phosphorylation is required for NKp80/KLRF1-mediated cytotoxicity,0
5693,P17480,Nucleolar transcription factor 1,Phosphorylated and activated by PIK3CA,1
5698,Q14249,"Endonuclease G, mitochondrial",GSK3-beta-mediated dual phosphorylations at Thr-128 and Ser-288 is necessary for its interaction with YWHAG and the induction of autophagy,0
5709,Q13705,Activin receptor type-2B,Phosphorylated. Constitutive phosphorylation is in part catalyzed by its own kinase activity,0
5712,Q3ZCM7,Tubulin beta-8 chain,"Phosphorylated on Ser-172 by CDK1 during the cell cycle, from metaphase to telophase, but not in interphase. This phosphorylation inhibits tubulin incorporation into microtubules",0
5714,Q9ULV5,Heat shock factor protein 4,Phosphorylated mainly on serine residues. Phosphorylation on Ser-298 promotes sumoylation on Lys-293,0
5715,Q9ULV5,Heat shock factor protein 4,Isoform HSF4B is constitutively sumoylated. Sumoylation represses the transcriptional activity and is promoted by phosphorylation on Ser-298. HSFA is not sumoylated,0
5724,P40238,Thrombopoietin receptor,Phosphorylated at Tyr-591 in response to THPO stimulation,0
5731,P30622,CAP-Gly domain-containing linker protein 1,"Phosphorylated. Phosphorylation induces conformational changes by increasing the affinity of the N-terminus for C-terminus, resulting in inhibition of its function thus decreasing its binding to microtubules and DCTN1. Exhibits a folded, autoinhibited conformation when phosphorylated and an open conformation when dephosphorylated with increased binding affinity to microtubules and DCTN1. Phosphorylation regulates its recruitment to tyrosinated microtubules and the recruitment of vesicular cargo to microtubules in neurons (By similarity). Phosphorylation by MTOR may positively regulate CLIP1 association with microtubules (PubMed:12231510)",1
5739,Q08J23,RNA cytosine C(5)-methyltransferase NSUN2,"Phosphorylated at Ser-139 by AURKB during mitosis, leading to abolish methyltransferase activity and the interaction with NPM1",0
5745,Q9Y4E8,Ubiquitin carboxyl-terminal hydrolase 15,Phosphorylated. Phosphorylation protects against ubiquitination and subsequent degradation by the proteasome,0
5756,P31323,cAMP-dependent protein kinase type II-beta regulatory subunit,Phosphorylated by the activated catalytic chain,0
5780,Q9NP31,SH2 domain-containing protein 2A,Phosphorylated on tyrosine residues,0
5785,Q12834,Cell division cycle protein 20 homolog,Phosphorylated during mitosis (PubMed:14657031). Phosphorylated by BUB1 at Ser-41; Ser-72; Ser-92; Ser-153; Thr-157 and Ser-161 (PubMed:15525512). Phosphorylated by NEK2 (PubMed:20034488),0
5786,Q12834,Cell division cycle protein 20 homolog,Dephosphorylated by CTDP1,0
5798,P42261,Glutamate receptor 1,"Phosphorylated at Ser-645. Phosphorylated at Ser-710 by PKC. Phosphorylated at Ser-849 by PKC, PKA and CAMK2. Phosphorylated at Ser-863 by PKC, PKA and PRKG2 (By similarity). Phosphorylation of Ser-863 is reduced by induction of long-term depression and increased by induction of long-term potentiation (By similarity)",0
5816,P29803,"Pyruvate dehydrogenase E1 component subunit alpha, testis-specific form, mitochondrial","Phosphorylation at Ser-291, Ser-293 and Ser-298 by PDK family kinases inactivates the enzyme; for this phosphorylation at a single site is sufficient. Phosphorylation at Ser-293 interferes with access to active site, and thereby inactivates the enzyme. Dephosphorylation at all three sites, i.e. at Ser-291, Ser-293 and Ser-298, is required for reactivation",0
5819,Q15334,Lethal(2) giant larvae protein homolog 1,Phosphorylated at least at Ser-663 by PRKCI,1
5825,Q96D71,RalBP1-associated Eps domain-containing protein 1,EGF stimulates phosphorylation on Tyr-residues,0
5829,Q9Y6X6,Unconventional myosin-XVI,Phosphorylated on tyrosine residues by FYN upon stimulation with CNTN5,1
5836,P14317,Hematopoietic lineage cell-specific protein,"Phosphorylated by FES (By similarity). Phosphorylated by LYN, FYN and FGR after cross-linking of surface IgM on B-cells. Phosphorylation by LYN, FYN and FGR requires prior phosphorylation by SYK or FES",1
5839,P52799,Ephrin-B2,Inducible phosphorylation of tyrosine residues in the cytoplasmic domain,0
5842,Q155Q3,Dixin,Phosphorylated on tyrosine and serine residues,0
5844,Q8N5V2,Ephexin-1,Src-dependent phosphorylation at Tyr-179 upon EPHA4 activation increases the guanine exchange factor activity toward RHOA. Phosphorylation by CDK5 upon EPHA4 activation by EFNA1 may regulate dendritic spine morphogenesis (By similarity),1
5845,Q92945,Far upstream element-binding protein 2,"Phosphorylation at Ser-193 leads to the unfolding of the unstable KH domain 1, creating a site for 14-3-3 YWHAZ binding, which promotes nuclear localization and impairs the RNA degradation function",0
5847,Q93045,Stathmin-2,"Phosphorylated mostly by MAPK8, but also by MAPK9 and MAPK10 in the developing brain cortex",0
5859,Q9NQ76,Matrix extracellular phosphoglycoprotein,"Phosphorylated on serine residues in the ASARM motif (in vitro) by FAM20C; the phosphorylation is important for the inhibition of bone mineralization (PubMed:19998030, PubMed:22582013)",1
5865,Q9Y5Y4,Prostaglandin D2 receptor 2,Phosphorylated,0
5867,P07332,Tyrosine-protein kinase Fes/Fps,Autophosphorylated on Tyr-713. Phosphorylated by LYN in response to FCER1 activation. Phosphorylated by HCK,1
5869,O14874,Branched-chain alpha-ketoacid dehydrogenase kinase,Autophosphorylated,1
5871,Q13107,Ubiquitin carboxyl-terminal hydrolase 4,"Phosphorylated at Ser-445 by PKB/AKT1 in response to EGF stimulus, promoting its ability deubiquitinate RHEB",1
5875,Q8WX93,Palladin,"Phosphorylated predominantly on serines and, to a lesser extent, on tyrosines (By similarity). Phosphorylation at Ser-1118 by PKB/AKT1 modulates cytoskeletal organization and cell motility",1
5876,O00566,U3 small nucleolar ribonucleoprotein protein MPP10,Phosphorylated in M (mitotic) phase,0
5883,Q9H300,"Presenilin-associated rhomboid-like protein, mitochondrial","P-beta is proteolytically processed (beta-cleavage) in a PARL-dependent manner. The cleavage is inhibited when residues Ser-65, Thr-69 and Ser-70 are all phosphorylated",0
5894,P42684,Tyrosine-protein kinase ABL2,Phosphorylated at Tyr-261 by ABL1 in response to oxidative stress. Phosphorylated by PDGFRB (By similarity),0
5896,Q07912,Activated CDC42 kinase 1,Autophosphorylation regulates kinase activity. Phosphorylation on Tyr-518 is required for interaction with SRC and is observed during association with clathrin-coated pits,0
5905,P04908,Histone H2A type 1-B/E,Phosphorylation on Ser-2 (H2AS1ph) is enhanced during mitosis. Phosphorylation on Ser-2 by RPS6KA5/MSK1 directly represses transcription. Acetylation of H3 inhibits Ser-2 phosphorylation by RPS6KA5/MSK1. Phosphorylation at Thr-121 (H2AT120ph) by DCAF1 is present in the regulatory region of many tumor suppresor genes and down-regulates their transcription,0
5910,P45984,Mitogen-activated protein kinase 9,"Dually phosphorylated on Thr-183 and Tyr-185 by MAP2K7 and MAP2K4, which activates the enzyme. Autophosphorylated in vitro",0
5911,P02730,Band 3 anion transport protein,Phosphorylated on Tyr-8 and Tyr-21 most likely by SYK. PP1-resistant phosphorylation that precedes Tyr-359 and Tyr-904 phosphorylation,1
5912,P02730,Band 3 anion transport protein,Phosphorylated on Tyr-359 and Tyr-904 most likely by LYN. PP1-inhibited phosphorylation that follows Tyr-8 and Tyr-21 phosphorylation,0
5914,P41743,Protein kinase C iota type,"Phosphorylation at Thr-412 in the activation loop is not mandatory for activation (By similarity). Upon neuronal growth factor (NGF) stimulation, phosphorylated by SRC at Tyr-265, Tyr-280 and Tyr-334 (PubMed:11713277, PubMed:16452474). Phosphorylation at Tyr-265 facilitates binding to KPNB1/importin-beta regulating entry of PRKCI into the nucleus (PubMed:11891849). Phosphorylation on Tyr-334 is important for NF-kappa-B stimulation (PubMed:11713277). Phosphorylated at Thr-564 during the initial phase of long term potentiation (By similarity)",1
5915,Q9UM54,Unconventional myosin-VI,"Phosphorylation in the motor domain, induced by EGF, results in translocation of MYO6 from the cell surface to membrane ruffles and affects F-actin dynamics. Phosphorylated in vitro by p21-activated kinase (PAK)",0
5922,P35580,Myosin-10,Phosphorylated by ABL2,1
5924,Q92783,Signal transducing adapter molecule 1,"Phosphorylated on Tyr-198. Phosphorylated in response to IL2, IL3, IL4, IL7, CSF2/GM-CSF, EGF and PDGFB. Phosphorylated by activated PDGFRB",1
5932,Q15910,Histone-lysine N-methyltransferase EZH2,"Phosphorylated by AKT1. Phosphorylation by AKT1 reduces methyltransferase activity. Phosphorylation at Thr-345 by CDK1 and CDK2 promotes maintenance of H3K27me3 levels at EZH2-target loci, thus leading to epigenetic gene silencing",1
5935,P05814,Beta-casein,"Form 1-P is phosphorylated once; half of the molecules are phosphorylated on Ser-24, half on Ser-25",0
5942,O00459,Phosphatidylinositol 3-kinase regulatory subunit beta,"Phosphorylated in response to signaling from activated receptor-type protein kinases (PubMed:19690332, PubMed:20068231). Dephosphorylated by PTPRJ (PubMed:18348712). Dephosphorylated at Tyr-655 by PTPN13. Phosphorylation of Tyr-655 impairs while its dephosphorylation promotes interaction with FBXL2 and SCF(FBXL2)-mediated polyubiquitination (PubMed:23604317)",1
5955,P08138,Tumor necrosis factor receptor superfamily member 16,Phosphorylated on serine residues,0
5956,P14923,Junction plakoglobin,May be phosphorylated by FER,0
5971,Q9H4A6,Golgi phosphoprotein 3,Phosphorylated,0
5974,P33151,Cadherin-5,Phosphorylated on tyrosine residues by KDR/VEGFR-2. Dephosphorylated by PTPRB (By similarity),1
5977,P61371,Insulin gene enhancer protein ISL-1,Phosphorylated,0
5978,Q13362,Serine/threonine-protein phosphatase 2A 56 kDa regulatory subunit gamma isoform,Isoform Gamma-3 is phosphorylated on serine residues. Isoform Gamma-1 phosphorylation by ERK2 is IER3-dependent and inhibits ERK dephosphorylation by PP2A-PPP2R5C,0
5979,Q13523,Serine/threonine-protein kinase PRP4 homolog,"Phosphorylated by CLK1 (PubMed:11418604). Autophosphorylated; phosphorylation inhibits interaction with its targets, such as PRPF6 or SMARCA4 (PubMed:12077342)",1
5982,Q13563,Polycystin-2,"Phosphorylated. Phosphorylation is important for protein function; a mutant that lacks the N-terminal phosphorylation sites cannot complement a zebrafish pkd2-deficient mutant (PubMed:16551655). PKD-mediated phosphorylation at the C-terminus regulates its function in the release of Ca(2+) stores from the endoplasmic reticulum (PubMed:20881056). Phosphorylation at Ser-812 regulates PKD2 trafficking (PubMed:15692563). Phosphorylation at Ser-76 is required for PKD2 trafficking to or retention at the lateral plasma membrane (PubMed:16551655). Phosphorylation at Ser-801, Ser-812 and Ser-829 regulates PKD2 channel activity (PubMed:20881056, PubMed:26269590)",1
5985,P13639,Elongation factor 2,"Phosphorylation by EF-2 kinase completely inactivates EF-2; it requires prior phosphorylation by CDK2 at Ser-595 during mitotic prometaphase. Phosphorylation by CSK promotes SUMOylation, proteolytic cleavage, and nuclear translocation if the C-terminal fragment",1
5989,P13639,Elongation factor 2,Proteolytically processed at two sites following phosphorylation by CSK,0
5990,P13639,Elongation factor 2,"SUMOylated following phosphorylation by CSK, promotes proteolytic cleavage",0
5995,O60447,Ecotropic viral integration site 5 protein homolog,Probably phosphorylated by PLK1; may be required for degradation during mitosis,1
6005,O75581,Low-density lipoprotein receptor-related protein 6,"Dual phosphorylation of cytoplasmic PPPSP motifs sequentially by GSK3 and CK1 is required for AXIN1-binding, and subsequent stabilization and activation of beta-catenin via preventing GSK3-mediated phosphorylation of beta-catenin. Phosphorylated, in vitro, by GRK5/6 within and outside the PPPSP motifs. Phosphorylation at Ser-1490 by CDK14 during G2/M phase leads to regulation of the Wnt signaling pathway during the cell cycle. Phosphorylation by GSK3B is induced by RPSO1 binding and inhibited by DKK1. Phosphorylated, in vitro, by casein kinase I on Thr-1479",1
6011,Q16236,Nuclear factor erythroid 2-related factor 2,"Phosphorylated by EIF2AK3/PERK following unfolded protein response (UPR), promoting dissociation from its cytoplasmic inhibitor KEAP1, followed by its translocation into the nucleus (By similarity). Phosphorylation of Ser-40 by PKC in response to oxidative stress dissociates NFE2L2 from its cytoplasmic inhibitor KEAP1, promoting its translocation into the nucleus (By similarity)",0
6021,P53779,Mitogen-activated protein kinase 10,"Dually phosphorylated on Thr-221 and Tyr-223 by MAP2K4 and MAP2K7, which activates the enzyme. MAP2K7 shows a strong preference for Thr-221 while MAP2K4 phosphorylates Tyr-223 preferentially. Weakly autophosphorylated on threonine and tyrosine residues in vitro",1
6023,Q07157,Tight junction protein 1,"Phosphorylated at tyrosine redidues in response to epidermal growth factor (EGF) (PubMed:19332538, PubMed:7542259). This response is dependent on an intact actin microfilament system (PubMed:7542259). Dephosphorylated by PTPRJ (PubMed:19332538)",1
6032,Q8WTX7,Cytosolic arginine sensor for mTORC1 subunit 1,"Phosphorylation at Ser-14 by AKT1, promoting the interaction between CASTOR1 and RNF167",1
6033,Q8WTX7,Cytosolic arginine sensor for mTORC1 subunit 1,"Ubiquitinated by RNF167 via 'Lys-29'-polyubiquitination, leading to its degradation, releasing the GATOR2 complex (PubMed:33594058). Ubiquitination by RNF167 is promoted by phosphorylation at Ser-14 by AKT1 (PubMed:33594058)",0
6037,P18848,Cyclic AMP-dependent transcription factor ATF-4,"Phosphorylation at Ser-245 by RPS6KA3/RSK2 in osteoblasts enhances transactivation activity and promotes osteoblast differentiation (PubMed:15109498). Phosphorylated on the betaTrCP degron motif at Ser-219, followed by phosphorylation at Thr-213, Ser-224, Ser-231, Ser-235 and Ser-248, promoting interaction with BTRC and ubiquitination (By similarity). Phosphorylation is promoted by mTORC1 (By similarity). Phosphorylation at Ser-215 by CK2 decreases its stability (PubMed:23123191). Phosphorylated by NEK6 (PubMed:20873783)",0
6042,P18206,Vinculin,"Phosphorylated; on serines, threonines and tyrosines. Phosphorylation on Tyr-1133 in activated platelets affects head-tail interactions and cell spreading but has no effect on actin binding nor on localization to focal adhesion plaques (By similarity)",0
6044,P42338,"Phosphatidylinositol 4,5-bisphosphate 3-kinase catalytic subunit beta isoform","Autophosphorylation at Ser-1070 negatively regulates the phosphatidylinositol-4,5-bisphosphate 3-kinase activity",1
6045,Q14680,Maternal embryonic leucine zipper kinase,Autophosphorylated: autophosphorylation of the T-loop at Thr-167 and Ser-171 is required for activation. Thr-478 phosphorylation during mitosis promotes interaction with PPP1R8 (Probable),1
6046,Q8IZP0,Abl interactor 1,"Phosphorylated on tyrosine residues after serum stimulation or induction by v-Abl. Seems to be phosphorylated at Tyr-53 by ABL1, required for nuclear but not for synaptic localization",1
6047,O00418,Eukaryotic elongation factor 2 kinase,"Autophosphorylated at multiple residues, Thr-348 being the major site. Phosphorylated by AMP-activated protein kinase AMPK at Ser-398 leading to EEF2K activation and protein synthesis inhibition. Phosphorylated by TRPM7 at Ser-78 resulting in improved protein stability, higher EE2F phosphorylated and subsequently reduced rate of protein synthesis. Phosphorylation by other kinases such as CDK1 and MAPK13 at Ser-359 or RPS6KA1 and RPS6KB1 at Ser-366 instead decrease EEF2K activity and promote protein synthesis",1
6051,P02765,Alpha-2-HS-glycoprotein,Phosphorylated by FAM20C in the extracellular medium,1
6058,Q7L0Q8,Rho-related GTP-binding protein RhoU,Tyrosine phosphorylated by SRC in response to PTK2B/PYK2 activation,1
6069,P01036,Cystatin-S,Phosphorylated at both its N- and C-terminal regions,0
6073,O43157,Plexin-B1,Phosphorylated on tyrosine residues by ERBB2 and MET upon SEMA4D binding,1
6083,Q15116,Programmed cell death protein 1,"Tyrosine phosphorylated at Tyr-223 (within ITIM motif) and Tyr-248 (ITSM motif) upon ligand binding. Phosphorylation at Tyr-248 promotes the recruitment of the protein tyrosine phosphatase PTPN11/SHP-2 that mediates dephosphorylation of key TCR proximal signaling molecules, such as ZAP70, PRKCQ/PKCtheta and CD247/CD3zeta",0
6095,Q9Y2Y9,Krueppel-like factor 13,Phosphorylated by PRP4K; phosphorylation regulates its transcriptional modulator activity,1
6099,Q15468,SCL-interrupting locus protein,Phosphorylated following the activation of the mitotic checkpoint,0
6103,Q8N4C8,Misshapen-like kinase 1,Autophosphorylated,1
6110,O14508,Suppressor of cytokine signaling 2,"Ubiquitinated; mediated by AREL1 and leading to its subsequent proteasomal degradation (PubMed:31578312). Ubiquitination is dependent on its phosphorylation at Ser-52, by PKC (PubMed:31578312). Ubiquitination is stimulated by LPS (By similarity)",0
6111,O14508,Suppressor of cytokine signaling 2,Phosphorylation at Ser-52 by PKC facilitates its ubiquitination and proteasomal degradation,0
6112,O60469,Cell adhesion molecule DSCAM,Phosphorylated at tyrosine residues. Phosphorylation is enhanced by NTN1,0
6115,P01732,T-cell surface glycoprotein CD8 alpha chain,Phosphorylated in cytotoxic T-lymphocytes (CTLs) following activation,0
6117,Q13042,Cell division cycle protein 16 homolog,Phosphorylated. Phosphorylation on Ser-560 occurs specifically during mitosis,0
6122,Q9H4B7,Tubulin beta-1 chain,"Phosphorylated on Ser-172 by CDK1 during the cell cycle, from metaphase to telophase, but not in interphase. This phosphorylation inhibits tubulin incorporation into microtubules",0
6124,P09038,Fibroblast growth factor 2,Phosphorylation at Tyr-215 regulates FGF2 unconventional secretion,0
6138,P49789,Bis(5'-adenosyl)-triphosphatase,Phosphorylation at Tyr-114 by SRC is required for induction of apoptosis,1
6144,P50542,Peroxisomal targeting signal 1 receptor,"Monoubiquitinated at Cys-11 by PEX2 during PEX5 passage through the retrotranslocation channel (By similarity). Cys-11 monoubiquitination acts as a recognition signal for the PEX1-PEX6 complex and is required for PEX5 extraction and export from peroxisomes (PubMed:29884772). Monoubiquitination at Cys-11 is removed by USP9X in the cytosol, resetting PEX5 for a subsequent import cycle (PubMed:22371489). When PEX5 recycling is compromised, polyubiquitinated by PEX10 during its passage through the retrotranslocation channel, leading to its degradation (By similarity). Monoubiquitination at Lys-472 by TRIM37 promotes its stability by preventing its polyubiquitination and degradation by the proteasome (PubMed:28724525). Ubiquitination at Lys-527 is not mediated by the PEX2-PEX10-PEX12 ligase complex and is not related to PEX5 recycling (PubMed:24662292). Monoubiquitinated at Lys-209 by PEX2 following phosphorylation by ATM in response to starvation or reactive oxygen species (ROS), leading to PEX5 recognition by p62/SQSTM1 and induction of pexophagy (PubMed:26344566, PubMed:27597759)",0
6145,P50542,Peroxisomal targeting signal 1 receptor,"Phosphorylated at Ser-141 by ATM in response to reactive oxygen species (ROS), promoting monoubiquitination at Lys-209 and induction of pexophagy",0
6148,P49810,Presenilin-2,Phosphorylated on serine residues,0
6154,Q96RD7,Pannexin-1,Phosphorylated at Tyr-199 by SRC. Phosphorylation activates ATP release. Constitutively phosphorylated in vascular smooth muscle cells,0
6158,Q96IZ7,Serine/Arginine-related protein 53,Phosphorylated,0
6163,P19838,Nuclear factor NF-kappa-B p105 subunit,"Phosphorylation at the C-terminus by IKBKB/IKKB acts as a signal for ubiquitination and promotes either complete degradation or processing to generate the NF-kappa-B p50 (Nuclear factor NF-kappa-B p50 subunit) (PubMed:10835356, PubMed:11158290, PubMed:11297557, PubMed:12482991, PubMed:14673179, PubMed:25860612, PubMed:8626394). Phosphorylation at Ser-903 and Ser-907 primes p105 for proteolytic processing in response to TNF-alpha stimulation (PubMed:12871932). Phosphorylation at Ser-923, Ser-927 and Ser-932 are required for BTRC/BTRCP-mediated ubiquitination and proteolysis (PubMed:10835356, PubMed:11158290, PubMed:11297557, PubMed:12482991, PubMed:14673179). Phosphorylation at Ser-927 is also required for ubiquitination by the KPC complex and limited processing to generate NF-kappa-B p50 (Nuclear factor NF-kappa-B p50 subunit) (PubMed:25860612)",0
6164,P19838,Nuclear factor NF-kappa-B p105 subunit,"Polyubiquitinated at multiple Lys residues in the C-terminus (PubMed:11158290, PubMed:14673179, PubMed:25860612). Polyubiquitinated by the SCF(FBXW11) and SCF(BTRC) complexes following phosphorylation at Ser-923, Ser-927 and Ser-932, leading to its complete degradation (PubMed:11158290). In contrast, polyubiquitination by the KPC complex following phosphorylation at Ser-927 leads to limited proteosomal processing and generation of the active NF-kappa-B p50 (Nuclear factor NF-kappa-B p50 subunit) (PubMed:25860612)",0
6167,P35372,Mu-type opioid receptor,"Phosphorylated. Differentially phosphorylated in basal and agonist-induced conditions. Agonist-mediated phosphorylation modulates receptor internalization. Phosphorylated by GRK2 in a agonist-dependent manner. Phosphorylation at Tyr-168 requires receptor activation, is dependent on non-receptor protein tyrosine kinase Src and results in a decrease in agonist efficacy by reducing G-protein coupling efficiency. Phosphorylated on tyrosine residues; the phosphorylation is involved in agonist-induced G-protein-independent receptor down-regulation. Phosphorylation at Ser-377 is involved in G-protein-dependent but not beta-arrestin-dependent activation of the ERK pathway (By similarity)",1
6173,P13861,cAMP-dependent protein kinase type II-alpha regulatory subunit,Phosphorylated by the activated catalytic chain,0
6195,P10644,cAMP-dependent protein kinase type I-alpha regulatory subunit,"The pseudophosphorylation site binds to the substrate-binding region of the catalytic chain, resulting in the inhibition of its activity",0
6202,P68431,Histone H3.1,"Methylation at Lys-5 (H3K4me), Lys-37 (H3K36me) and Lys-80 (H3K79me) are linked to gene activation. Methylation at Lys-5 (H3K4me) facilitates subsequent acetylation of H3 and H4. Methylation at Lys-80 (H3K79me) is associated with DNA double-strand break (DSB) responses and is a specific target for TP53BP1. Methylation at Lys-10 (H3K9me) and Lys-28 (H3K27me) are linked to gene repression. Methylation at Lys-10 (H3K9me) is a specific target for HP1 proteins (CBX1, CBX3 and CBX5) and prevents subsequent phosphorylation at Ser-11 (H3S10ph) and acetylation of H3 and H4. Methylation at Lys-5 (H3K4me) and Lys-80 (H3K79me) require preliminary monoubiquitination of H2B at 'Lys-120'. Methylation at Lys-10 (H3K9me) and Lys-28 (H3K27me) are enriched in inactive X chromosome chromatin. Monomethylation at Lys-57 (H3K56me1) by EHMT2/G9A in G1 phase promotes interaction with PCNA and is required for DNA replication",0
6203,P68431,Histone H3.1,"Phosphorylated at Thr-4 (H3T3ph) by VRK1 (PubMed:31527692). Phosphorylated at Thr-4 (H3T3ph) by HASPIN during prophase and dephosphorylated during anaphase (PubMed:15681610, PubMed:16185088). Phosphorylation at Ser-11 (H3S10ph) by AURKB is crucial for chromosome condensation and cell-cycle progression during mitosis and meiosis. In addition phosphorylation at Ser-11 (H3S10ph) by RPS6KA4 and RPS6KA5 is important during interphase because it enables the transcription of genes following external stimulation, like mitogens, stress, growth factors or UV irradiation and result in the activation of genes, such as c-fos and c-jun. Phosphorylation at Ser-11 (H3S10ph), which is linked to gene activation, prevents methylation at Lys-10 (H3K9me) but facilitates acetylation of H3 and H4. Phosphorylation at Ser-11 (H3S10ph) by AURKB mediates the dissociation of HP1 proteins (CBX1, CBX3 and CBX5) from heterochromatin. Phosphorylation at Ser-11 (H3S10ph) is also an essential regulatory mechanism for neoplastic cell transformation. Phosphorylated at Ser-29 (H3S28ph) by MAP3K20 isoform 1, RPS6KA5 or AURKB during mitosis or upon ultraviolet B irradiation. Phosphorylation at Thr-7 (H3T6ph) by PRKCB is a specific tag for epigenetic transcriptional activation that prevents demethylation of Lys-5 (H3K4me) by LSD1/KDM1A. At centromeres, specifically phosphorylated at Thr-12 (H3T11ph) from prophase to early anaphase, by DAPK3 and PKN1. Phosphorylation at Thr-12 (H3T11ph) by PKN1 or isoform M2 of PKM (PKM2) is a specific tag for epigenetic transcriptional activation that promotes demethylation of Lys-10 (H3K9me) by KDM4C/JMJD2C. Phosphorylation at Thr-12 (H3T11ph) by chromatin-associated CHEK1 regulates the transcription of cell cycle regulatory genes by modulating acetylation of Lys-10 (H3K9ac). Phosphorylation at Tyr-42 (H3Y41ph) by JAK2 promotes exclusion of CBX5 (HP1 alpha) from chromatin",0
6209,P68431,Histone H3.1,"Serine ADP-ribosylation by PARP1 or PARP2 constitutes the primary form of ADP-ribosylation of proteins in response to DNA damage (PubMed:30257210, PubMed:34874266). Serine ADP-ribosylation at Ser-11 (H3S10ADPr) promotes recruitment of CHD1L (PubMed:34874266). H3S10ADPr is mutually exclusive with phosphorylation at Ser-11 (H3S10ph) and impairs acetylation at Lys-10 (H3K9ac) (PubMed:30257210)",0
6220,P34947,G protein-coupled receptor kinase 5,Autophosphorylated. Autophosphorylation may play a critical role in the regulation of GRK5 kinase activity,1
6226,O43526,Potassium voltage-gated channel subfamily KQT member 2,"KCNQ2/KCNQ3 heteromeric current can be increased by intracellular cyclic AMP, an effect that depends on phosphorylation of Ser-52 in the N-terminal region",0
6228,O75815,Breast cancer anti-estrogen resistance protein 3,Phosphorylated on tyrosine residues,0
6229,P20794,Serine/threonine-protein kinase MAK,Autophosphorylated. Phosphorylated on serine and threonine residues,1
6230,P35462,D(3) dopamine receptor,Phosphorylated by GRK4 (GRK4-alpha and GRK4-gamma),1
6237,Q9BVS4,Serine/threonine-protein kinase RIO2,"Autophosphorylated (in vitro) (PubMed:19564402, PubMed:21880710). Phosphorylation at Ser-335, Ser-380, Ser-548 by PLK1 affects the timing of the metaphase-anaphase transition (PubMed:21880710)",1
6238,Q9BW66,Cyclin-dependent kinase 2-interacting protein,Phosphorylated by CDC7 but not by CDK2,1
6241,Q9NWF9,E3 ubiquitin-protein ligase RNF216,Phosphorylation at Ser-719 enhances acceptor ubiquitin binding and chain-type specificity towards 'Lys-63' di-ubiquitin but not di-ubiquitin with other linkage types,0
6256,P43405,Tyrosine-protein kinase SYK,"Autophosphorylated. Phosphorylated on tyrosine residues by LYN following receptors engagement. Phosphorylation on Tyr-323 creates a binding site for CBL, an adapter protein that serves as a negative regulator of BCR-stimulated calcium ion signaling. Phosphorylation at Tyr-348 creates a binding site for VAV1. Phosphorylation on Tyr-348 and Tyr-352 enhances the phosphorylation and activation of phospholipase C-gamma and the early phase of calcium ion mobilization via a phosphoinositide 3-kinase-independent pathway (By similarity). Phosphorylated on tyrosine residues in response to IL15 (PubMed:15123770). Phosphorylation on Ser-297 is very common, it peaks 5 minutes after BCR stimulation, and creates a binding site for YWHAG. Phosphorylation at Tyr-630 creates a binding site for BLNK. Dephosphorylated by PTPN6",0
6259,A6NNZ2,Tubulin beta 8B,"Phosphorylated on Ser-172 by CDK1 during the cell cycle, from metaphase to telophase, but not in interphase. This phosphorylation inhibits tubulin incorporation into microtubules",0
6267,Q9P0V3,SH3 domain-binding protein 4,Phosphorylated upon EGF stimulation. Phosphorylation prevents interaction with DNM2,0
6268,Q9Y6I3,Epsin-1,"Phosphorylated on serine and/or threonine residues in mitotic cells. Phosphorylation reduces interaction with REPS2, AP-2 and the membrane fraction. Depolarization of synaptosomes results in dephosphorylation",0
6281,P0DP25,Calmodulin-3,Phosphorylation results in a decreased activity,0
6285,P63000,Ras-related C3 botulinum toxin substrate 1,Phosphorylated by AKT at Ser-71,0
6304,P61586,Transforming protein RhoA,Phosphorylation by PRKG1 at Ser-188 inactivates RHOA signaling (PubMed:11162591). Phosphorylation by SLK at Ser-188 in response to AGTR2 activation (By similarity),0
6311,Q76N32,Centrosomal protein of 68 kDa,Phosphorylation by PLK1 is required for binding to BTRC in prometaphase (PubMed:25503564). Phosphorylated directly or indirectly by NEK2 (PubMed:24554434). NEK2-mediated phosphorylation promotes CEP68 dissociation from the centrosome and its degradation at the onset of mitosis (PubMed:25704143),1
6320,Q8ND04,Nonsense-mediated mRNA decay factor SMG8,Phosphorylated by SMG1,1
6326,P13010,X-ray repair cross-complementing protein 5,Phosphorylated on serine residues. Phosphorylation by PRKDC may enhance helicase activity,0
6329,P23443,Ribosomal protein S6 kinase beta-1,"Phosphorylation at Thr-412 is regulated by mTORC1. The phosphorylation at this site is maintained by an agonist-dependent autophosphorylation mechanism (PubMed:18925875, PubMed:19085255, PubMed:22017876, PubMed:23429703, PubMed:29236692). Activated by phosphorylation at Thr-252 by PDPK1 (PubMed:19864428, PubMed:9445476). Dephosphorylation by PPP1CC at Thr-412 in mitochondrion (PubMed:17936702)",1
6331,Q00653,Nuclear factor NF-kappa-B p100 subunit,"Subsequent to MAP3K14-dependent serine phosphorylation, p100 polyubiquitination occurs then triggering its proteasome-dependent processing",0
6334,Q5T481,RNA-binding protein 20,"Phosphorylation regulates the subcellular localization (PubMed:35427468). Phosphorylation of Ser-635 and Ser-637 in the RS (arginine/serine-rich) region promotes nuclear localization of the protein (PubMed:35427468). In contrast, phosphorylation of the C-terminal disordered region promotes localization to cytoplasmic ribonucleoprotein granules (PubMed:35427468)",0
6341,O75131,Copine-3,Phosphorylated on serine and threonine residues (PubMed:11041869),0
6346,P16401,Histone H1.5,"H1 histones are progressively phosphorylated during the cell cycle, becoming maximally phosphorylated during late G2 phase and M phase, and being dephosphorylated sharply thereafter (By similarity). Phosphorylated at Thr-11 by GSK3B during mitosis in prometaphase and dephosphorylated in telophase",1
6351,Q5XUX0,F-box only protein 31,Phosphorylation at Ser-278 by ATM following gamma-irradiation results in its stabilization,1
6358,Q9NY74,Ewing's tumor-associated antigen 1,Phosphorylated by ATR,0
6363,P36896,Activin receptor type-1B,Autophosphorylated. Phosphorylated by activin receptor type-2 (ACVR2A or ACVR2B) in response to activin-binding at serine and threonine residues in the GS domain. Phosphorylation of ACVR1B by activin receptor type-2 regulates association with SMAD7,1
6372,Q14694,Ubiquitin carboxyl-terminal hydrolase 10,"Phosphorylated by ATM following DNA damage, leading to stabilization and translocation it to the nucleus",0
6377,Q96KG7,Multiple epidermal growth factor-like domains protein 10,Phosphorylated on tyrosine residues. Phosphorylation at Tyr-1030 may be important for muscle cell proliferation,0
6379,Q9BUR4,Telomerase Cajal body protein 1,"Phosphorylated at Ser-64 by ATM in response to DNA damage, promoting its interaction with histone H2AX and localization to sites of DNA double-strand breaks",1
6382,Q9NYA4,"Phosphatidylinositol-3,5-bisphosphate 3-phosphatase MTMR4",Phosphorylated by CDK1 during mitosis,1
6384,P06400,Retinoblastoma-associated protein,"Phosphorylated by CDK6 and CDK4, and subsequently by CDK2 at Ser-567 in G1, thereby releasing E2F1 which is then able to activate cell growth. Dephosphorylated at the late M phase. SV40 large T antigen, HPV E7 and adenovirus E1A bind to the underphosphorylated, active form of pRb. Phosphorylation at Thr-821 and Thr-826 promotes interaction between the C-terminal domain C and the Pocket domain, and thereby inhibits interactions with heterodimeric E2F/DP transcription factor complexes. Dephosphorylated at Ser-795 by calcineruin upon calcium stimulation. CDK3/cyclin-C-mediated phosphorylation at Ser-807 and Ser-811 is required for G0-G1 transition. Phosphorylated by CDK1 and CDK2 upon TGFB1-mediated apoptosis",0
6385,P06400,Retinoblastoma-associated protein,"N-terminus is methylated by METTL11A/NTM1 (By similarity). Monomethylation at Lys-810 by SMYD2 enhances phosphorylation at Ser-807 and Ser-811, and promotes cell cycle progression. Monomethylation at Lys-860 by SMYD2 promotes interaction with L3MBTL1",0
6388,P63172,Dynein light chain Tctex-type 1,Phosphorylated by BMPR2; the phosphorylation is abolished by BMPR2 mutations in exon 12 which lead to truncated forms of BMPR2 and which are linked to primary pulmonary hypertension (PPH1) [MIM:178600]. The phosphorylation status is proposed to regulate the association with the cytoplasmic dynein complex and may have role in cytoplasmic dynein cargo release (By similarity),1
6389,Q13309,S-phase kinase-associated protein 2,"Phosphorylated on serine and threonine resudues in response to DNA damage, promoting 'Lys-63'-linked ubiquitination of NBN",0
6392,Q14739,Delta(14)-sterol reductase LBR,"Phosphorylated by CDK1 in mitosis when the inner nuclear membrane breaks down into vesicles that dissociate from the lamina and the chromatin. It is phosphorylated by different protein kinases in interphase when the membrane is associated with these structures. Phosphorylation of LBR and HP1 proteins may be responsible for some of the alterations in chromatin organization and nuclear structure which occur at various times during the cell cycle. Phosphorylated by SRPK1. In late anaphase LBR is dephosphorylated, probably by PP1 and/or PP2A, allowing reassociation with chromatin",1
6394,Q8IYD8,Fanconi anemia group M protein,Phosphorylated; hyperphosphorylated in response to genotoxic stress,0
6401,O95477,Phospholipid-transporting ATPase ABCA1,Phosphorylation on Ser-2054 regulates phospholipid efflux,0
6405,Q13409,Cytoplasmic dynein 1 intermediate chain 2,The phosphorylation status of Ser-90 appears to be involved in dynactin-dependent target binding,0
6406,Q13409,Cytoplasmic dynein 1 intermediate chain 2,"Pyrophosphorylation by 5-diphosphoinositol pentakisphosphate (5-IP7) promotes interaction with DCTN1. Serine pyrophosphorylation is achieved by Mg(2+)-dependent, but enzyme independent transfer of a beta-phosphate from a inositol pyrophosphate to a pre-phosphorylated serine residue",0
6414,Q7Z7C7,Stimulated by retinoic acid gene 8 protein homolog,Phosphorylated,0
6437,Q9HBL0,Tensin-1,Extensively phosphorylated on serine and threonine residues in a p38 MAPK-dependent manner which reduces interaction with DLC1 and increases interaction with tyrosine-phosphorylated proteins including BCAR1/p130cas and PTK2/FAK. The majority of the phosphorylated Ser/Thr residues are immediately adjacent to a proline residue. Also phosphorylated on tyrosine residues,0
6449,Q8IZQ8,Myocardin,"Ubiquitinated; by STUB1/CHIP at the C-terminus, leading to its degradation by the proteasome (By similarity). Phosphorylation by GSK3B is required for STUB1/CHIP-mediated ubiquitination (By similarity)",0
6450,Q8IZQ8,Myocardin,Phosphorylation negatively regulates the intrinsic myocardin transcriptional activity (By similarity). Phosphorylated; by GSK3B (By similarity),0
6454,Q5NUL3,Free fatty acid receptor 4,"Phosphorylated at two clusters of Ser and Thr residues located in the intracellular C-terminus, a prerequisite for FFAR4 internalization via an ARRB2-dependent pathway",0
6455,Q8NF50,Dedicator of cytokinesis protein 8,"In response to chemokine CXCL12/SDF-1-alpha stimulation, phosphorylated by PRKCA/PKC-alpha which promotes DOCK8 dissociation from LRCH1",0
6462,P11802,Cyclin-dependent kinase 4,"Phosphorylation at Thr-172 is required for enzymatic activity. Phosphorylated, in vitro, at this site by CCNH-CDK7, but, in vivo, appears to be phosphorylated by a proline-directed kinase. In the cyclin D-CDK4-CDKN1B complex, this phosphorylation and consequent CDK4 enzyme activity, is dependent on the tyrosine phosphorylation state of CDKN1B. Thus, in proliferating cells, CDK4 within the complex is phosphorylated on Thr-172 in the T-loop. In resting cells, phosphorylation on Thr-172 is prevented by the non-tyrosine-phosphorylated form of CDKN1B",1
6463,Q9H8V3,Protein ECT2,"Phosphorylated by PLK1 in vitro. Hyperphosphorylated during the G2 phase of the cell cycle. Phosphorylation at Thr-373 occurs during the G2/M phase, relieves its auto-inhibition status and stimulates its GEF activity. Phosphorylation at Thr-444 in G2/M phase is required for subsequent binding with PLK1 and Rho exchange activation. Dephosphorylated at the time of cytokinesis. Phosphorylation at Thr-359 is required for its transformation activity in cancer cells",1
6465,Q14457,Beclin-1,"Phosphorylation at Thr-119 by DAPK1 reduces its interaction with BCL2 and BCL2L1 and promotes induction of autophagy (PubMed:19180116). In response to autophagic stimuli, phosphorylated at serine residues by AMPK in an ATG14-dependent manner, and this phosphorylation is critical for maximally efficient autophagy (PubMed:23878393, PubMed:25891078)",1
6480,Q9H6Z4,Ran-binding protein 3,Phosphorylation at Ser-126 promotes its import into the nucleus,0
6484,Q9P126,C-type lectin domain family 1 member B,Phosphorylated on tyrosine residue in response to rhodocytin binding,0
6486,P09493,Tropomyosin alpha-1 chain,Phosphorylated at Ser-283 by DAPK1 in response to oxidative stress and this phosphorylation enhances stress fiber formation in endothelial cells,1
6491,P24394,Interleukin-4 receptor subunit alpha,"On IL4 binding, phosphorylated on C-terminal tyrosine residues. Phosphorylation on any one of tyrosine residues, Tyr-575, Tyr-603 or Tyr-631, is required for STAT6-induced gene induction",0
6493,P53539,Protein FosB,Phosphorylated,0
6494,P53539,Protein FosB,Phosphorylated at Ser-27 by CSNK2A1; phosphorylation increases protein stability and transactivation potential,0
6495,Q15078,Cyclin-dependent kinase 5 activator 1,"The p35 form is proteolytically cleaved by calpain, giving rise to the p25 form. P35 has a 5 to 10 fold shorter half-life compared to p25. The conversion results in deregulation of the CDK5 kinase: p25/CDK5 kinase displays an increased and altered tau phosphorylation in comparison to the p35/CDK5 kinase in vivo (By similarity)",0
6497,Q15078,Cyclin-dependent kinase 5 activator 1,"Ubiquitinated, leading to its degradation: degradation of p35 by proteasome results in down-regulation of CDK5 activity (PubMed:12393264). During this process, CDK5 phosphorylates p35 and induces its ubiquitination and subsequent degradation (PubMed:12393264). Ubiquitinated by the CRL2(FEM1B) complex, which recognizes the -Gly-Leu-Asp-Arg C-degron at the C-terminus, leading to its degradation (PubMed:33398168, PubMed:33398170)",0
6498,Q15078,Cyclin-dependent kinase 5 activator 1,Phosphorylation at Ser-8 and Thr-138 by CDK5 prevents calpain-mediated proteolysis,0
6500,P0DI83,"Ras-related protein Rab-34, isoform NARR",Phosphorylated during M-phase,0
6508,Q9UM73,ALK tyrosine kinase receptor,"Phosphorylated at tyrosine residues by autocatalysis, which activates kinase activity (PubMed:11121404, PubMed:15938644, PubMed:16878150, PubMed:34819673). In cells not stimulated by a ligand, receptor protein tyrosine phosphatase beta and zeta complex (PTPRB/PTPRZ1) dephosphorylates ALK at the sites in ALK that are undergoing autophosphorylation through autoactivation (PubMed:17681947). Phosphorylation at Tyr-1507 is critical for SHC1 association (PubMed:17274988)",1
6519,Q8WUM4,Programmed cell death 6-interacting protein,May be phosphorylated on tyrosine residues by activated PDGFRB,0
6523,P05412,Transcription factor Jun,"Ubiquitinated by the SCF(FBXW7), leading to its degradation (PubMed:14739463, PubMed:27458189). Ubiquitination takes place following phosphorylation, that promotes interaction with FBXW7 (PubMed:14739463)",0
6524,P05412,Transcription factor Jun,"Phosphorylated by CaMK4 and PRKDC; phosphorylation enhances the transcriptional activity. Phosphorylated by HIPK3. Phosphorylated by DYRK2 at Ser-243; this primes the protein for subsequent phosphorylation by GSK3B at Thr-239. Phosphorylated at Thr-239, Ser-243 and Ser-249 by GSK3B; phosphorylation reduces its ability to bind DNA. Phosphorylated by PAK2 at Thr-2, Thr-8, Thr-89, Thr-93 and Thr-286 thereby promoting JUN-mediated cell proliferation and transformation. Phosphorylated by PLK3 following hypoxia or UV irradiation, leading to increase DNA-binding activity. Phosphorylated by VRK1 (PubMed:31527692)",0
6527,P52701,DNA mismatch repair protein Msh6,"Phosphorylated by PRKCZ, which may prevent MutS alpha degradation by the ubiquitin-proteasome pathway",0
6528,P17405,Sphingomyelin phosphodiesterase,"Proteolytically processed (PubMed:21098024, PubMed:9030779). Mature lysosomal form arises from C-terminal proteolytic processing of pro-sphingomyelin phosphodiesterase (PubMed:21098024)",0
6531,P17405,Sphingomyelin phosphodiesterase,Phosphorylated at Ser-510 by PRKCD upon stress stimuli. Phosphorylation is required for secretion,0
6536,Q01804,OTU domain-containing protein 4,Phosphorylated on Ser-202 and Ser-204 likely by CSNK2A1-CSNK2A2 serine/threonine-protein kinase complex. Activates 'Lys-63'-specific deubiquitinase activity,1
6537,Q13094,Lymphocyte cytosolic protein 2,"Phosphorylated after T-cell receptor activation by ZAP70, ITK and TXK, which leads to the up-regulation of Th1 preferred cytokine IL-2. SYK-dependent phosphorylation is required for recruitment of PI3K signaling components",1
6538,Q13415,Origin recognition complex subunit 1,Phosphorylated during mitosis,0
6541,Q16254,Transcription factor E2F4,Differentially phosphorylated in vivo,0
6545,Q00987,E3 ubiquitin-protein ligase Mdm2,Phosphorylation on Ser-166 by SGK1 activates ubiquitination of p53/TP53. Phosphorylated at multiple sites near the RING domain by ATM upon DNA damage; this prevents oligomerization and E3 ligase processivity and impedes constitutive p53/TP53 degradation,0
6547,Q9Y4P1,Cysteine protease ATG4B,"Phosphorylation at Ser-383 and Ser-392 promotes autophagy by increasing protein delipidation activity without affecting proteolytic activation of ATG8 proteins (PubMed:26378241). Phosphorylation at Ser-316 by ULK1 inhibits autophagy by decreasing both proteolytic activation and delipidation activities (PubMed:28821708). Phosphorylation at Ser-316 is dephosphorylated by protein phosphatase 2A (PP2A) (PubMed:28821708). Phosphorylation at Ser-34 by AKT2 promotes its hydrolase activity, leading to increased proteolytic activation and delipidation of ATG8 family proteins (PubMed:30443548). Phosphorylation at Ser-34 by AKT1 promotes mitochondrial localization and inhibition of the F1F0-ATP synthase activity, leading to elevation of mitochondrial reactive oxygen species (ROS) (PubMed:29165041)",1
6554,Q68DA7,Formin-1,Phosphorylated on serine and possibly threonine residues,0
6562,P10721,Mast/stem cell growth factor receptor Kit,"Ubiquitinated by SOCS6. KIT is rapidly ubiquitinated after autophosphorylation induced by KITLG/SCF binding, leading to internalization and degradation",0
6563,P10721,Mast/stem cell growth factor receptor Kit,"Autophosphorylated on tyrosine residues. KITLG/SCF binding enhances autophosphorylation. Isoform 1 shows low levels of tyrosine phosphorylation in the absence of added KITLG/SCF (in vitro). Kinase activity is down-regulated by phosphorylation on serine residues by protein kinase C family members. Phosphorylation at Tyr-568 is required for interaction with PTPN11/SHP-2, CRK (isoform Crk-II) and members of the SRC tyrosine-protein kinase family. Phosphorylation at Tyr-570 is required for interaction with PTPN6/SHP-1. Phosphorylation at Tyr-703, Tyr-823 and Tyr-936 is important for interaction with GRB2. Phosphorylation at Tyr-721 is important for interaction with PIK3R1. Phosphorylation at Tyr-823 and Tyr-936 is important for interaction with GRB7",0
6565,P51451,Tyrosine-protein kinase Blk,Phosphorylated on tyrosine residues after antibody-mediated surface engagement of the B-cell antigen receptor (BCR),0
6568,Q9Y5K6,CD2-associated protein,"Phosphorylated on tyrosine residues; probably by c-Abl, Fyn and c-Src",1
6574,P24864,G1/S-specific cyclin-E1,"Phosphorylation of both Thr-395 by GSK3 and Ser-399 by CDK2 creates a high affinity degron recognized by FBXW7, and accelerates degradation via the ubiquitin proteasome pathway. Phosphorylation at Thr-77 creates a low affinity degron also recognized by FBXW7",1
6575,P24864,G1/S-specific cyclin-E1,Ubiquitinated by UHRF2; appears to occur independently of phosphorylation,0
6577,P35236,Tyrosine-protein phosphatase non-receptor type 7,Phosphorylated on serine residues in resting T-cells. Phosphorylation increases upon exposure to stimuli that increase intracellular cAMP levels. Phosphorylation leads to dissociation of bound MAP kinases,0
6587,P50613,Cyclin-dependent kinase 7,Phosphorylation of Ser-164 during mitosis inactivates the enzyme. Phosphorylation of Thr-170 is required for activity. Phosphorylated at Ser-164 and Thr-170 by CDK2,1
6590,P03372,Estrogen receptor,Phosphorylated by cyclin A/CDK2 and CK1. Phosphorylation probably enhances transcriptional activity. Self-association induces phosphorylation. Dephosphorylation at Ser-118 by PPP5C inhibits its transactivation activity. Phosphorylated by LMTK3 in vitro,1
6596,P22681,E3 ubiquitin-protein ligase CBL,"Phosphorylated on tyrosine residues by ALK, EGFR, SYK, FYN and ZAP70 (By similarity). Phosphorylated on tyrosine residues in response to FLT1 and KIT signaling. Phosphorylated on tyrosine residues by INSR and FGR. Phosphorylated on several tyrosine residues by constitutively activated FGFR3. Not phosphorylated at Tyr-731 by FGFR3. Phosphorylated on tyrosine residues by activated CSF1R, PDGFRA and PDGFRB. Phosphorylated on tyrosine residues by HCK",1
6602,Q99541,Perilipin-2,Phosphorylation at Tyr-232 by isoform 1 of CHKA (CHKalpha2) promotes dissociation from lipid droplets: dissociation is followed by recruitment of autophagosome machinery to lipid droplets and subsequent lipid droplet lipolysis,0
6605,O43306,Adenylate cyclase type 6,"Phosphorylation by RAF1 increases enzyme activity. Phosphorylation by PKA at Ser-662 inhibits the GNAS-mediated increase in catalytic activity. Phosphorylation by PKC at Ser-556, Ser-662 and Thr-919 inhibits catalytic activity",1
6610,P35998,26S proteasome regulatory subunit 7,Phosphorylated (PubMed:28539385). Dephosphorylated by UBLCP1 which impairs PSMC2 ATPase activity and disrupts 26S proteasome assembly (PubMed:28539385),0
6616,Q9UQD0,Sodium channel protein type 8 subunit alpha,Phosphorylation at Ser-1497 by PKC in a highly conserved cytoplasmic loop slows inactivation of the sodium channel and reduces peak sodium currents,0
6620,Q99504,Protein phosphatase EYA3,Ser-266 phosphorylation is required for localization at sites of DNA damage and directing interaction with H2AX,0
6624,O43663,Protein regulator of cytokinesis 1,"Phosphorylation by CDK1 in early mitosis holds PRC1 in an inactive monomeric state, during the metaphase to anaphase transition, PRC1 is dephosphorylated, promoting interaction with KIF4A, which then translocates PRC1 along mitotic spindles to the plus ends of antiparallel interdigitating microtubules. Dephosphorylation also promotes MT-bundling activity by allowing dimerization. Phosphorylation by CDK1 prevents PLK1-binding: upon degradation of CDK1 at anaphase and dephosphorylation, it is then phosphorylated by PLK1, leading to cytokinesis",0
6631,Q6NZY4,Zinc finger CCHC domain-containing protein 8,"Phosphorylation at Thr-492 by GSK3 is triggered in cells entering mitosis; this phosphorylation is greatly enhanced by nocodazole treatment, but reduced by lithium",1
6638,P02647,Apolipoprotein A-I,Phosphorylation sites are present in the extracellular medium,0
6639,P35568,Insulin receptor substrate 1,"Serine phosphorylation of IRS1 is a mechanism for insulin resistance. Ser-307, Ser-312, Ser-315, and Ser-323 phosphorylations inhibit insulin action through disruption of IRS1 interaction with the insulin receptor INSR (PubMed:38625937). Phosphorylation of Tyr-896 is required for GRB2-binding (By similarity). Phosphorylated by ALK. Phosphorylated at Ser-270, Ser-307, Ser-636 and Ser-1101 by RPS6KB1; phosphorylation induces accelerated degradation of IRS1 (PubMed:18952604). Phosphorylated on tyrosine residues in response to insulin (PubMed:23401856). In skeletal muscles, dephosphorylated on Tyr-612 by TNS2 under anabolic conditions; dephosphorylation results in the proteasomal degradation of IRS1 (PubMed:23401856)",1
6640,P35568,Insulin receptor substrate 1,"Ubiquitinated by the Cul7-RING(FBXW8) complex in a mTOR-dependent manner, leading to its degradation: the Cul7-RING(FBXW8) complex recognizes and binds IRS1 previously phosphorylated by S6 kinase (RPS6KB1 or RPS6KB2) (PubMed:18498745). Ubiquitinated by TRAF4 through 'Lys-29' linkage; this ubiquitination regulates the interaction of IRS1 with IGFR and IRS1 tyrosine phosphorylation upon IGF1 stimulation (PubMed:33991522)",0
6645,P10451,Osteopontin,"Extensively phosphorylated by FAM20C in the extracellular medium at multiple sites within the S-x-E/pS motif (PubMed:15869464, PubMed:22582013, PubMed:26091039). The phosphorylated form inhibits hydroxyapatite crystallization. Dephosphorylation via a mechanism involving ALPL/TNAP promotes hydroxyapatite crystallization (By similarity)",0
6653,Q9Y237,Peptidyl-prolyl cis-trans isomerase NIMA-interacting 4,"Phosphorylated. Isoform 1 phosphorylation occurs both in the nucleus and the cytoplasm. Isoform 1 phosphorylation at Ser-19 does not affect its PPIase activity but is required for nuclear localization, and the dephosphorylation is a prerequisite for the binding to DNA. The unphosphorylated isoform 1 associates with the pre-rRNP complexes in the nucleus",0
6657,P63279,SUMO-conjugating enzyme UBC9,Phosphorylation at Ser-71 significantly enhances SUMOylation activity,0
6658,Q13363,C-terminal-binding protein 1,The level of phosphorylation appears to be regulated during the cell cycle. Phosphorylation by HIPK2 on Ser-422 induces proteasomal degradation,1
6661,O43541,Mothers against decapentaplegic homolog 6,Phosphorylated by BMP type 1 receptor kinase and by PRKX,1
6664,O94759,Transient receptor potential cation channel subfamily M member 2,Phosphorylation of TRPM2 at Thr-740 by protein kinase C (PKC) counteracts the effect of cytosolic Ca(2+) and elevates the temperature threshold,1
6666,P67775,Serine/threonine-protein phosphatase 2A catalytic subunit alpha isoform,Phosphorylation of either threonine (by autophosphorylation-activated protein kinase) or tyrosine results in inactivation of the phosphatase. Auto-dephosphorylation has been suggested as a mechanism for reactivation,0
6677,Q8ND76,Cyclin-Y,"Heavily phosphorylated. Phosphorylation at Ser-71 and Ser-73 by CDK14 is enhanced during the G2 and M cell cycle phases, and creates a phosphodegron triggering SCF-dependent ubiquitination",0
6682,P39880,Homeobox protein cut-like 1,Phosphorylated by PKA,1
6687,Q99665,Interleukin-12 receptor subunit beta-2,"On IL12 binding, phosphorylated on C-terminal tyrosine residues by JAK2. Phosphorylation on Tyr-800 is required for STAT4 binding and activation, and for SOCS3 binding",1
6689,Q9H422,Homeodomain-interacting protein kinase 3,"Autophosphorylated, but autophosphorylation is not required for catalytic activity",1
6697,P21730,C5a anaphylatoxin chemotactic receptor 1,"Phosphorylated on serine residues in response to C5a binding, resulting in internalization of the receptor and short-term desensitization to the ligand. The key residues involved in this process are Ser-334 and Ser-338",0
6700,Q969V6,Myocardin-related transcription factor A,"Phosphorylation at Ser-6 by Erk inhibits binding of globular actin (G-actin), unmasking the nuclear localization signal (NLS) and promoting nuclear import",1
6702,O60885,Bromodomain-containing protein 4,"Phosphorylation by CK2 disrupt the intramolecular binding between the bromo domain 2 and the NPS region and promotes binding between the NPS and the BID regions, leading to activate the protein and promote binding to acetylated histones. In absence of phosphorylation, BRD4 does not localize to p53/TP53 target gene promoters, phosphorylation promoting recruitment to p53/TP53 target promoters",1
6703,O43257,Zinc finger HIT domain-containing protein 1,"Phosphorylated on Thr by MAPK11 or MAPK14 (PubMed:17380123). Phosphorylation is required for MYOG induction, for deposition of histone H2AZ1 at the MYOG promoter and for SRCAP complex integrity (PubMed:20473270)",1
6704,P11474,Steroid hormone receptor ERR1,Phosphorylation on Ser-19 enhances sumoylation on Lys-14 increasing repression of transcriptional activity,0
6705,P11474,Steroid hormone receptor ERR1,"Sumoylated with SUMO2. Main site is Lys-14 which is enhanced by phosphorylation on Ser-19, cofactor activation, and by interaction with PIAS4. Sumoylation enhances repression of transcriptional activity, but has no effect on subcellular location nor on DNA binding",0
6715,Q99814,Endothelial PAS domain-containing protein 1,Phosphorylated on multiple sites in the CTAD,0
6719,P12830,Cadherin-1,"Ubiquitinated by a SCF complex containing SKP2, which requires prior phosphorylation by CK1/CSNK1A1. Ubiquitinated by CBLL1/HAKAI, requires prior phosphorylation at Tyr-754",0
6722,P62136,Serine/threonine-protein phosphatase PP1-alpha catalytic subunit,Phosphorylated. Dephosphorylated at Thr-320 in the presence of ionizing radiation,0
6728,P49757,Protein numb homolog,Phosphorylated on Ser-276 and Ser-295 by CaMK1,1
6735,O95278,Laforin,"Phosphorylation on Ser-25 by AMPK affects the phosphatase activity of the enzyme and its ability to homodimerize and interact with NHLRC1, PPP1R3C or PRKAA2",0
6740,P43403,Tyrosine-protein kinase ZAP-70,"Phosphorylated on tyrosine residues upon T-cell antigen receptor (TCR) stimulation. Phosphorylation of Tyr-315 and Tyr-319 are essential for ZAP70 positive function on T-lymphocyte activation whereas Tyr-292 has a negative regulatory role. Within the C-terminal kinase domain, Tyr-492 and Tyr-493 are phosphorylated after TCR induction, Tyr-492 playing a negative regulatory role and Tyr-493 a positive. Tyr-493 is dephosphorylated by PTN22",0
6744,P05114,Non-histone chromosomal protein HMG-14,Phosphorylation on Ser-21 and Ser-25 weakens binding to nucleosomes and increases the rate of H3 phosphorylation (By similarity). Phosphorylation favors cytoplasmic localization,0
6758,Q96FW1,Ubiquitin thioesterase OTUB1,Phosphorylation at Tyr-26 by SRC and SRMS promotes deubiquitination of RPTOR via a non-catalytic process,0
6760,P33897,ATP-binding cassette sub-family D member 1,Tyrosine-phosphorylated,0
6762,Q6PIZ9,T-cell receptor-associated transmembrane adapter 1,Phosphorylated on tyrosines by LCK or FYN upon TCR activation,1
6770,O95747,Serine/threonine-protein kinase OSR1,"Phosphorylation at Thr-185 by WNK kinases (WNK1, WNK2, WNK3 or WNK4) is required for activation (PubMed:16669787, PubMed:16832045, PubMed:17190791, PubMed:21321328, PubMed:22989884, PubMed:29581290). Autophosphorylated; promoting its activity (PubMed:14707132, PubMed:22052202)",1
6771,P18887,DNA repair protein XRCC1,Phosphorylation of Ser-371 causes dimer dissociation. Phosphorylation by CK2 promotes interaction with APTX and APLF,0
6776,Q9UIK4,Death-associated protein kinase 2,Autophosphorylation at Ser-318 inhibits its catalytic activity. Dephosphorylated at Ser-318 in response to activated Fas and TNF-alpha receptors,0
6778,P17948,Vascular endothelial growth factor receptor 1,"Ubiquitinated after VEGFA-mediated autophosphorylation, leading to proteolytic degradation",0
6779,P17948,Vascular endothelial growth factor receptor 1,"Autophosphorylated on tyrosine residues upon ligand binding. Autophosphorylation occurs in trans, i.e. one subunit of the dimeric receptor phosphorylates tyrosine residues on the other subunit. Phosphorylation at Tyr-1169 is important for interaction with PLCG. Phosphorylation at Tyr-1213 is important for interaction with PIK3R1, PTPN11, GRB2, and PLCG. Phosphorylation at Tyr-1333 is important for endocytosis and for interaction with CBL, NCK1 and CRK. Is probably dephosphorylated by PTPRB",0
6780,P62873,Guanine nucleotide-binding protein G(I)/G(S)/G(T) subunit beta-1,Phosphorylation at His-266 by NDKB contributes to G protein activation by increasing the high energetic phosphate transfer onto GDP,1
6790,P31152,Mitogen-activated protein kinase 4,"Phosphorylated at Ser-186 by PAK1, PAK2 and PAK3 resulting in catalytic activation. Phosphorylated by MAPKAPK5 at other sites",1
6802,O75197,Low-density lipoprotein receptor-related protein 5,Phosphorylation of cytoplasmic PPPSP motifs regulates the signal transduction of the Wnt signaling pathway through acting as a docking site for AXIN1,0
6807,Q15306,Interferon regulatory factor 4,Phosphorylation by ROCK2 regulates IL-17 and IL-21 production,1
6811,Q92913,Fibroblast growth factor 13,May be phosphorylated,0
6817,P20336,Ras-related protein Rab-3A,"Phosphorylation of Thr-86 in the switch II region by LRRK2 prevents the association of RAB regulatory proteins, including CHM, CHML and RAB GDP dissociation inhibitors GDI1 and GDI2",1
6818,P23025,DNA repair protein complementing XP-A cells,ATR-dependent phosphorylation of XPA at Ser-196 is important for cell survival in response to UV damage,0
6821,Q14344,Guanine nucleotide-binding protein subunit alpha-13,"Phosphorylation on Thr-203 by PKA destabilizes the heterotrimer of alpha, beta and gamma, and inhibits Rho activation",0
6827,O14745,Na(+)/H(+) exchange regulatory cofactor NHE-RF1,Phosphorylated on serine residues,0
6830,P04035,3-hydroxy-3-methylglutaryl-coenzyme A reductase,Phosphorylated. Phosphorylation at Ser-872 reduces the catalytic activity,0
6834,P48764,Sodium/hydrogen exchanger 3,"Phosphorylated by PKA, which inhibits activity. Phosphorylation at Ser-663 by SGK1 is associated with increased abundance at the cell membrane. Phosphorylation at Ser-718 by CSNK2A1 regulates SLC9A3 activity through the formation of multiple signaling complexes (By similarity)",1
6835,P52945,Pancreas/duodenum homeobox protein 1,Phosphorylated by the SAPK2 pathway at high intracellular glucose concentration. Phosphorylated by HIPK2 on Ser-268 upon glucose accumulation. This phosphorylation mediates subnuclear localization shifting. Phosphorylation by PASK may lead to translocation into the cytosol (By similarity),1
6838,Q14103,Heterogeneous nuclear ribonucleoprotein D0,"Methylated by PRMT1, in an insulin-dependent manner. The PRMT1-mediated methylation regulates tyrosine phosphorylation (By similarity)",0
6846,Q8N1K5,Protein THEMIS,Phosphorylated on Tyr residues quickly after TCR stimulation,0
6859,Q9BTT0,Acidic leucine-rich nuclear phosphoprotein 32 family member E,Phosphorylated. The phosphorylation is nuclear localization signal (NLS)-dependent (By similarity),0
6865,Q15003,Condensin complex subunit 2,"Phosphorylated by CDK1. Its phosphorylation, as well as that of NCAPD2 and NCAPG subunits, activates the condensin complex and is required for chromosome condensation (By similarity)",0
6867,Q15762,CD226 antigen,PKC-mediated phosphorylation at Ser-329 is required for lipid raft recruitment (PubMed:15684041). Phosphorylation of Tyr-322 requires association with lipid rafts and allows GRB2 binding and activation of subsequent signaling (By similarity),1
6883,Q92819,Hyaluronan synthase 2,Phosphorylation at Thr-328 is essential for hyaluronan synthase activity (PubMed:32993960). Phosphorylation at Thr-110 is required for transport from ER to Golgi (PubMed:30394292),0
6887,Q9Y5P4,Ceramide transfer protein,"Phosphorylation on Ser-132 decreases the affinity toward phosphatidylinositol 4-phosphate at Golgi membranes and reduces ceramide transfer activity. Inactivated by hyperphosphorylation of serine residues by CSNK1G2/CK1 that triggers dissociation from the Golgi complex, thus down-regulating ER-to-Golgi transport of ceramide and sphingomyelin synthesis",1
6889,Q86X55,Histone-arginine methyltransferase CARM1,"Phosphorylation at Ser-216 is strongly increased during mitosis, and decreases rapidly to a very low, basal level after entry into the G1 phase of the cell cycle (PubMed:19843527). Phosphorylation at Ser-216 may promote location in the cytosol. Phosphorylation at Ser-216 interferes with S-adenosyl-L-methionine binding and strongly reduces methyltransferase activity (By similarity)",0
6893,Q08289,Voltage-dependent L-type calcium channel subunit beta-2,Regulated through phosphorylation at Thr-554 by CaMK2D,0
6897,Q01196,Runt-related transcription factor 1,Phosphorylated in its C-terminus upon IL-6 treatment. Phosphorylation enhances interaction with KAT6A,0
6899,Q01196,Runt-related transcription factor 1,Phosphorylated in Ser-249 Thr-273 and Ser-276 by HIPK2 when associated with CBFB and DNA. This phosphorylation promotes subsequent EP300 phosphorylation,0
6904,P56817,Beta-secretase 1,Phosphorylation at Ser-498 is required for interaction with GGA1 and retrograded transport from endosomal compartments to the trans-Golgi network. Non-phosphorylated BACE1 enters a direct recycling route to the cell surface,0
6925,P08631,Tyrosine-protein kinase HCK,"Phosphorylated on several tyrosine residues. Autophosphorylated. Becomes rapidly phosphorylated upon activation of the immunoglobulin receptors FCGR1A and FCGR2A. Phosphorylation by the BCR-ABL fusion protein mediates activation of HCK. Phosphorylation at Tyr-411 increases kinase activity. Phosphorylation at Tyr-522 inhibits kinase activity. Kinase activity is not required for phosphorylation at Tyr-522, suggesting that this site is a target of other kinases",1
6930,O95202,Mitochondrial proton/calcium exchanger protein,"PINK1-mediated phosphorylation at Thr-192, positively regulates its mitochondrial calcium transport activity",0
6933,Q9Y2T1,Axin-2,Probably phosphorylated by GSK3B and dephosphorylated by PP2A,1
6951,P14618,Pyruvate kinase PKM,"Acetylated at Lys-433 by EP300, leading to impair phosphoenolpyruvate substrate-binding and promote its homodimerization and subsequent translocation to the nucleus (PubMed:24120661). Deacetylation at Lys-433 by SIRT6 promotes its nuclear export into the cytoplasm, leading to suppress its nuclear localization and oncogenic function (PubMed:26787900)",0
6953,P14618,Pyruvate kinase PKM,FGFR1-dependent tyrosine phosphorylation is reduced by interaction with TRIM35,0
6957,P07951,Tropomyosin beta chain,Phosphorylated on Ser-61 by PIK3CG. Phosphorylation on Ser-61 is required for ADRB2 internalization (By similarity),1
6959,Q86UR5,Regulating synaptic membrane exocytosis protein 1,Phosphorylated by BRSK1,1
6961,Q9C029,E3 ubiquitin-protein ligase TRIM7,"Phosphorylated at Ser-107 by RPS6KA5/MSK1, which stimulates the ubiquitin ligase activity",1
6965,Q15858,Sodium channel protein type 9 subunit alpha,Phosphorylation at Ser-1490 by PKC in a highly conserved cytoplasmic loop increases peak sodium currents,1
6970,Q8NBP7,Proprotein convertase subtilisin/kexin type 9,Phosphorylation protects the propeptide against proteolysis,0
6973,Q8WUI4,Histone deacetylase 7,"May be phosphorylated by CaMK1. Phosphorylated by the PKC kinases PKN1 and PKN2, impairing nuclear import. Phosphorylation at Ser-155 by MARK2, MARK3 and PRKD1 promotes interaction with 14-3-3 proteins and export from the nucleus. Phosphorylation at Ser-155 is a prerequisite for phosphorylation at Ser-181",1
6974,Q9UQB8,BAR/IMD domain-containing adapter protein 2,Phosphorylated on tyrosine residues by INSR in response to insulin treatment,0
6976,Q96QF0,Rab-3A-interacting protein,Phosphorylated by AKT1; the phosphorylation alters its GEF activity,1
6977,P08253,72 kDa type IV collagenase,Phosphorylation on multiple sites modulates enzymatic activity. Phosphorylated by PKC in vitro,1
7002,Q9BPX3,Condensin complex subunit 3,"Phosphorylated by CDK1. Its phosphorylation, as well as that of NCAPD2 and NCAPH subunits, activates the condensin complex and is required for chromosome condensation (By similarity)",1
7005,Q9HBH7,Protein BEX1,Phosphorylated. Phosphorylation of Ser-102 protects it from the proteasome,0
7016,O15554,Intermediate conductance calcium-activated potassium channel protein 4,"Phosphorylation at His-358 by NDKB activates the intermediate conductance calcium-activated potassium channel activity, and conversely it's dephosphorylation by PHPT1 inhibits this activity",0
7017,O43823,A-kinase anchor protein 8,Phosphorylated on tyrosine residues probably by SRC subfamily protein kinases; multiple phosphorylation is leading to dissociation from nuclear structures implicated in chromatin structural changes,1
7020,P21127,Cyclin-dependent kinase 11B,Phosphorylation at Ser-115 creates a binding site for 14-3-3 proteins. p110C can be autophosphorylated,0
7025,Q8NB16,Mixed lineage kinase domain-like protein,Phosphorylation by RIPK3 induces a conformational switch that is required for necroptosis (PubMed:22265413). It also induces homotrimerization and localization to the plasma membrane (PubMed:22265413),1
7028,Q96Q89,Kinesin-like protein KIF20B,"Phosphorylated during mitosis by CDK1 (PubMed:11470801, PubMed:12740395)",1
7037,Q96FA3,E3 ubiquitin-protein ligase pellino homolog 1,"Phosphorylation by IRAK1 and IRAK4 enhances its E3 ligase activity (PubMed:17997719). Phosphorylated by ATM in response to DNA damage, promoting localization to DNA double-strand breaks (DSBs) and ability to mediate 'Lys-63'-linked ubiquitination of NBN (PubMed:30952868)",1
7043,O43719,17S U2 SnRNP complex component HTATSF1,Phosphorylation at Ser-748 by CK2 during S-phase in response to DNA damage promotes interaction with TOPBP1 and double-strand break (DSB) repair via homologous recombination,1
7048,P30530,Tyrosine-protein kinase receptor UFO,"Phosphorylated at tyrosine residues by autocatalysis, which activates kinase activity",1
7049,Q96J92,Serine/threonine-protein kinase WNK4,"Autophosphorylated at Ser-331 and Ser-335, promoting its activation (By similarity). Phosphorylated by WNK1 and WNK3 (By similarity). Phosphorylated at Ser-575 in a MAP3K15/ASK3-dependent process in response to osmotic stress or hypotonic low-chloride stimulation (PubMed:26732173)",1
7066,Q8WVM7,Cohesin subunit SA-1,Phosphorylated by PLK1. The large dissociation of cohesin from chromosome arms during prophase is partly due to its phosphorylation (By similarity),1
7072,P08621,U1 small nuclear ribonucleoprotein 70 kDa,Extensively phosphorylated on serine residues in the C-terminal region,0
7075,Q15366,Poly(rC)-binding protein 2,Phosphorylated. The non-phosphorylated form(s) exhibited the strongest poly(rC)-binding activity,0
7077,Q92888,Rho guanine nucleotide exchange factor 1,Phosphorylated by PKCA. Angiotensin-2 induced Tyr-738 phosphorylation is mediated by JAK2,1
7089,P40429,Large ribosomal subunit protein uL13,"Phosphorylation at Ser-77 upon interferon-gamma treatment in monocytes involves a DAPK1-DAPK3 kinase cascade and is causing release from the ribosome, association with the GAIT complex and subsequent involvement in transcript-selective translation inhibition",1
7091,P53804,E3 ubiquitin-protein ligase TTC3,Phosphorylation on Ser-378 by Akt is required for ubiquitin ligase activity,0
7097,Q8TEM1,Nuclear pore membrane glycoprotein 210,Phosphorylated at Ser-1881 in mitosis specifically; not phosphorylated in interphase,0
7104,Q15025,TNFAIP3-interacting protein 1,Phosphorylation at Tyr-552 by SRC-family kinases recruits phosphoinositide-3-kinase (PI3K) PIK3CD:p85 heterodimer which results in integrin activation and leukocyte adhesion to activated endothelium during inflammation,1
7107,P09914,Interferon-induced protein with tetratricopeptide repeats 1,Phosphorylated,0
7119,P06737,"Glycogen phosphorylase, liver form","Acetylation, which is up-regulated by glucose and insulin and down-regulated by glucagon, inhibits the glycogen phosphorylase activity by promoting PPP1R3B-mediated recruitment of phosphatase PP1 and Ser-15 dephosphorylation",0
7120,P06737,"Glycogen phosphorylase, liver form",Phosphorylation at Ser-15 converts inactive phosphorylase b into active phosphorylase a (PubMed:10949035). Dephosphorylation of Ser-15 by phosphatase PP1 inactivates the enzyme (PubMed:22225877),0
7124,Q8TEV9,Guanine nucleotide exchange protein SMCR8,Phosphorylation by TBK1 is required to promote autophagosome maturation (PubMed:27103069). Phosphorylated by ULK1 (PubMed:27103069),1
7126,Q9UPV0,Centrosomal protein of 164 kDa,"Phosphorylation at Ser-186 is induced upon DNA-damage caused by treatment with IR irradiation, UV irradiation, hydroxyurea or amphidicolin. Also MDC1-mediated chromatin remodeling is critical for DNA damage-induced phosphorylation",0
7130,P11137,Microtubule-associated protein 2,"Phosphorylated at serine residues in K-X-G-S motifs by MAP/microtubule affinity-regulating kinase (MARK1 or MARK2), causing detachment from microtubules, and their disassembly (By similarity). Isoform 2 is probably phosphorylated by PKA at Ser-323, Ser-354 and Ser-386 and by FYN at Tyr-67. The interaction with KNDC1 enhances MAP2 threonine phosphorylation (By similarity)",0
7133,P61020,Ras-related protein Rab-5B,"Phosphorylation of Ser-84 in the switch II region by LRRK2 prevents the association of RAB regulatory proteins, including CHM, CHML and RAB GDP dissociation inhibitors GDI1 and GDI2",1
7136,Q12967,Ral guanine nucleotide dissociation stimulator,Phosphorylation of Tyr-814 by MET blocks HRAS binding,1
7150,Q14919,Dr1-associated corepressor,"Phosphorylation reduces DNA binding, but has no effect on heterodimerization and TBP binding",0
7156,Q8NHG8,E3 ubiquitin-protein ligase ZNRF2,Phosphorylated; leading to binding to YWHAE (PubMed:22797923). Phosphorylated by MTOR at Ser-145 and dephosphorylated by PP6C. Ser-145 phosphorylation stimulates vesicle-to-cytosol translocation (PubMed:27244671),1
7184,Q15554,Telomeric repeat-binding factor 2,"Phosphorylated upon DNA damage, most probably by ATM. Phosphorylated TERF2 is not bound to telomeric DNA, and rapidly localizes to damage sites",0
7188,P49908,Selenoprotein P,Phosphorylation sites are present in the extracellular medium,0
7197,P15056,Serine/threonine-protein kinase B-raf,"Phosphorylation at Ser-365 by SGK1 inhibits its activity (Ref.8, PubMed:11410590). Phosphorylation at Thr-753 by MAPK1 (PubMed:19710016). Dephosphorylation of Ser-365 by the SHOC2-MRAS-PP1c (SMP) complex consisting of SHOC2, GTP-bound M-Ras/MRAS and the catalytic subunit of protein phosphatase 1 (PPP1CA, PPP1CB or PPP1CC); this relieves inactivation and stimulates kinase activity (PubMed:35768504, PubMed:35830882)",1
7203,P51679,C-C chemokine receptor type 4,"In natural killer cells, CCL22 binding induces phosphorylation on yet undefined Ser/Thr residues, most probably by beta-adrenergic receptor kinases 1 and 2",1
7206,Q13901,Nuclear nucleic acid-binding protein C1D,Phosphorylated by PRKDC,1
7237,P51858,Hepatoma-derived growth factor,Phosphorylation at Ser-165 is likely to be required for secretion,0
7245,Q96C92,Endosome-associated-trafficking regulator 1,Phosphorylated,0
7258,Q12774,Rho guanine nucleotide exchange factor 5,Activation of SRC induces tyrosine phosphorylation of ARHGEF5,0
7260,P11309,Serine/threonine-protein kinase pim-1,Autophosphorylated on both serine/threonine and tyrosine residues. Phosphorylated. Interaction with PPP2CA promotes dephosphorylation,1
7266,O75444,Transcription factor Maf,Phosphorylated by GSK3 and MAPK13 on serine and threonine residues (Probable). The phosphorylation status can serve to either stimulate or inhibit transcription,0
7271,Q13557,Calcium/calmodulin-dependent protein kinase type II subunit delta,Autophosphorylation of Thr-287 following activation by Ca(2+)/calmodulin. Phosphorylation of Thr-287 locks the kinase into an activated state,1
7279,P12956,X-ray repair cross-complementing protein 6,Phosphorylation by PRKDC may enhance helicase activity. Phosphorylation of Ser-51 does not affect DNA repair,1
7281,P11171,Protein 4.1,Phosphorylated at multiple sites by different protein kinases and each phosphorylation event selectively modulates the protein's functions,0
7282,P11171,Protein 4.1,Phosphorylation on Tyr-660 reduces the ability of 4.1 to promote the assembly of the spectrin/actin/4.1 ternary complex,0
7284,P43699,Homeobox protein Nkx-2.1,Phosphorylated on serine residues by STK3/MST2,1
7286,Q8N3U4,Cohesin subunit SA-2,Phosphorylated by PLK1. The large dissociation of cohesin from chromosome arms during prophase is partly due to its phosphorylation (By similarity),1
7293,P50570,Dynamin-2,"Phosphorylation at Ser-848 by GSK3-alpha relieves the inhibition of BIN1 and promotes endocytosis (PubMed:36445308). Phosphorylation at Ser-764 by CDK1 is greatly increased upon mitotic entry (PubMed:20496096). It regulates cytokinesis downstream of calcineurin, and does not affect clathrin-mediated endocytosis (By similarity). Dephosphorylated by calcineurin/PP2 during cytokinesis in a Ca(2+)- and calmodulin-dependent manner (PubMed:20496096). Phosphorylated on tyrosine residues by EGFR and after activation of SRC (By similarity)",1
7318,Q9UHW9,Solute carrier family 12 member 6,"Phosphorylated, phosphorylation regulates transporter activity (PubMed:19665974, PubMed:21613606, PubMed:34031912). Phosphorylated at Thr-991 and Thr-1048 by OXSR1/OSR1 and STK39/SPAK downstream of WNK kinases (WNK1, WNK2, WNK3 or WNK4), inhibiting the potassium-chloride cotransport activity (PubMed:19665974, PubMed:21613606)",1
7325,P62081,Small ribosomal subunit protein eS7,Phosphorylated by NEK6,1
7329,Q7Z2W4,Zinc finger CCCH-type antiviral protein 1,"Phosphorylation at Ser-275 is essential for sequential phosphorylation of Ser-271, Ser-267, Ser-263 and Ser-257 by GSK3-beta. Phosphorylation by GSK3-beta enhances its antiviral activity (By similarity)",1
7356,Q8IZU3,Synaptonemal complex protein 3,Phosphorylated,0
7362,Q9BZD4,Kinetochore protein Nuf2,Can be phosphorylated by AURKA and AURKB,1
7366,P53667,LIM domain kinase 1,"Autophosphorylated. Phosphorylated on Thr-508 by ROCK1 and PAK1, resulting in activation. Phosphorylated by PAK4 which increases the ability of LIMK1 to phosphorylate cofilin. Phosphorylated at Ser-323 by MAPKAPK2 during activation of VEGFA-induced signaling, which results in activation of LIMK1 and promotion of actin reorganization, cell migration, and tubule formation of endothelial cells. Dephosphorylated and inactivated by SSH1. Phosphorylated by CDC42BP",1
7370,Q96BN8,Ubiquitin thioesterase otulin,"Phosphorylated (PubMed:23746843, PubMed:24726323, PubMed:24726327). Phosphorylation at Tyr-56 prevents interaction with RNF31; dephosphorylation promotes interaction with RNF31 and the LUBAC complex (PubMed:24726323, PubMed:24726327)",0
7383,Q96RR4,Calcium/calmodulin-dependent protein kinase kinase 2,Autophosphorylated and phosphorylated by PKA. Each isoform may show a different pattern of phosphorylation,1
7384,Q9Y463,Dual specificity tyrosine-phosphorylation-regulated kinase 1B,Autophosphorylated on tyrosine residues. Phosphorylated by MAP kinase. Tyrosine phosphorylation may be required for dimerization,1
7392,P54132,RecQ-like DNA helicase BLM,"Phosphorylated in response to DNA damage. Phosphorylation requires the FANCA-FANCC-FANCE-FANCF-FANCG protein complex, as well as the presence of RMI1",0
7394,Q12948,Forkhead box protein C1,"Phosphorylated (PubMed:11782474, PubMed:19279310, PubMed:25786029). Phosphorylated on Ser-272 in response to epidermal growth factor (EGF) in a ERK1/2 MAPK-dependent signaling pathway; phosphorylation contributes to its protein stability and transcriptional activity (PubMed:16492674)",0
7398,Q13131,5'-AMP-activated protein kinase catalytic subunit alpha-1,"Phosphorylated at Thr-183 by STK11/LKB1 in complex with STE20-related adapter-alpha (STRADA) pseudo kinase and CAB39. Also phosphorylated at Thr-183 by CAMKK2; triggered by a rise in intracellular calcium ions, without detectable changes in the AMP/ATP ratio. CAMKK1 can also phosphorylate Thr-183, but at a much lower level. Dephosphorylated by protein phosphatase 2A and 2C (PP2A and PP2C). Phosphorylated by ULK1 and ULK2; leading to negatively regulate AMPK activity and suggesting the existence of a regulatory feedback loop between ULK1, ULK2 and AMPK. Dephosphorylated by PPM1A and PPM1B",0
7409,Q96P71,N-terminal EF-hand calcium-binding protein 3,Phosphorylated by NEK2,1
7416,P12931,Proto-oncogene tyrosine-protein kinase Src,"Dephosphorylated at Tyr-530 by PTPRJ (By similarity). Phosphorylated on Tyr-530 by c-Src kinase (CSK). The phosphorylated form is termed pp60c-src. Dephosphorylated by PTPRJ at Tyr-419. Normally maintained in an inactive conformation with the SH2 domain engaged with Tyr-530, the SH3 domain engaged with the SH2-kinase linker, and Tyr-419 dephosphorylated. Dephosphorylation of Tyr-530 as a result of protein tyrosine phosphatase (PTP) action disrupts the intramolecular interaction between the SH2 domain and Tyr-530, Tyr-419 can then become autophosphorylated, resulting in SRC activation. Phosphorylation of Tyr-530 by CSK allows this interaction to reform, resulting in SRC inactivation. CDK5-mediated phosphorylation at Ser-75 targets SRC to ubiquitin-dependent degradation and thus leads to cytoskeletal reorganization. Phosphorylated by PTK2/FAK1; this enhances kinase activity. Phosphorylated by PTK2B/PYK2; this enhances kinase activity. Upon activation of IL6ST by IL6, Tyr-419 is phosphorylated and Tyr-530 dephosphorylated (PubMed:25731159)",0
7417,P12931,Proto-oncogene tyrosine-protein kinase Src,Displays reduced levels of autophosphorylation at Tyr-419 compared to isoforms 2 and 3,0
7418,P12931,Proto-oncogene tyrosine-protein kinase Src,Displays enhanced levels of autophosphorylation at Tyr-419 compared to isoform 1,0
7419,P12931,Proto-oncogene tyrosine-protein kinase Src,Displays enhanced levels of autophosphorylation at Tyr-419 compared to isoform 1 (By similarity). Shows reduced phosphorylation at Tyr-527 compared to isoforms 1 and 2 (By similarity),0
7421,P12931,Proto-oncogene tyrosine-protein kinase Src,Ubiquitinated in response to CDK5-mediated phosphorylation. Ubiquitination mediated by CBLC requires SRC autophosphorylation at Tyr-419 and may lead to lysosomal degradation,0
7426,Q969T9,WW domain-binding protein 2,Phosphorylated in repsonse to EGF as well as estrogen and progesterone hormones (PubMed:21642474). Tyr-192 and Tyr-231 are phosphorylated by YES and SRC inducing nuclear translocation (PubMed:21642474),1
7427,Q96EY5,Multivesicular body subunit 12A,Phosphorylated on Tyr-204 upon EGF stimulation. Phosphorylation is required for interaction with CD2AP and CIN85/SH3KBP1,0
7440,P13987,CD59 glycoprotein,"N- and O-glycosylated. The N-glycosylation mainly consists of a family of biantennary complex-type structures with and without lactosamine extensions and outer arm fucose residues. Also significant amounts of triantennary complexes (22%). Variable sialylation also present in the Asn-43 oligosaccharide. The predominant O-glycans are mono-sialylated forms of the disaccharide, Gal-beta-1,3GalNAc, and their sites of attachment are probably on Thr-76 and Thr-77. The GPI-anchor of soluble urinary CD59 has no inositol-associated phospholipid, but is composed of seven different GPI-anchor variants of one or more monosaccharide units. Major variants contain sialic acid, mannose and glucosamine. Sialic acid linked to an N-acetylhexosamine-galactose arm is present in two variants",0
7455,Q86YF9,Cilium assembly protein DZIP1,"Phosphorylation at Ser-226 by PLK1 before mitosis prevents interaction with PCM1 and localization to centriolar satellites. Thereby, it negatively regulates the localization of the BBSome to centriolar satellites",1
7456,Q8N4C6,Ninein,Phosphorylated by AURKA/Aurora kinase A and PKA kinases but not CK2 or AURKB/ Aurora kinase B,1
7457,O43602,Neuronal migration protein doublecortin,"Phosphorylation by MARK1, MARK2 and PKA regulates its ability to bind microtubules (By similarity). Phosphorylation at Ser-265 and Ser-297 seems to occur only in neonatal brain, the levels falling precipitously by postnatal day 21 (By similarity)",1
7460,P22607,Fibroblast growth factor receptor 3,"Autophosphorylated. Binding of FGF family members together with heparan sulfate proteoglycan or heparin promotes receptor dimerization and autophosphorylation on tyrosine residues. Autophosphorylation occurs in trans between the two FGFR molecules present in the dimer. Phosphorylation at Tyr-724 is essential for stimulation of cell proliferation and activation of PIK3R1, STAT1 and MAP kinase signaling. Phosphorylation at Tyr-760 is required for interaction with PIK3R1 and PLCG1",1
7461,P22607,Fibroblast growth factor receptor 3,"Ubiquitinated. Is rapidly ubiquitinated after ligand binding and autophosphorylation, leading to receptor internalization and degradation. Subject to both proteasomal and lysosomal degradation",0
7463,P48730,Casein kinase I isoform delta,Autophosphorylated on serine and threonine residues; this autophosphorylation represses activity. Reactivated by phosphatase-mediated dephosphorylation. May be dephosphorylated by PP1,1
7466,P36956,Sterol regulatory element-binding protein 1,"Phosphorylated by AMPK, leading to suppress protein processing and nuclear translocation, and repress target gene expression (By similarity). Phosphorylation at Ser-402 by SIK1 represses activity possibly by inhibiting DNA-binding (By similarity)",0
7471,P0C0S5,Histone H2A.Z,Not phosphorylated,0
7481,Q13522,Protein phosphatase 1 regulatory subunit 1A,Phosphorylation of Thr-35 is required for activity,0
7483,O60928,Inward rectifier potassium channel 13,"Phosphorylation at Ser-201 by PKC strongly inhibits ionic currents, while phosphorylation at Ser-287 by PKA increases them",1
7485,Q16820,Meprin A subunit beta,"Phosphorylated by PKC at multiple sites of its cytoplasmic part. Phosphorylation dcreases activity at the cell surface, leading to diminished substrate cleavage",1
7493,Q9BUQ8,Probable ATP-dependent RNA helicase DDX23,In vitro phosphorylated by CLK1 and U1 snRNP-associated protein kinase (PubMed:9409622). Phosphorylated by SRPK2 and this phosphorylation is required for its association with the tri-snRNP (U4/U6-U5 tri-small nuclear ribonucleoproteins) and subsequent spliceosomal B complex formation (PubMed:18425142). May be phosphorylated by SRPK2 on Ser residues in the SR domain; the phosphorylation is required for the removal of inappropriate R-loops during transcription (PubMed:28076779),1
7496,Q9NPY3,Complement component C1q receptor,Phosphorylated on Tyr-628 and Tyr-644 by SRC; these phosphorylations promote endothelial cell adhesion and migration,0
7501,Q14494,Endoplasmic reticulum membrane sensor NFE2L1,"Phosphorylation by CK2 at Ser-528 inhibits transcription factor activity, possibly by affecting DNA-binding activity (By similarity). Phosphorylation at Ser-599 is required for interaction with CEBPB (PubMed:15308669)",0
7505,Q04637,Eukaryotic translation initiation factor 4 gamma 1,Phosphorylated at multiple sites in vivo. Phosphorylation at Ser-1185 by PRKCA induces binding to MKNK1,1
7509,Q15569,Dual specificity testis-specific protein kinase 1,Autophosphorylated on serine and tyrosine residues,1
7515,Q96E17,Ras-related protein Rab-3C,"Phosphorylation of Thr-94 in the switch II region by LRRK2 prevents the association of RAB regulatory proteins, including CHM, CHML and RAB GDP dissociation inhibitor GDI2",1
7520,P10636,Microtubule-associated protein tau,"Phosphorylation at serine and threonine residues in S-P or T-P motifs by proline-directed protein kinases (PDPK1, CDK1, CDK5, GSK3, MAPK) (only 2-3 sites per protein in interphase, seven-fold increase in mitosis, and in the form associated with paired helical filaments (PHF-tau)), and at serine residues in K-X-G-S motifs by MAP/microtubule affinity-regulating kinase (MARK1, MARK2, MARK3 or MARK4), causing detachment from microtubules, and their disassembly (PubMed:23666762, PubMed:7706316). Phosphorylation decreases with age. Phosphorylation within tau/MAP's repeat domain or in flanking regions seems to reduce tau/MAP's interaction with, respectively, microtubules or plasma membrane components (PubMed:7706316). Phosphorylation on Ser-610, Ser-622, Ser-641 and Ser-673 in several isoforms during mitosis. Phosphorylation at Ser-548 by GSK3B reduces ability to bind and stabilize microtubules. Phosphorylation at Ser-579 by BRSK1 and BRSK2 in neurons affects ability to bind microtubules and plays a role in neuron polarization. Phosphorylated at Ser-554, Ser-579, Ser-602, Ser-606 and Ser-669 by PHK. Phosphorylation at Ser-214 by SGK1 mediates microtubule depolymerization and neurite formation in hippocampal neurons. There is a reciprocal down-regulation of phosphorylation and O-GlcNAcylation. Phosphorylation on Ser-717 completely abolishes the O-GlcNAcylation on this site, while phosphorylation on Ser-713 and Ser-721 reduces glycosylation by a factor of 2 and 4 respectively. Phosphorylation on Ser-721 is reduced by about 41.5% by GlcNAcylation on Ser-717. Dephosphorylated at several serine and threonine residues by the serine/threonine phosphatase PPP5C",1
7522,P10636,Microtubule-associated protein tau,"O-glycosylated. O-GlcNAcylation content is around 8.2%. There is reciprocal down-regulation of phosphorylation and O-GlcNAcylation. Phosphorylation on Ser-717 completely abolishes the O-GlcNAcylation on this site, while phosphorylation on Ser-713 and Ser-721 reduces O-GlcNAcylation by a factor of 2 and 4 respectively. O-GlcNAcylation on Ser-717 decreases the phosphorylation on Ser-721 by about 41.5%",0
7533,O15105,Mothers against decapentaplegic homolog 7,"Phosphorylation on Ser-249 does not affect its stability, nuclear localization or inhibitory function in TGFB signaling; however it affects its ability to regulate transcription (By similarity). Phosphorylated by PDPK1",1
7539,P19429,"Troponin I, cardiac muscle",Phosphorylated at Ser-42 and Ser-44 by PRKCE; phosphorylation increases myocardium contractile dysfunction (By similarity). Phosphorylated at Ser-23 and Ser-24 by PRKD1; phosphorylation reduces myofilament calcium sensitivity. Phosphorylated preferentially at Thr-31. Phosphorylation by STK4/MST1 alters its binding affinity to TNNC1 (cardiac Tn-C) and TNNT2 (cardiac Tn-T),1
7544,Q92934,Bcl2-associated agonist of cell death,"Phosphorylated on one or more of Ser-75, Ser-99, Ser-118 and Ser-134 in response to survival stimuli, which blocks its pro-apoptotic activity. Phosphorylation on Ser-99 or Ser-75 promotes heterodimerization with 14-3-3 proteins. This interaction then facilitates the phosphorylation at Ser-118, a site within the BH3 motif, leading to the release of Bcl-X(L) and the promotion of cell survival. Ser-99 is the major site of AKT/PKB phosphorylation, Ser-118 the major site of protein kinase A (CAPK) phosphorylation. Phosphorylation at Ser-99 by PKB/AKT1 is almost completely blocked by the apoptotic C-terminus cleavage product of PKN2 generated by caspases-3 activity during apoptosis",0
7545,Q92934,Bcl2-associated agonist of cell death,Methylation at Arg-94 and Arg-96 by PRMT1 inhibits Akt-mediated phosphorylation at Ser-99,0
7551,Q66K89,Transcription factor E4F1,Phosphorylated; p120E4F and p50E4F are both phosphorylated. Phosphorylation is cell cycle-dependent and differentially regulates DNA-binding activity and function of both forms,0
7558,P31645,Sodium-dependent serotonin transporter,Phosphorylation at Thr-276 increases 5-HT uptake and is required for cGMP-mediated SERT regulation,0
7586,O15164,Transcription intermediary factor 1-alpha,Phosphorylated at Ser-768 by ATM kinase induces ubiquitination and degradation during DNA damage,1
7592,Q14524,Sodium channel protein type 5 subunit alpha,Phosphorylation at Ser-1503 by PKC in a highly conserved cytoplasmic loop slows inactivation of the sodium channel and reduces peak sodium currents (Probable). Regulated through phosphorylation by CaMK2D (By similarity),0
7595,Q08345,Epithelial discoidin domain-containing receptor 1,Autophosphorylated in response to fibrillar collagen binding,1
7596,Q08345,Epithelial discoidin domain-containing receptor 1,"Glycosylation of Asn-211, but apparently not of Asn-260 or Asn-394, prevents autophosphorylation from occurring in the absence of collagen",0
7600,P01100,Protein c-Fos,"Phosphorylated in the C-terminal upon stimulation by nerve growth factor (NGF) and epidermal growth factor (EGF). Phosphorylated, in vitro, by MAPK and RSK1. Phosphorylation on both Ser-362 and Ser-374 by MAPK1/2 and RSK1/2 leads to protein stabilization with phosphorylation on Ser-374 being the major site for protein stabilization on NGF stimulation. Phosphorylation on Ser-362 and Ser-374 primes further phosphorylations on Thr-325 and Thr-331 through promoting docking of MAPK to the DEF domain. Phosphorylation on Thr-232, induced by HA-RAS, activates the transcriptional activity and antagonizes sumoylation. Phosphorylation on Ser-362 by RSK2 in osteoblasts contributes to osteoblast transformation (By similarity)",1
7601,P01100,Protein c-Fos,"Constitutively sumoylated with SUMO1, SUMO2 and SUMO3. Desumoylated by SENP2. Sumoylation requires heterodimerization with JUN and is enhanced by mitogen stimulation. Sumoylation inhibits the AP-1 transcriptional activity and is, itself, inhibited by Ras-activated phosphorylation on Thr-232",0
7602,P01100,Protein c-Fos,"In quiescent cells, the small amount of FOS present is phosphorylated at Tyr-10 and Tyr-30 by SRC. This Tyr-phosphorylated form is cytosolic. In growing cells, dephosphorylated by PTPN2. Dephosphorylation leads to the association with endoplasmic reticulum membranes and activation of phospholipid synthesis",0
7603,P48736,"Phosphatidylinositol 4,5-bisphosphate 3-kinase catalytic subunit gamma isoform","Autophosphorylation at Ser-1101 has no effect on the phosphatidylinositol-4,5-bisphosphate 3-kinase activity",1
7610,P29320,Ephrin type-A receptor 3,Autophosphorylates upon activation by EFNA5. Phosphorylation on Tyr-602 mediates interaction with NCK1. Dephosphorylated by PTPN1,1
7616,Q13049,E3 ubiquitin-protein ligase TRIM32,"Phosphorylation at Ser-55 by CHEK2 under oxidative stress, activates the E3 ligase activity and promotes ATG7 ubiquitination leading to positive regulation of the autophagosme assembly",0
7617,O43918,Autoimmune regulator,Phosphorylated. Phosphorylation could trigger oligomerization,0
7620,P07437,Tubulin beta chain,"Phosphorylated on Ser-172 by CDK1 during the cell cycle, from metaphase to telophase, but not in interphase. This phosphorylation inhibits tubulin incorporation into microtubules",0
7623,Q15797,Mothers against decapentaplegic homolog 1,"Phosphorylation of the C-terminal SVS motif by BMP type 1 receptor kinase activates SMAD1 by promoting dissociation from the receptor and trimerization with SMAD4. Phosphorylation by ERK2 MAP kinase in response to EGF or HGF prevents SMAD1 nuclear accumulation and transcriptional activity in response to BMP (PubMed:9335504). Dephosphorylation, probably by PPM1A, induces its export from the nucleus to the cytoplasm (By similarity). Dephosphorylation is inhibited by association with EGR1 (By similarity). Phosphorylation by CDK8/9 creates binding sites for YAP1, and subsequent phosphorylation by GSK3 switches off YAP1 binding and adds binding sites for SMURF1 (PubMed:21685363)",1
7624,Q15797,Mothers against decapentaplegic homolog 1,"Ubiquitinated by SMAD-specific E3 ubiquitin ligase SMURF1, leading to its degradation. Monoubiquitinated, leading to prevent DNA-binding. Deubiquitination by USP15 alleviates inhibition and promotes activation of TGF-beta target genes. Dephosphorylation, probably by PPM1A, induces its export from the nucleus to the cytoplasm (By similarity). Phospho-SMAD1 is ubiquitinated by CHIP leading to disruption of the SMAD1-SMAD4 complex (PubMed:21454478)",0
7627,P78348,Acid-sensing ion channel 1,Phosphorylation by PKA regulates interaction with PRKCABP and subcellular location. Phosphorylation by PKC may regulate the channel,1
7634,P55011,Solute carrier family 12 member 2,"Phosphorylated at Thr-203, Thr-207 and Thr-212 by OXSR1/OSR1 and STK39/SPAK downstream of WNK kinases (WNK1, WNK2, WNK3 or WNK4), promoting its activity",0
7636,Q86Y07,Serine/threonine-protein kinase VRK2,Autophosphorylated,1
7637,Q86Y07,Serine/threonine-protein kinase VRK2,Autophosphorylated,1
7638,Q9Y6R1,Electrogenic sodium bicarbonate cotransporter 1,"Phosphorylation of Ser-1026 by PKA increases the binding of CA2 and changes the Na(+):HCO3(-) stoichiometry of the transporter from 3:1 to 2:1 (PubMed:11744745, PubMed:12411514, PubMed:12730338). Phosphorylated in presence of STK39 and dephosphorylated in presence of PP1 phosphatase; phosphorylation seems to inhibit SLC4A4 activity (By similarity)",1
7655,P31994,Low affinity immunoglobulin gamma Fc region receptor II-b,Phosphorylated by the SRC-type Tyr-kinases LYN and BLK,1
7658,P50281,Matrix metalloproteinase-14,Tyrosine phosphorylated by PKDCC/VLK,1
7659,P55058,Phospholipid transfer protein,Glycosylation is necessary for secretion and its phospholipid transfer activity,0
7660,Q13155,Aminoacyl tRNA synthase complex-interacting multifunctional protein 2,Phosphorylated on serine residues in response to UV irradiation,0
7667,O00231,26S proteasome non-ATPase regulatory subunit 11,Phosphorylated by AMPK,1
7673,Q96MU7,YTH domain-containing protein 1,Tyrosine phosphorylated,0
7677,O75398,Deformed epidermal autoregulatory factor 1 homolog,May be phosphorylated by DNA-PK complex in a DNA independent manner (in vitro),1
7681,P17844,Probable ATP-dependent RNA helicase DDX5,"Weakly phosphorylated in the G1/S phase of the cell cycle and much more at G2/M, especially at Thr and Tyr residues",0
7683,Q8IXL6,Extracellular serine/threonine protein kinase FAM20C,Autophosphorylated,1
7690,Q15208,Serine/threonine-protein kinase 38,Phosphorylated by STK3/MST2 and this is enhanced by MOBKL1B,0
7696,Q13185,Chromobox protein homolog 3,Phosphorylated by PIM1. Phosphorylated during interphase and possibly hyper-phosphorylated during mitosis,1
7710,Q96HS1,"Serine/threonine-protein phosphatase PGAM5, mitochondrial",Both isoform 1 and isoform 2 are phosphorylated by the RIPK1/RIPK3 complex under necrotic conditions. This phosphorylation increases PGAM5 phosphatase activity,1
7714,Q16531,DNA damage-binding protein 1,Phosphorylated by ABL1,1
7721,Q14994,Nuclear receptor subfamily 1 group I member 3,"Phosphorylated at Thr-38 by PKC, dephosphorylation of Thr-38 is required for nuclear translocation and activation",0
7732,P49790,Nuclear pore complex protein Nup153,"Phosphorylated in interphase, hyperphosphorylated during mitosis. May play a role in the reversible disassembly of the nuclear pore complex during mitosis (By similarity)",0
7734,P49790,Nuclear pore complex protein Nup153,"O-glycosylated during cytokinesis at sites identical or close to phosphorylation sites, this interferes with the phosphorylation status",0
7745,Q14194,Dihydropyrimidinase-related protein 1,Phosphorylation at Ser-522 enhances CRMP1-mediated alteration of FLNA ternary structure and FLNA dissociation from F-actin,0
7746,Q86WB0,Zinc finger C3HC-type protein 1,Phosphorylated (PubMed:12748172). May also be weakly phosphorylated on Tyr residues (PubMed:12748172),0
7755,Q9NPQ8,Chaperone Ric-8A,"Phosphorylated at Ser-436 and Thr-441 by CK2, stabilizing its interface with G alpha proteins",1
7758,O75494,Serine/arginine-rich splicing factor 10,Phosphorylated. Fully dephosphorylated in mitosis and partially dephosphorylated on heat shock,0
7767,Q9BSK4,Protein fem-1 homolog A,Phosphorylated; highly phosphorylated in myoblasts and myotubes. Phosphorylation at Ser-108 promotes PGE2-EP4-mediated inhibition of inflammation. Dephosphorylated by protein phosphatase 2A (PP2A),1
7773,Q9UKJ1,Paired immunoglobulin-like type 2 receptor alpha,Phosphorylated on tyrosine residues,0
7779,P45379,"Troponin T, cardiac muscle",Phosphorylation at Thr-213 by PRKCA induces significant reduction in myofilament calcium sensitivity and actomyosin ATPase activity,1
7780,Q02224,Centromere-associated protein E,The C-terminal inhibitory domain is phosphorylated. Phosphorylation relieves autoinhibition of the kinetochore motor (By similarity),0
7782,Q8TDY2,RB1-inducible coiled-coil protein 1,"Phosphorylation at Ser-734 of the FFAT motif activates interaction with MOSPD2, VAPA and VAPB",0
7786,Q96HE7,ERO1-like protein alpha,Phosphorylated on Ser-145 by FAM20C in the Golgi which increases its enzymatic activity (PubMed:29858230). Phosphorylation is induced by lactation (By similarity). It is also induced by hypoxia and reductive stress (PubMed:29858230),0
7788,P08833,Insulin-like growth factor-binding protein 1,"Phosphorylated; probably by casein kinase II. Phosphorylation alters the affinity of the protein for IGFs. In amniotic fluid, the unmodified protein is the most abundant form, while mono-, bi-, tri- and tetraphosphorylated forms are present in decreasing amounts. The phosphorylation state may influence the propensity to proteolysis",0
7792,P78524,DENN domain-containing protein 2B,Phosphorylated. Phosphorylation decreases ITSN1 binding,0
7794,Q75N03,E3 ubiquitin-protein ligase Hakai,Phosphorylated on tyrosine residues,0
7795,Q86X29,Lipolysis-stimulated lipoprotein receptor,Phosphorylation at Ser-365 by MAPK8/JNK1 and MAPK9/JNK2 may be required for exclusive localization at tricellular tight junstions,1
7803,Q9UBU7,Protein DBF4 homolog A,Phosphorylation increases its interaction with PSIP1,0
7806,O95235,Kinesin-like protein KIF20A,"Phosphorylated by PLK1 at Ser-528 during mitosis, creating a docking site for PLK1 and recruiting PLK1 at central spindle",1
7808,P35659,Protein DEK,"Phosphorylated by CK2. Phosphorylation fluctuates during the cell cycle with a moderate peak during G(1) phase, and weakens the binding of DEK to DNA",1
7819,Q92878,DNA repair protein RAD50,Phosphorylation at Ser-635 by ATM in response to DNA damage is required for double-strand break (DSB) repair,1
7820,Q9P2K8,eIF-2-alpha kinase GCN2,Autophosphorylated; autophosphorylation on Thr-899 is increased upon amino acid starvation and in UV irradiation cells and inhibited in presence of IMPACT,1
7835,Q8IWV1,Lymphocyte transmembrane adapter 1,"Phosphorylated on tyrosines by Syk, Lck or ZAP70 upon TCR or BCR activation; which leads to the recruitment of GRB2, PIK3R1 and GRAP2",1
7843,P17612,cAMP-dependent protein kinase catalytic subunit alpha,"Autophosphorylated. Phosphorylation is enhanced by vitamin K(2) (PubMed:12372837, PubMed:17909264). Phosphorylated on threonine and serine residues. Phosphorylation on Thr-198 is required for full activity (PubMed:16765046, PubMed:20137943, PubMed:20481595, PubMed:20732331, PubMed:21774789, Ref.43). Phosphorylated at Tyr-331 by activated receptor tyrosine kinases EGFR and PDGFR; this increases catalytic efficiency (By similarity)",1
7845,P17612,cAMP-dependent protein kinase catalytic subunit alpha,"When myristoylated, Ser-11 is autophosphorylated probably in conjunction with deamidation of Asn-3",0
7846,Q13191,E3 ubiquitin-protein ligase CBL-B,"Phosphorylated on tyrosine and serine residues upon TCR or BCR activation, and upon various types of cell stimulation",0
7861,P19823,Inter-alpha-trypsin inhibitor heavy chain H2,Phosphorylated by FAM20C in the extracellular medium,1
7870,Q9UHL0,ATP-dependent RNA helicase DDX25,Phosphorylated on threonine residues. The phosphorylated form is found in the cytoplasm but not in the nucleus (By similarity),0
7874,P21439,Phosphatidylcholine translocator ABCB4,Phosphorylated (PubMed:24723470). Phosphorylation on Thr-34 is required for PC efflux activity. Phosphorylation occurs on serine and threonine residues in a protein kinase A- or C-dependent manner (PubMed:24723470). May be phosphorylated on Thr-44 and Ser-49 (PubMed:24723470),0
7877,P08922,Proto-oncogene tyrosine-protein kinase ROS,Phosphorylated. Probably autophosphorylates. Phosphorylation at Tyr-2274 is required for the interaction with PTPN6 that mediates ROS1 dephosphorylation. Phosphorylation at Tyr-2274 stimulates the kinase activity and the activation of the ERK1 signaling cascade (By similarity). Phosphorylation at Tyr-2274 and/or Tyr-2334 recruits PTPN11 (PubMed:12538861),0
7891,Q6PRD7,Cementoblastoma-derived protein 1,Phosphorylated,0
7896,P06748,Nucleophosmin,"Phosphorylated at Ser-4 by PLK1 and PLK2. Phosphorylation at Ser-4 by PLK2 in S phase is required for centriole duplication and is sufficient to trigger centriole replication. Phosphorylation at Ser-4 by PLK1 takes place during mitosis. Phosphorylated by CDK2 at Ser-125 and Thr-199. Phosphorylation at Thr-199 may trigger initiation of centrosome duplication. Phosphorylated by CDK1 at Thr-199, Thr-219, Thr-234 and Thr-237 during cell mitosis. When these four sites are phosphorated, RNA-binding activity seem to be abolished. May be phosphorylated at Ser-70 by NEK2. The Thr-199 phosphorylated form has higher affinity for ROCK2. CDK6 triggers Thr-199 phosphorylation when complexed to Kaposi's sarcoma herpesvirus (KSHV) V-cyclin, leading to viral reactivation by reducing viral LANA levels",0
7901,Q9GZV3,High affinity choline transporter 1,Phosphorylated,0
7908,Q86TU7,Actin-histidine N-methyltransferase,"Phosphorylated by GSK3B, which is required for recognition by the SCF(FBXW7) complex and subsequent degradation",1
7909,Q86TU7,Actin-histidine N-methyltransferase,"Ubiquitinated by the SCF(FBXW7) complex following phosphorylation by GSK3B, leading to its degradation by the proteasome",0
7914,Q9H0U4,Ras-related protein Rab-1B,"(Microbial infection) Phosphocholinated at Ser-76 by L.pneumophila AnkX, leading to displace GDP dissociation inhibitors (GDI) (PubMed:21822290, PubMed:22307087). Both GDP-bound and GTP-bound forms can be phosphocholinated. Dephosphocholinated by L.pneumophila Lem3, restoring accessibility to L.pneumophila GTPase effector LepB (PubMed:22158903, PubMed:22307087)",0
7919,P0DP24,Calmodulin-2,Phosphorylation results in a decreased activity,0
7934,Q9HB71,Calcyclin-binding protein,Phosphorylated on serine residues. Phosphorylated upon induction by RA or at high calcium concentrations,0
7938,P35241,Radixin,Phosphorylated by tyrosine-protein kinases. Phosphorylation by ROCK2 suppresses the head-to-tail association of the N-terminal and C-terminal halves resulting in an opened conformation which is capable of actin and membrane-binding (By similarity),1
7939,P41240,Tyrosine-protein kinase CSK,"Phosphorylated at Ser-364 by PKA, leading to increased activity. Autophosphorylated",1
7948,P35968,Vascular endothelial growth factor receptor 2,"Ubiquitinated. Tyrosine phosphorylation of the receptor promotes its poly-ubiquitination, leading to its degradation via the proteasome or lysosomal proteases",0
7949,P35968,Vascular endothelial growth factor receptor 2,"Autophosphorylated on tyrosine residues upon ligand binding. Autophosphorylation occurs in trans, i.e. one subunit of the dimeric receptor phosphorylates tyrosine residues on the other subunit. Phosphorylation at Tyr-951 is important for interaction with SH2D2A/TSAD and VEGFA-mediated reorganization of the actin cytoskeleton. Phosphorylation at Tyr-1175 is important for interaction with PLCG1 and SHB. Phosphorylation at Tyr-1214 is important for interaction with NCK1 and FYN. Dephosphorylated by PTPRB. Dephosphorylated by PTPRJ at Tyr-951, Tyr-996, Tyr-1054, Tyr-1059, Tyr-1175 and Tyr-1214",0
7951,Q9Y2I7,1-phosphatidylinositol 3-phosphate 5-kinase,"Autophosphorylates which inhibits its own phosphatidylinositol 3-phosphate 5-kinase activity, stimulates FIG4 lipid phosphatase activity and down-regulates lipid product formation (PubMed:33098764). Dephosphorylated by FIG4 in the PI(3,5)P2 regulatory complex, at Ser-48, Ser-1669 and Ser-2053 (PubMed:33098764). Phosphorylated in response to insulin at Ser-318 in a protein kinase B (PKB)-dependent manner (PubMed:20513353)",1
7952,P51587,Breast cancer type 2 susceptibility protein,"Phosphorylated by ATM upon irradiation-induced DNA damage. Phosphorylation by CHEK1 and CHEK2 regulates interaction with RAD51. Phosphorylation at Ser-3291 by CDK1 and CDK2 is low in S phase when recombination is active, but increases as cells progress towards mitosis; this phosphorylation prevents homologous recombination-dependent repair during S phase and G2 by inhibiting RAD51 binding",1
7955,P30307,M-phase inducer phosphatase 3,"Phosphorylated by CHEK1 and MAPK14 at Ser-216. This phosphorylation creates a binding site for 14-3-3 protein and inhibits the phosphatase. Phosphorylated by PLK4. Phosphorylated by PLK1, leading to activate the phosphatase activity. Phosphorylation by PLK3 at Ser-191 promotes nuclear translocation. Ser-198 is a minor phosphorylation site. Was initially reported to be phosphorylated by PLK3 at Ser-216 (PubMed:10557092). However, such phosphorylation by PLK3 was not confirmed by other groups. Phosphorylation at Thr-48, Thr-67, Ser-122, Thr-130, Ser-168 and Ser-214 occurs at G2 and G2-M transition and is probably catalyzed by CDK1. Ser-168 phosphorylation levels are lower than those at the other 5 CDK1 sites. Phosphorylation by CDK1 leads to increased activity",1
7957,P54845,Neural retina-specific leucine zipper protein,"Phosphorylated (PubMed:11477108, PubMed:17335001)",0
7959,P56962,Syntaxin-17,Phosphorylated at Tyr-157 probably by ABL1. Dephosphorylation by PTPN2; regulates exit from the endoplasmic reticulum (By similarity),1
7966,P02786,Transferrin receptor protein 1,"N- and O-glycosylated, phosphorylated and palmitoylated. The serum form is only glycosylated",0
7970,Q13698,Voltage-dependent L-type calcium channel subunit alpha-1S,Phosphorylated. Phosphorylation by PKA activates the calcium channel. Both the minor and major forms are phosphorylated in vitro by PKA. Phosphorylation at Ser-1575 is involved in beta-adrenergic-mediated regulation of the channel,0
7971,Q9NQ11,Polyamine-transporting ATPase 13A2,"Autophosphorylated (PubMed:26134396, PubMed:28137957). Accumulates in an inactive autophosphorylated state and autophosphorylation is stimulated by phosphatidic acid and phosphatidylinositol 3,5-bisphosphate but not by Mn(2+) or Zn(2+) (PubMed:26134396). The presence of spermine results in a dose-dependent reduction in autophosphorylation (PubMed:31996848)",1
7974,Q92793,CREB-binding protein,"Phosphorylated by CHUK/IKKA at Ser-1382 and Ser-1386; these phosphorylations promote cell growth by switching the binding preference of CREBBP from TP53 to NF-kappa-B (PubMed:17434128). Phosphorylated by _ at Ser-124 in response to DNA damage, promoting interaction with MRE11 and lactylation of MRE11 (PubMed:38128537)",0
7978,P07196,Neurofilament light polypeptide,"Phosphorylated in the head and rod regions by the PKC kinase PKN1, leading to the inhibition of polymerization",0
7980,P38936,Cyclin-dependent kinase inhibitor 1,Phosphorylation of Thr-145 by Akt or of Ser-146 by PKC impairs binding to PCNA. Phosphorylation at Ser-114 by GSK3-beta enhances ubiquitination by the DCX(DTL) complex. Phosphorylation of Thr-145 by PIM2 enhances CDKN1A stability and inhibits cell proliferation. Phosphorylation of Thr-145 by PIM1 results in the relocation of CDKN1A to the cytoplasm and enhanced CDKN1A protein stability. UV radiation-induced phosphorylation at Thr-80 by LKB1 and at Ser-146 by NUAK1 leads to its degradation,1
7983,P21817,Ryanodine receptor 1,Channel activity is modulated by phosphorylation. Phosphorylation at Ser-2843 may increase channel activity. Repeated very high-level exercise increases phosphorylation at Ser-2843,0
7985,Q99732,Lipopolysaccharide-induced tumor necrosis factor-alpha factor,Phosphorylated on tyrosine residues in response to EGF,0
7987,P17181,Interferon alpha/beta receptor 1,"Phosphorylated on tyrosine residues in response to interferon-binding: phosphorylation by TYK2 tyrosine kinase creates docking sites for STAT proteins (PubMed:10049744, PubMed:7526154). Phosphorylated on serine residues in response to interferon binding; this promotes interaction with FBXW11 and ubiquitination (PubMed:14532120, PubMed:15337770, PubMed:24075985)",0
7989,Q7Z3K3,Pogo transposable element with ZNF domain,Phosphorylation increases its interaction with PSIP1,0
7994,Q9BQI3,Eukaryotic translation initiation factor 2-alpha kinase 1,"Activated by autophosphorylation; phosphorylated predominantly on serine and threonine residues, but also on tyrosine residues. Autophosphorylation at Thr-488 is required for kinase activation. The active autophosphorylated form apparently is largely refractory to cellular heme fluctuations",1
7996,Q9BX63,Fanconi anemia group J protein,"Phosphorylated. Phosphorylation is necessary for interaction with BRCA1, and is cell-cycle regulated",0
7998,P05771,Protein kinase C beta type,"Phosphorylation on Thr-500 within the activation loop renders it competent to autophosphorylate. Subsequent autophosphorylation of Thr-642 maintains catalytic competence, and autophosphorylation on Ser-661 appears to release the kinase into the cytosol. Autophosphorylation on other sites i.e. in the N-terminal and hinge regions have no effect on enzyme activity. Phosphorylation at Tyr-662 by SYK induces binding with GRB2 and contributes to the activation of MAPK/ERK signaling cascade (By similarity)",0
7999,P54762,Ephrin type-B receptor 1,"Phosphorylated. Autophosphorylation is stimulated by the ligand EFNB1. Required for interaction with SH2 domain-containing interactors, for activation of the MAPK/ERK and JUN signaling cascades and for ubiquitination by CBL",1
8008,P55211,Caspase-9,Phosphorylated at Thr-125 by MAPK1/ERK2. Phosphorylation at Thr-125 is sufficient to block caspase-9 processing and subsequent caspase-3 activation. Phosphorylation on Tyr-153 by ABL1/c-Abl; occurs in the response of cells to DNA damage,0
8011,P56945,Breast cancer anti-estrogen resistance protein 1,PTK2/FAK1 activation mediates phosphorylation at the YDYVHL motif; phosphorylation is most likely catalyzed by SRC family members. SRC-family kinases are recruited to the phosphorylated sites and can phosphorylate other tyrosine residues. Tyrosine phosphorylation is triggered by integrin-mediated adhesion of cells to the extracellular matrix,0
8012,P56945,Breast cancer anti-estrogen resistance protein 1,Dephosphorylated by PTPN14 at Tyr-128,0
8013,P56945,Breast cancer anti-estrogen resistance protein 1,Phosphorylated by SRC kinase in a EDN1- and PTK2B-mediated manner; phosphorylation strengthens its interaction with BCAR3 as part of the PTK2B/BCAR1/BCAR3/RAP1 signaling pathway,0
8015,Q04912,Macrophage-stimulating protein receptor,Autophosphorylated in response to ligand binding on Tyr-1238 and Tyr-1239 in the kinase domain leading to further phosphorylation of Tyr-1353 and Tyr-1360 in the C-terminal multifunctional docking site,0
8028,P29376,Leukocyte tyrosine kinase receptor,"Phosphorylated at tyrosine residues by autocatalysis, which activates kinase activity",1
8032,Q8TDC3,Serine/threonine-protein kinase BRSK1,"Phosphorylated at Thr-189 by STK11/LKB1 in complex with STE20-related adapter-alpha (STRADA) pseudo kinase and CAB39. Not phosphorylated at Thr-189 by CaMKK2. In contrast, it is phosphorylated and activated by CaMKK1. May be inactivated via dephosphorylation of Thr-189 by PP2C",0
8045,O15360,Fanconi anemia group A protein,"Phosphorylation is required for the formation of the nuclear complex. Not phosphorylated in cells derived from groups A, B, C, E, F, G, and H",0
8047,Q5VWK5,Interleukin-23 receptor,Phosphorylated in response to IL23,0
8061,Q15349,Ribosomal protein S6 kinase alpha-2,"Activated by phosphorylation at Ser-218 by PDPK1. Autophosphorylated on Ser-377, as part of the activation process. May be phosphorylated at Thr-356 and Ser-360 by MAPK1/ERK2 and MAPK3/ERK1 (By similarity)",1
8067,P06727,Apolipoprotein A-IV,Phosphorylation sites are present in the extracellular medium,0
8071,Q96TC7,Regulator of microtubule dynamics protein 3,"Phosphorylation at Thr-160 of the FFAT motif activates interaction with MOSPD2, VAPA and VAPB",0
8073,P13056,Nuclear receptor subfamily 2 group C member 1,"Sumoylation requires both PIAS1 and UBE2I. Sumoylation appears to dissociate NR2C1 from the PML nuclear bodies. Enhances the interaction with NRIP1 but inhibits interaction with KAT2B. In proliferating cells, stimulation by all-trans retinoic acid, activation of MAPK1-mediated phosphorylation and recruitment to PML bodies with subsequent sumoylation, suppresses OCT4 expression (By similarity)",0
8074,P13056,Nuclear receptor subfamily 2 group C member 1,"Phosphorylated on several serine and threonine residues. Phosphorylation on Thr-222, stimulated by all-trans retinoic acid (atRA) mediates PML location and sumoylation in proliferating cells which then modulates its association with effector molecules, KAT2B and NRIP1. Phosphorylation on Ser-581 by PKC is important for protein stability and function as activator of RARB (By similarity)",0
8104,P07737,Profilin-1,"Phosphorylation at Ser-138 reduces its affinity for G-actin and blocks its interaction with HTT, reducing its ability to inhibit androgen receptor (AR) and HTT aggregation",0
8105,P50895,Basal cell adhesion molecule,"Epinephrine-stimulated phosphorylation of Ser-621 by PKA enhances adhesion to laminin. Ser-621 can also be phosphorylated by AKT1 (PubMed:23160466, PubMed:31413112)",1
8108,Q07108,Early activation antigen CD69,Constitutive Ser/Thr phosphorylation in both mature thymocytes and activated T-lymphocytes,0
8110,Q15835,Rhodopsin kinase GRK1,"Autophosphorylated, Ser-21 is a minor site of autophosphorylation compared to Ser-491 and Thr-492 (By similarity). Phosphorylation at Ser-21 is regulated by light and activated by cAMP",1
8114,Q9H792,Inactive tyrosine-protein kinase PEAK1,Phosphorylated on tyrosine in a CSK-dependent manner in response to adhesion to fibronectin and to EGF stimulation (PubMed:20534451). Phosphorylation at Tyr-665 by a Src family kinase controls subcellular localization to focal adhesion and focal adhesion dynamics (PubMed:20534451). Phosphorylation at Tyr-1188 is essential for binding to SHC1 (PubMed:23846654). Phosphorylation at Tyr-635 promotes interaction with tensin TNS3 (PubMed:35687021),1
8116,O14593,DNA-binding protein RFXANK,Phosphorylated by RAF1,1
8119,P04000,Long-wave-sensitive opsin 1,Phosphorylated on some or all of the serine and threonine residues present in the C-terminal region,0
8122,Q13228,Methanethiol oxidase,Phosphorylated,0
8124,Q14764,Major vault protein,Phosphorylated on Tyr residues after EGF stimulation,0
8125,Q14764,Major vault protein,Dephosphorylated by PTPN11,0
8126,Q3L8U1,Chromodomain-helicase-DNA-binding protein 9,Phosphorylated on serine and tyrosine residues,0
8129,Q7KZF4,Staphylococcal nuclease domain-containing protein 1,Phosphorylated by PIM1 in vitro,1
8130,Q8NA31,Telomere repeats-binding bouquet formation protein 1,Phosphorylated by CDK. Phosphorylation by CDK takes place in late prophase when the cap exchange is prominent. is important for the stabilization of telomere attachment but dispenable for the cap exchange,1
8133,Q99719,Septin-5,"Phosphorylated by DYRK1A (By similarity). In platelets, phosphorylated in response to thrombin, phorbol-12-myristate-13-acetate and collagen",1
8137,Q9Y286,Sialic acid-binding Ig-like lectin 7,Tyrosine phosphorylated,0
8147,Q16537,Serine/threonine-protein phosphatase 2A 56 kDa regulatory subunit epsilon isoform,Phosphorylated on serine residues,0
8148,Q16613,Serotonin N-acetyltransferase,cAMP-dependent phosphorylation on both N-terminal Thr-31 and C-terminal Ser-205 regulates AANAT activity by promoting interaction with 14-3-3 proteins,0
8169,Q6IBS0,Twinfilin-2,"In vitro, phosphorylated by PRKCZ, CK2 and SRC",1
8172,Q7L2Z9,Centromere protein Q,Phosphorylation at Ser-50 is essential for CENPE recruitment to kinetochores and orderly chromosome congression,0
8176,Q8N4N8,Kinesin-like protein KIF2B,"Phosphorylation at Thr-125 by PLK1 is required for activity in the correction of kinetochore-microtubules attachment errors, while phosphorylation at Ser-204 also by PLK1 is required for the kinetochore localization and activity in prometaphase",1
8178,Q8TEA8,D-aminoacyl-tRNA deacylase 1,Preferentially phosphorylated in cells arrested early in S phase (PubMed:15653697). Phosphorylation in the C-terminus weakens the interaction with CDC45 (PubMed:20065034),0
8191,Q9UKV8,Protein argonaute-2,"Phosphorylated. A phosphorylation cycle of C-terminal serine cluster (Ser-824-Ser-834) regulates the release of target mRNAs. Target-binding leads to phosphorylation of these residues by CSNK1A1, which reduces the affinity of AGO2 for mRNA and enables target release. The ANKRD52-PPP6C phosphatase complex dephosphorylates the residues, which primes AGO2 for binding a new target",0
8192,Q9UKV8,Protein argonaute-2,Phosphorylation at Ser-387 by AKT3; leads to up-regulate translational repression of microRNA target and down-regulate endonucleolytic cleavage,0
8193,O14950,Myosin regulatory light chain 12B,Phosphorylation increases the actin-activated myosin ATPase activity and thereby regulates the contractile activity. It is required to generate the driving force in the migration of the cells but not necessary for localization of myosin-2 at the leading edge. Phosphorylation is reduced following epigallocatechin-3-O-gallate treatment,0
8222,Q99547,M-phase phosphoprotein 6,Phosphorylated in M (mitotic) phase,0
8226,P01730,T-cell surface glycoprotein CD4,Phosphorylated by PKC; phosphorylation at Ser-433 plays an important role for CD4 internalization,0
8246,P27986,Phosphatidylinositol 3-kinase regulatory subunit alpha,"Phosphorylated. Tyrosine phosphorylated in response to signaling by FGFR1, FGFR2, FGFR3 and FGFR4. Phosphorylated by CSF1R. Phosphorylated by ERBB4. Phosphorylated on tyrosine residues by TEK/TIE2. Dephosphorylated by PTPRJ. Phosphorylated by PIK3CA at Ser-608; phosphorylation is stimulated by insulin and PDGF. The relevance of phosphorylation by PIK3CA is however unclear (By similarity). Phosphorylated in response to KIT and KITLG/SCF. Phosphorylated by FGR",0
8260,P52333,Tyrosine-protein kinase JAK3,Tyrosine phosphorylated in response to IL-2 and IL-4. Dephosphorylation of Tyr-980 and Tyr-981 by PTPN2 negatively regulates cytokine-mediated signaling (Probable),1
8264,P78363,Retinal-specific phospholipid-transporting ATPase ABCA4,Phosphorylation is independent of light exposure and modulates ATPase activity,0
8266,O15294,UDP-N-acetylglucosamine--peptide N-acetylglucosaminyltransferase 110 kDa subunit,Phosphorylation on Ser-3 or Ser-4 by GSK3-beta positively regulates its activity (By similarity). Phosphorylation at Thr-454 by AMPK promotes nuclear localization (PubMed:24563466),0
8271,Q9BPX6,"Calcium uptake protein 1, mitochondrial",Phosphorylation at Ser-122 by AKT1 impairs its maturation and stability,1
8274,P19174,"1-phosphatidylinositol 4,5-bisphosphate phosphodiesterase gamma-1","Tyrosine phosphorylated in response to signaling via activated FLT3, KIT and PDGFRA (By similarity). Tyrosine phosphorylated by activated FGFR1, FGFR2, FGFR3 and FGFR4. Tyrosine phosphorylated by activated FLT1 and KDR. Tyrosine phosphorylated by activated PDGFRB. The receptor-mediated activation of PLCG1 involves its phosphorylation by tyrosine kinases, in response to ligation of a variety of growth factor receptors and immune system receptors. For instance, SYK phosphorylates and activates PLCG1 in response to ligation of the B-cell receptor. May be dephosphorylated by PTPRJ. Phosphorylated by ITK and TXK on Tyr-783 upon TCR activation in T-cells",1
8278,P53355,Death-associated protein kinase 1,"In response to mitogenic stimulation (PMA or EGF), phosphorylated at Ser-289; phosphorylation suppresses DAPK1 pro-apoptotic function. Autophosphorylation at Ser-308 inhibits its catalytic activity. Phosphorylation at Ser-734 by MAPK1 increases its catalytic activity and promotes cytoplasmic retention of MAPK1. Endoplasmic-stress can cause dephosphorylation at Ser-308",0
8282,P46108,Adapter molecule crk,"Phosphorylated on Tyr-221 upon cell adhesion. Results in the negative regulation of the association with SH2- and SH3-binding partners, possibly by the formation of an intramolecular interaction of phosphorylated Tyr-221 with the SH2 domain. This leads finally to the down-regulation of the Crk signaling pathway (PubMed:17515907). Isoform Crk-II: Phosphorylated by KIT (By similarity)",1
8287,O14733,Dual specificity mitogen-activated protein kinase kinase 7,Activated by phosphorylation on Ser-271 and Thr-275 by MAP kinase kinase kinases (MAP3Ks),0
8292,Q9H1D0,Transient receptor potential cation channel subfamily V member 6,Phosphorylation at Tyr-201 by SRC leads to an increased calcium influx through the channel. Probably dephosphorylated at this site by PTPN1 (By similarity). Phosphorylation by PRKCA at the calmodulin binding site delays channel inactivation (PubMed:11248124),0
8295,O15446,DNA-directed RNA polymerase I subunit RPA34,Undergoes tyrosine phosphorylation upon T-cell receptor (TCR) stimulation. This phosphorylation has not been confirmed by other groups,0
8296,O15446,DNA-directed RNA polymerase I subunit RPA34,Phosphorylated on tyrosine residues in initiation-competent Pol I-beta complexes but not in Pol I-alpha complexes,0
8297,P28562,Dual specificity protein phosphatase 1,Phosphorylation at Ser-359 and Ser-364 by MAPK1/ERK2 and MAPK3/ERK1 reduces its rate of degradation,1
8300,P51956,Serine/threonine-protein kinase Nek3,Phosphorylation at Thr-479 regulates its catalytic activity,0
8303,Q01813,"ATP-dependent 6-phosphofructokinase, platelet type",Phosphorylation at Ser-386 promotes interaction with ATG4B,0
8315,Q9UPP1,Histone lysine demethylase PHF8,Phosphorylation at Ser-69 and Ser-120 are required for dissociation from chromatin and accumulation of H4K20Me1 levels during prophase,0
8317,P08559,"Pyruvate dehydrogenase E1 component subunit alpha, somatic form, mitochondrial","Phosphorylation at Ser-232, Ser-293 and Ser-300 by PDK family kinases inactivates the enzyme; for this phosphorylation at a single site is sufficient. Dephosphorylation at all three sites, i.e. at Ser-232, Ser-293 and Ser-300, is required for reactivation",0
8318,P08559,"Pyruvate dehydrogenase E1 component subunit alpha, somatic form, mitochondrial",Acetylation alters the phosphorylation pattern. Deacetylated by SIRT3 (By similarity),0
8320,P47974,mRNA decay activator protein ZFP36L2,Phosphorylated by RPS6KA1 at Ser-490 and Ser-492 upon phorbol 12-myristate 13-acetate (PMA) treatment; this phosphorylation results in dissociation of the CCR4-NOT-deadenylase complex and induces p38 MAPK-mediated stabilization of the low-density lipoprotein (LDL) receptor (LDLR) mRNA (PubMed:25106868). Phosphorylation occurs during early preadipocyte differentiation (By similarity),1
8323,Q92844,TRAF family member-associated NF-kappa-B activator,Phosphorylated by IKBKE,1
8326,Q9BX79,Receptor for retinol uptake STRA6,"Phosphorylated on tyrosine residues in response to RBP4 binding (PubMed:21368206, PubMed:22665496). Phosphorylation requires the presence of LRAT, suggesting it may be triggered by the uptake of retinol that is then metabolized within the cell to retinoids that function as signaling molecules (PubMed:22665496)",0
8330,O94916,Nuclear factor of activated T-cells 5,Phosphorylated (PubMed:10377394). Phosphorylated at Thr-135 by CDK5 in response to osmotic stress; this phosphorylation mediates its rapid nuclear localization (PubMed:21209322),1
8340,Q15555,Microtubule-associated protein RP/EB family member 2,Phosphorylated at Ser-236 by CK2 leading to enhanced cell adhesion (PubMed:23844040). Phosphorylated by CDK1 and AURKB during mitosis reduces the binding affinity of MAPRE2 for microtubules (PubMed:27030108),1
8352,Q5QGZ9,C-type lectin domain family 12 member A,"Phosphorylated at Tyr-7 by SRC in the ITIM motif following ligand-binding, promoting recruitment of tyrosine-protein phosphatases PTPN6 and PTPN11",1
8360,Q13002,"Glutamate receptor ionotropic, kainate 2","Phosphorylated by PKC at Ser-868 upon agonist activation, this directly enhance sumoylation",0
8362,Q13285,Steroidogenic factor 1,Sumoylation reduces CDK7-mediated phosphorylation on Ser-203,0
8363,Q13285,Steroidogenic factor 1,Phosphorylated on Ser-203 by CDK7. This phosphorylation promotes transcriptional activity,0
8365,Q8N653,Leucine-zipper-like transcriptional regulator 1,"Phosphorylated on tyrosine upon induction of apoptosis, leading to its degradation by the proteasome",0
8368,P04637,Cellular tumor antigen p53,"Phosphorylation on Ser residues mediates transcriptional activation. Phosphorylated by HIPK1 (By similarity). Phosphorylation at Ser-9 by HIPK4 increases repression activity on BIRC5 promoter. Phosphorylated on Thr-18 by VRK1, which may prevent the interaction with MDM2 (PubMed:10951572, PubMed:31527692). Phosphorylated on Ser-20 by CHEK2 in response to DNA damage, which prevents ubiquitination by MDM2. Phosphorylated on Ser-20 by PLK3 in response to reactive oxygen species (ROS), promoting p53/TP53-mediated apoptosis. Phosphorylated on Thr-55 by TAF1, which promotes MDM2-mediated degradation. Phosphorylated on Ser-33 by CDK7 in a CAK complex in response to DNA damage. Phosphorylated on Ser-46 by HIPK2 upon UV irradiation. Phosphorylation on Ser-46 is required for acetylation by CREBBP. Phosphorylated on Ser-392 following UV but not gamma irradiation. Phosphorylated by NUAK1 at Ser-15 and Ser-392; was initially thought to be mediated by STK11/LKB1 but it was later shown that it is indirect and that STK11/LKB1-dependent phosphorylation is probably mediated by downstream NUAK1 (PubMed:21317932). It is unclear whether AMP directly mediates phosphorylation at Ser-15. Phosphorylated on Thr-18 by isoform 1 and isoform 2 of VRK2. Phosphorylation on Thr-18 by isoform 2 of VRK2 results in a reduction in ubiquitination by MDM2 and an increase in acetylation by EP300. Stabilized by CDK5-mediated phosphorylation in response to genotoxic and oxidative stresses at Ser-15, Ser-33 and Ser-46, leading to accumulation of p53/TP53, particularly in the nucleus, thus inducing the transactivation of p53/TP53 target genes. Phosphorylated by DYRK2 at Ser-46 in response to genotoxic stress. Phosphorylated at Ser-315 and Ser-392 by CDK2 in response to DNA-damage. Phosphorylation at Ser-15 is required for interaction with DDX3X and gamma-tubulin (PubMed:28842590). Phosphorylation at Ser-392 regulates its ability to undergo liquid-liquid phase separation by increasing fluidity of TP53/p53 condensates (PubMed:35618207)",0
8369,P04637,Cellular tumor antigen p53,Dephosphorylated by PP2A-PPP2R5C holoenzyme at Thr-55. SV40 small T antigen inhibits the dephosphorylation by the AC form of PP2A,0
8377,P04001,Medium-wave-sensitive opsin 1,Phosphorylated on some or all of the serine and threonine residues present in the C-terminal region,0
8381,Q7Z589,BRCA2-interacting transcriptional repressor EMSY,"O-glycosylated during cytokinesis at sites identical or close to phosphorylation sites, this interferes with the phosphorylation status",0
8387,O00444,Serine/threonine-protein kinase PLK4,Tyrosine-phosphorylated by TEC,0
8388,O60941,Dystrobrevin beta,Phosphorylated by PKA. Phosphorylation at Thr-11 alters the interaction with KIF5A,1
8392,Q9UJY5,ADP-ribosylation factor-binding protein GGA1,Phosphorylated by CK2 and dephosphorylated by PP2A. Phosphorylation of GGA1 allows the internal DXXLL motif to bind the VHS domain and to inhibit the recognition of cargo signals,1
8397,O95409,Zinc finger protein ZIC 2,Phosphorylated,0
8411,Q9HB58,Sp110 nuclear body protein,Phosphorylated (isoform 2),0
8421,Q14674,Separin,"Phosphorylated by CDK1. There are 8 Ser/Thr phosphorylation sites. Among them, Ser-1126 phosphorylation is the major site, which conducts to the enzyme inactivation",0
8438,O15245,Solute carrier family 22 member 1,Phosphorylated,0
8442,P40198,Cell adhesion molecule CEACAM3,Tyrosine-phosphorylated in response to microbial binding. Tyr-230 and Tyr-241 are both required for phosphorylation to be detected,0
8453,Q9UQQ2,SH2B adapter protein 3,Tyrosine phosphorylated by LCK,1
8456,O95810,Caveolae-associated protein 2,Phosphorylated on Ser residues,0
8466,Q8WXI2,Connector enhancer of kinase suppressor of ras 2,Phosphorylated on tyrosine,0
8469,Q9BQ15,SOSS complex subunit B1,"Phosphorylated by ATM in response to DNA damage. Phosphorylation prevents degradation by the proteasome, hence stabilization of the protein and accumulation within cells",1
8471,Q9GZY6,Linker for activation of T-cells family member 2,"Phosphorylated on tyrosines following cross-linking of BCR in B-cells, FCGR1 in myeloid cells, or FCER1 in mast cells; which induces the recruitment of GRB2",0
8484,O00287,Regulatory factor X-associated protein,Phosphorylated,0
8496,P20339,Ras-related protein Rab-5A,"Phosphorylation of Ser-84 in the switch II region by LRRK2 prevents the association of RAB regulatory proteins, including RAB GDP dissociation inhibitors GDI1 and GDI2",1
8499,Q92499,ATP-dependent RNA helicase DDX1,Phosphorylated by ATM kinase; phosphorylation is increased in response to ionizing radiation (IR),0
8500,P35498,Sodium channel protein type 1 subunit alpha,Phosphorylation at Ser-1516 by PKC in a highly conserved cytoplasmic loop slows inactivation of the sodium channel and reduces peak sodium currents,1
8510,Q9UJT2,Testis-specific serine kinase substrate,Phosphorylated on serine residue(s) by STK22A/TSSK1 and STK22B/TSSK2,1
8516,O94964,Microtubule cross-linking factor 2,Phosphorylated during mitosis in a CDK1-dependent manner,0
8518,Q6ZUJ8,Phosphoinositide 3-kinase adapter protein 1,"Constitutively phosphorylated. Phosphorylated on tyrosine residues in C-terminal region by ABL1. Phosphorylated on tyrosine residues within the YXXM motifs by BTK and SYK (By similarity). Isoform 1 and isoform 2 are phosphorylated on tyrosine residues, most likely within the YXXM motifs, via CD19 activation (By similarity). Toll-like receptor activation induces appearance of a phosphorylated form associated with membranes (By similarity)",1
8535,P09874,Poly [ADP-ribose] polymerase 1,"Phosphorylated at Thr-594 by PRKDC in response to DNA damage following virus infection, promoting its translocation to the cytosol (PubMed:10467406, PubMed:35460603). Phosphorylated by TXK (PubMed:17177976)",0
8543,P31040,"Succinate dehydrogenase [ubiquinone] flavoprotein subunit, mitochondrial",Phosphorylation at Tyr-215 is important for efficient electron transfer in complex II and the prevention of ROS generation,0
8547,O75553,Disabled homolog 1,Phosphorylated by FYN on Tyr-198 and Tyr-220 upon reelin induction in embryonic neurons. Also phosphorylated on Ser-524 independently of reelin signaling,1
8548,O75553,Disabled homolog 1,"Ubiquitinated by various cullin-5-RING E3 ubiquitin-protein ligase complexes (ECS complexes) following ligand-binding and phosphorylation, leading to its degradation. Ubiquitinated by the ECS(SOCS7) complex in the cortical plate of the developing cerebral cortex following ligand-binding and phosphorylation by FYN, leading to its degradation by the proteasome. Recognized by ZSWIM8 through a disorder targets misorder mechanism that eliminates misfolded DAB1 via ubiquitination and proteasomal degradation (PubMed:35989311)",0
8549,P20963,T-cell surface glycoprotein CD3 zeta chain,Phosphorylated on Tyr residues after T-cell receptor triggering by LCK in association with CD4/CD8,0
8553,Q01628,Interferon-induced transmembrane protein 3,Phosphorylation at Tyr-20 is required for endosomal and lysosomal location,0
8559,O00206,Toll-like receptor 4,Phosphorylated on tyrosine residues by LYN after binding lipopolysaccharide,0
8564,P41227,N-alpha-acetyltransferase 10,Phosphorylation by IKBKB/IKKB at Ser-209 promotes its proteasome-mediated degradation,0
8571,Q676U5,Autophagy-related protein 16-1,Phosphorylation at Ser-139 promotes association with the ATG12-ATG5 conjugate to form the ATG12-ATG5-ATG16L1 complex,0
8572,Q9BPZ7,Target of rapamycin complex 2 subunit MAPKAP1,"Phosphorylation at Ser-128 by PKC promotes relocalization to the perinuclear region, where the mTORC2 complex specifically mediates phosphorylation of SGK1 (By similarity). Phosphorylated at Thr-86 by AKT1 or RPS6KB1 in the presence of growth factors; the effect of this phosphorylation is however unclear (By similarity). According to two studies, phosphorylation at Thr-86 by AKT1 is part of a positive feedback loop that increases mTORC2 activation (By similarity). According to another study, phosphorylation at Thr-86 and Thr-398 by RPS6KB1 promotes dissociation from the mTORC2 complex, leading to inhibit mTORC2 signaling (By similarity)",0
8573,O00213,Amyloid beta precursor protein binding family B member 1,"Phosphorylation at Ser-610 by SGK1 promotes its localization to the nucleus (By similarity). Phosphorylated following nuclear translocation (PubMed:15031292, PubMed:18922798). Phosphorylation at Tyr-547 by ABL1 enhances transcriptional activation activity and reduces the affinity for RASD1/DEXRAS1 (PubMed:15031292, PubMed:18922798). Phosphorylated at Ser-459 by PKC upon insulin activation (PubMed:36250347)",1
8576,P07954,"Fumarate hydratase, mitochondrial",Phosphorylation at Thr-236 by PRKDC in response to DNA damage promotes translocation to the nucleus and recruitment to DNA double-strand breaks (DSBs),1
8577,P15924,Desmoplakin,"Phosphorylation at Ser-2849 increases association with intermediate filament cytokeratin, potentially facilitating interaction between desmosome junctions and intermediate filament architecture",0
8581,Q38SD2,Leucine-rich repeat serine/threonine-protein kinase 1,"Autophosphorylated (PubMed:16243488). Autophosphorylation is inhibited in its dimeric state (PubMed:22952686, PubMed:37857821). Phosphorylated by protein kinase C isozymes PRKCA, PRKCB, PRKCG, PRKCE, PRKCZ and PRKCT at Thr-1061, Ser-1064, Ser-1074 and Thr-1075 (PubMed:36040231). Phosphorylation at these Ser-1064, Ser-1074 and Thr-1075 activates the kinase activity of LRRK1 to phosphorylate RAB7A (PubMed:36040231)",1
8582,Q86UE8,Serine/threonine-protein kinase tousled-like 2,"Phosphorylated at Ser-750, probably by CHEK1",1
8583,Q86UE8,Serine/threonine-protein kinase tousled-like 2,Autophosphorylated; phosphorylation promotes the assembly of higher order oligomers and enzymatic activity,0
8585,P63010,AP-2 complex subunit beta,Phosphorylation at Tyr-737 by SRC occurs at the plasma membrane in clathrin-coated vesicles (CCVs),0
8587,O00257,E3 SUMO-protein ligase CBX4,"Phosphorylated on Thr-497 by HIPK2 upon DNA damage. This phosphorylation stimulates E3 SUMO-protein ligase activity and promotes sumoylation on Lys-494, as well as sumoylation of other target proteins, such as HNRNPK",0
8592,Q9BVA1,Tubulin beta-2B chain,"Phosphorylated on Ser-172 by CDK1 during the cell cycle, from metaphase to telophase, but not in interphase. This phosphorylation inhibits tubulin incorporation into microtubules",0
8595,P10747,T-cell-specific surface glycoprotein CD28,Phosphorylated by LCK (PubMed:7568038). Dephosphorylated by PTPN11 (PubMed:36114179),1
8596,P10747,T-cell-specific surface glycoprotein CD28,Tyrosine phosphorylated induced by CD40LG,0
8597,P36507,Dual specificity mitogen-activated protein kinase kinase 2,MAPKK is itself dependent on Ser/Thr phosphorylation for activity catalyzed by MAP kinase kinase kinases (RAF or MEKK1). Phosphorylated by MAP2K1/MEK1 (By similarity),1
8598,P36507,Dual specificity mitogen-activated protein kinase kinase 2,"(Microbial infection) Acetylation of Ser-222 and Ser-226 by Yersinia YopJ prevents phosphorylation and activation, thus blocking the MAPK signaling pathway",0
8603,Q99558,Mitogen-activated protein kinase kinase kinase 14,Autophosphorylated. Phosphorylation at Thr-559 is required to activate its kinase activity and 'Lys-63'-linked polyubiquitination. Phosphorylated by CHUK/IKKA leading to MAP3K14 destabilization,1
8609,Q9H400,Lck-interacting transmembrane adapter 1,"Phosphorylated on tyrosines upon TCR activation and/or CD4 coreceptor stimulation, or upon BCR stimulation; which leads to the recruitment of SH2-containing proteins",0
8611,O75694,Nuclear pore complex protein Nup155,Phosphorylated. Phosphorylation and dephosphorylation may be important for the function of NUP155 and may play a role in the reversible disassembly of the nuclear pore complex during mitosis (By similarity),0
8617,Q9UJV9,Probable ATP-dependent RNA helicase DDX41,Phosphorylated by BTK; phosphorylation induces binding to dsDNA and STING1,0
8621,P51828,Adenylate cyclase type 7,Phosphorylated by PRKCD,1
8629,Q9UGC6,Regulator of G-protein signaling 17,Serine phosphorylated in synapsomal membranes,0
8642,O00358,Forkhead box protein E1,Phosphorylated,0
8643,O75916,Regulator of G-protein signaling 9,Retinal isoform 3 is light-dependent phosphorylated at 'Ser-478'. Phosphorylation is decreased by light exposition (By similarity),0
8649,Q99542,Matrix metalloproteinase-19,Tyrosine phosphorylated by PKDCC/VLK,1
8670,Q14195,Dihydropyrimidinase-related protein 3,"Phosphorylation on Ser-522 by DYRK2 promotes subsequent phosphorylation on Thr-509, Thr-514 and Ser-518 by GSK3",0
8671,Q2M2Z5,Centrosomal protein kizuna,Phosphorylation at Thr-379 by PLK1 is not needed for centrosomal localization or pericentriolar material expansion but is indispensable for spindle-pole stabilization,1
8681,Q96NB3,Zinc finger protein 830,Phosphorylated in response to DNA damage by the cell cycle checkpoint kinases ATR/ATM,1
8686,Q9HC97,G-protein coupled receptor 35,Multiply phosphorylated in clusters of serines and threonines in the C-terminal tail (PubMed:35101446). Phosphorylation of Ser-300 and Ser-303 is mediated by GRK5 and/or GRK6 (PubMed:37660910),1
8693,P26006,Integrin alpha-3,"Isoform 1, but not isoform 2, is phosphorylated on serine residues. Phosphorylation increases after phorbol 12-myristate 13-acetate stimulation",0
8721,Q9NPH2,Inositol-3-phosphate synthase 1,Phosphorylation at Ser-279 and Ser-357 may be associated with a decrease in activity,0
8741,P57737,Coronin-7,The membrane-associated form is phosphorylated on tyrosine residues,0
8749,Q8NEZ5,F-box only protein 22,Phosphorylated by EIF2AK4 at Thr-127 causes cytoplasmic retention of FBXO22,1
8753,Q9HAT8,E3 ubiquitin-protein ligase pellino homolog 2,Phosphorylated by IRAK1 and IRAK4 enhancing its E3 ligase activity,1
8767,P37173,TGF-beta receptor type-2,Phosphorylated on a Ser/Thr residue in the cytoplasmic domain,0
8787,Q5TEJ8,Protein THEMIS2,Phosphorylation at Tyr-632 is induced by LPS. Phosphorylated by Src kinases (Lck or Fyn) following BCR engagement,1
8788,Q8WYK2,Jun dimerization protein 2,"Phosphorylation of Thr-148 by MAPK8 in response to different stress conditions such as, UV irradiation, oxidatives stress and anisomycin treatments",1
8790,Q9BY77,Polymerase delta-interacting protein 3,Phosphorylated at Ser-383 and Ser-385 by RPS6KB1,1
8800,Q9BW71,HIRA-interacting protein 3,Phosphorylated by CK2,1
8806,P07910,Heterogeneous nuclear ribonucleoproteins C1/C2,Phosphorylated on Ser-260 and Ser-299 in resting cells. Phosphorylated on Ser-253 and on 1 serine residue in the poly-Ser stretch at position 238 in response to hydrogen peroxide,0
8811,P42566,Epidermal growth factor receptor substrate 15,"Phosphorylation on Tyr-849 is involved in the internalization of EGFR. Not required for membrane translocation after EGF treatment or for targeting to coated pits, but essential for a subsequent step in EGFR endocytosis (By similarity). Phosphorylated on serine upon DNA damage, probably by ATM or ATR",0
8814,Q9UH77,Kelch-like protein 3,"Phosphorylation at Ser-433 by PKA or PKC decreases the interaction with WNK1 and WNK4, leading to inhibit their degradation by the BCR(KLHL3) complex (PubMed:25313067, PubMed:26435498, PubMed:27727489, PubMed:30718414). Phosphorylated at Ser-433 by PKC in response to angiotensin II signaling, decreasing ability to promote degradation of WNK1 and WNK4, leading to activation of Na-Cl cotransporter SLC12A3/NCC (PubMed:25313067). Phosphorylation at Ser-433 is increased by insulin (PubMed:26435498). Dephosphorylated at Ser-433 by calcineurin PPP3CA, promoting degradation of WNK1 and WNK4 (PubMed:30718414)",1
8815,Q9NRC8,NAD-dependent protein deacetylase sirtuin-7,Phosphorylated during mitosis,0
8822,Q8IUW5,RELT-like protein 1,Phosphorylated in vitro by OXSR1,1
8826,P19793,Retinoic acid receptor RXR-alpha,"Phosphorylated on serine and threonine residues mainly in the N-terminal modulating domain (By similarity). Constitutively phosphorylated on Ser-21 in the presence or absence of ligand (By similarity). Under stress conditions, hyperphosphorylated by activated JNK on Ser-56, Ser-70, Thr-82 and Ser-260 (By similarity). Phosphorylated on Ser-27, in vitro, by PKA (PubMed:11162439). This phosphorylation is required for repression of cAMP-mediated transcriptional activity of RARA (PubMed:11162439)",0
8831,P11277,"Spectrin beta chain, erythrocytic","The first phosphorylation event occurs on Ser-2114, followed by Ser-2125, Ser-2123, Ser-2128, Ser-2117, and Thr-2110",0
8834,P46734,Dual specificity mitogen-activated protein kinase kinase 3,Autophosphorylated. Phosphorylation on Ser-218 and Thr-222 by MAP kinase kinase kinases positively regulates the kinase activity (PubMed:8622669). Phosphorylated by TAOK2 (PubMed:11279118),1
8835,P46734,Dual specificity mitogen-activated protein kinase kinase 3,"(Microbial infection) Yersinia YopJ may acetylate Ser/Thr residues, preventing phosphorylation and activation, thus blocking the MAPK signaling pathway",0
8840,Q09013,Myotonin-protein kinase,Phosphorylated. Autophosphorylates. Phosphorylation by RAF1 may result in activation of DMPK,1
8842,Q16513,Serine/threonine-protein kinase N2,Autophosphorylated. Phosphorylated during mitosis. Phosphorylated by CDK10 (PubMed:27104747),1
8851,Q8TD43,Transient receptor potential cation channel subfamily M member 4,Phosphorylation by PKC leads to increase the sensitivity to Ca(2+),1
8854,O94913,Pre-mRNA cleavage complex 2 protein Pcf11,"Phosphorylation at Ser-120 and/or Thr-121 by WNK1 weakens its association with POLR2A/RNA polymerase II, promoting transcript release from the chromatin template and mRNA export to the cytoplasm",1
8855,O95716,Ras-related protein Rab-3D,"Phosphorylation of Thr-86 in the switch II region by LRRK2 prevents the association of RAB regulatory proteins, including CHM and CHML",1
8875,P15976,Erythroid transcription factor,Highly phosphorylated on serine residues. Phosphorylation on Ser-310 is enhanced on erythroid differentiation. Phosphorylation on Ser-142 promotes sumoylation on Lys-137 (By similarity),0
8876,P15976,Erythroid transcription factor,Sumoylation on Lys-137 is enhanced by phosphorylation on Ser-142 and by interaction with PIAS4. Sumoylation with SUMO1 has no effect on transcriptional activity (By similarity),0
8880,Q14145,Kelch-like ECH-associated protein 1,"Degraded via a proteasomal-independent process during selective autophagy: interaction with phosphorylated SQSTM1/p62 sequesters KEAP1 in inclusion bodies, leading to its degradation",0
8886,P19235,Erythropoietin receptor,"On EPO stimulation, phosphorylated on C-terminal tyrosine residues by JAK2 (PubMed:11781573). The phosphotyrosine motifs are also recruitment sites for several SH2-containing proteins and adapter proteins which mediate cell proliferation (PubMed:10374881). Phosphorylation on Tyr-454 is required for PTPN6 interaction, Tyr-426 for PTPN11 (By similarity). Tyr-426 is also required for SOCS3 binding, but Tyr-454/Tyr-456 motif is the preferred binding site (PubMed:12027890)",1
8887,P19235,Erythropoietin receptor,"Ubiquitinated by the ECS(SOCS2) complex following ligand-binding and phosphorylation by JAK2, leading to its degradation by the proteasome (PubMed:11781573, PubMed:31182716). Regulation by the ECS(SOCS2) complex acts as a negative feedback loop of erythropoietin-mediated signaling pathway (PubMed:11781573). Ubiquitination at Lys-281 mediates receptor internalization, whereas ubiquitination at Lys-453 promotes trafficking of activated receptors to the lysosomes for degradation (By similarity). Ubiquitinated by NOSIP; appears to be either multi-monoubiquitinated or polyubiquitinated (PubMed:12746455). Ubiquitination mediates proliferation and survival of EPO-dependent cells (By similarity)",0
8890,O60602,Toll-like receptor 5,Phosphorylated at Ser-805 by PKD/PRKD1; phosphorylation induces the production of inflammatory cytokines,1
8891,O60602,Toll-like receptor 5,Phosphorylated at Tyr-798 upon flagellin binding; required for signaling,0
8895,Q6PHR2,Serine/threonine-protein kinase ULK3,Autophosphorylated. Autophosphorylation is blocked by interaction with SUFU,1
8900,Q9UKL0,REST corepressor 1,Phosphorylated by HSV-1 protein kinases in case of infection,1
8905,P07197,Neurofilament medium polypeptide,"There are a number of repeats of the tripeptide K-S-P, NFM is phosphorylated on a number of the serines in this motif. It is thought that phosphorylation of NFM results in the formation of interfilament cross bridges that are important in the maintenance of axonal caliber",0
8906,P07197,Neurofilament medium polypeptide,"Phosphorylation seems to play a major role in the functioning of the larger neurofilament polypeptides (NF-M and NF-H), the levels of phosphorylation being altered developmentally and coincidentally with a change in the neurofilament function",0
8907,P07197,Neurofilament medium polypeptide,"Phosphorylated in the head and rod regions by the PKC kinase PKN1, leading to the inhibition of polymerization",0
8927,Q99704,Docking protein 1,Constitutively tyrosine-phosphorylated. Phosphorylated by TEC (By similarity). Phosphorylated by LYN (By similarity). Phosphorylated on tyrosine residues by the insulin receptor kinase. Results in the negative regulation of the insulin signaling pathway. Phosphorylated on tyrosine residues by SRMS,1
8937,O15350,Tumor protein p73,"Isoform alpha (but not isoform beta) is sumoylated on Lys-627, which potentiates proteasomal degradation but does not affect transcriptional activity. Phosphorylation by PLK1 and PLK3 inhibits the transcription regulator activity and pro-apoptotic function",1
8938,O15350,Tumor protein p73,Higher levels of phosphorylation seen in the brain from patients with Huntington disease,0
8940,Q53EZ4,Centrosomal protein of 55 kDa,"There is a hierachy of phosphorylation, where both Ser-425 and Ser-428 are phosphorylated at the onset of mitosis, prior to Ser-436. Phosphorylation at Ser-425 and Ser-428 is required for dissociation from the centrosome at the G2/M boundary. Phosphorylation at the 3 sites, Ser-425, Ser-428 and Ser-436, is required for protein function at the final stages of cell division to complete cytokinesis successfully",0
8952,Q9UEW8,STE20/SPS1-related proline-alanine-rich protein kinase,"Phosphorylation at Thr-231 by WNK kinases (WNK1, WNK2, WNK3 or WNK4) is required for activation (PubMed:16832045, PubMed:17190791, PubMed:21321328, PubMed:34289367). Autophosphorylation at Thr-231 positively regulates its activity (By similarity). Phosphorylated at Ser-309 by PRKCQ (PubMed:14988727)",1
8971,Q9Y5T5,Ubiquitin carboxyl-terminal hydrolase 16,Phosphorylated at the onset of mitosis and dephosphorylated during the metaphase/anaphase transition. Phosphorylation by AURKB enhances the deubiquitinase activity,0
8978,Q15109,Advanced glycosylation end product-specific receptor,Phosphorylated on its cytoplasmic domain by PKCzeta/PRKCZ upon ligand binding,1
8980,O15162,Phospholipid scramblase 1,Phosphorylation at Thr-161 by PKC/PKCD increases its phospholipid scramblase activity during both cell stimulation and apoptosis (PubMed:10770950). Phosphorylated by OXSR1 in the presence of RELT,1
8981,O15162,Phospholipid scramblase 1,"Palmitoylation is required for its phospholipid scramblase activity (PubMed:9572851). Palmitoylation regulates its localization to the cell membrane or the nucleus; trafficking to the cell membrane is dependent upon palmitoylation whereas in the absence of palmitoylation, localizes to the nucleus (PubMed:12564925)",0
8982,O14818,Proteasome subunit alpha type-7,Phosphorylation by ABL1 or ABL2 leads to an inhibition of proteasomal activity and cell cycle transition blocks,1
8987,Q92574,Hamartin,Phosphorylation at Ser-505 does not affect interaction with TSC2,0
8989,P49736,DNA replication licensing factor MCM2,"Phosphorylated on Ser-108 by ATR in proliferating cells. Ser-108 proliferation is increased by genotoxic agents. Ser-40 is mediated by the CDC7-DBF4 and CDC7-DBF4B complexes, while Ser-53 phosphorylation is only mediated by the CDC7-DBF4 complex. Phosphorylation by the CDC7-DBF4 complex during G1/S phase is required for the initiation of DNA replication",0
9000,Q9GZQ8,Microtubule-associated protein 1 light chain 3 beta,"The precursor molecule is cleaved by ATG4 (ATG4A, ATG4B, ATG4C or ATG4D) to expose the glycine at the C-terminus and form the cytosolic form, LC3-I (PubMed:15187094, PubMed:15355958, PubMed:20818167, PubMed:29458288, PubMed:30661429, PubMed:31315929). The processed form is then activated by APG7L/ATG7, transferred to ATG3 and conjugated to phosphatidylethanolamine (PE) phospholipid to form the membrane-bound form, LC3-II (PubMed:15187094). During non-canonical autophagy, the processed form is conjugated to phosphatidylserine (PS) phospholipid (PubMed:33909989). ATG4 proteins also mediate the delipidation of PE-conjugated forms (PubMed:29458288, PubMed:33909989). In addition, ATG4B and ATG4D mediate delipidation of ATG8 proteins conjugated to PS during non-canonical autophagy (PubMed:33909989). ATG4B constitutes the major protein for proteolytic activation (PubMed:30661429). ATG4D is the main enzyme for delipidation activity (By similarity)",0
9002,Q9GZQ8,Microtubule-associated protein 1 light chain 3 beta,Phosphorylation by PKA inhibits conjugation of phosphatidylethanolamine (PE) (PubMed:22948227). Interaction with MAPK15 reduces the inhibitory phosphorylation and increases autophagy activity (PubMed:22948227),0
9010,P68371,Tubulin beta-4B chain,"Phosphorylated on Ser-172 by CDK1 during the cell cycle, from metaphase to telophase, but not in interphase. This phosphorylation inhibits tubulin incorporation into microtubules",0
9020,P02748,Complement component C9,Phosphorylation sites are present in the extracellular medium,0
9029,P26842,CD27 antigen,Phosphorylated,0
9032,P30305,M-phase inducer phosphatase 2,"Phosphorylated by BRSK1 in vitro. Phosphorylated by CHEK1, which inhibits the activity of this protein. Phosphorylation at Ser-353 by AURKA might locally participate in the control of the onset of mitosis. Phosphorylation by MELK at Ser-169 promotes localization to the centrosome and the spindle poles during mitosis. Phosphorylation at Ser-323 and Ser-375 by MAPK14 is required for binding to 14-3-3 proteins",1
9036,Q14181,DNA polymerase alpha subunit B,"Phosphorylated in a cell cycle-dependent manner, in G2/M phase",0
9042,O96017,Serine/threonine-protein kinase Chk2,"Phosphorylated. Phosphorylated at Ser-73 by PLK3 in response to DNA damage, promoting phosphorylation at Thr-68 by ATM and the G2/M transition checkpoint. Phosphorylation at Thr-68 induces homodimerization. Autophosphorylates at Thr-383 and Thr-387 in the T-loop/activation segment upon dimerization to become fully active and phosphorylate its substrates like for instance CDC25C. DNA damage-induced autophosphorylation at Ser-379 induces CUL1-mediated ubiquitination and regulates the pro-apoptotic function. Phosphorylation at Ser-456 also regulates ubiquitination. Phosphorylated by PLK4",0
9045,Q14573,"Inositol 1,4,5-trisphosphate-gated calcium channel ITPR3",Phosphorylated by AKT1 on serine and/or threonine residues (By similarity),1
9081,Q99733,Nucleosome assembly protein 1-like 4,"Phosphorylated at the G0/G1 boundary but it is not phosphorylated in S-phase. Phosphorylated protein remains in the cytoplasm in a complex with histones during the G0/G1 transition, whereas dephosphorylation triggers its transport into the nucleus at the G1/S-boundary",0
9088,Q06124,Tyrosine-protein phosphatase non-receptor type 11,Phosphorylated on Tyr-542 and Tyr-580 upon receptor protein tyrosine kinase activation; which creates a binding site for GRB2 and other SH2-containing proteins. Phosphorylated upon activation of the receptor-type kinase FLT3. Phosphorylated upon activation of the receptor-type kinase PDGFRA (By similarity). Phosphorylated by activated PDGFRB,1
9090,P29350,Tyrosine-protein phosphatase non-receptor type 6,Phosphorylated on tyrosine residues. Binding of KITLG/SCF to KIT increases tyrosine phosphorylation (By similarity). Phosphorylation at Tyr-564 by LYN enhances phosphatase activity. Phosphorylation at Thr-394 by TAOK3 leads to polyubiquitination and subsequent proteasomal degradation (PubMed:38166031),1
9091,P29350,Tyrosine-protein phosphatase non-receptor type 6,Ubiquitinated after phosphorylation by TAOK3 (PubMed:38166031). Ubiquitinated by a cooperation between ITCH and WWP2 via 'Lys-27'-mediated polyubiquitin chains resulting in the reduction of its association with LCK (PubMed:29925997),0
9096,P17936,Insulin-like growth factor-binding protein 3,Phosphorylated by FAM20C in the extracellular medium. Phosphorylated by CK2; resulting in decreased nuclear localization (PubMed:19556345),1
9104,O95295,SNARE-associated protein Snapin,"Phosphorylated by CSNK1D/CK1 (By similarity). Phosphorylated by PKD, phosphorylation controls SNAPIN protein stability",1
9109,Q13614,"Phosphatidylinositol-3,5-bisphosphate 3-phosphatase MTMR2",Phosphorylation at Ser-58 decreases MTMR2 localization to endocytic vesicular structures,0
9112,P0CG47,Polyubiquitin-B,"Phosphorylated at Ser-65 by PINK1 during mitophagy (PubMed:24660806, PubMed:24751536, PubMed:24784582, PubMed:25527291, PubMed:26161729). Phosphorylated ubiquitin specifically binds and activates parkin (PRKN), triggering mitophagy (PubMed:24660806, PubMed:24751536, PubMed:24784582, PubMed:25527291, PubMed:26161729). Phosphorylation does not affect E1-mediated E2 charging of ubiquitin but affects discharging of E2 enzymes to form polyubiquitin chains. It also affects deubiquitination by deubiquitinase enzymes such as USP30 (PubMed:25527291)",1
9116,O43561,Linker for activation of T-cells family member 1,"Phosphorylated on tyrosines by ZAP70 upon TCR activation, or by SYK upon other immunoreceptor activation; which leads to the recruitment of multiple signaling molecules. Is one of the most prominently tyrosine-phosphorylated proteins detected following TCR engagement. May be dephosphorylated by PTPRJ. Phosphorylated by ITK leading to the recruitment of VAV1 to LAT-containing complexes",1
9117,O43561,Linker for activation of T-cells family member 1,Palmitoylation of Cys-26 and Cys-29 is required for raft targeting and efficient phosphorylation,0
9139,Q13428,Treacle protein,"Pyrophosphorylated by 5-diphosphoinositol pentakisphosphate (5-IP7). Serine pyrophosphorylation is achieved by Mg(2+)-dependent, but enzyme independent transfer of a beta-phosphate from a inositol pyrophosphate to a pre-phosphorylated serine residue",0
9141,Q5VWX1,"KH domain-containing, RNA-binding, signal transduction-associated protein 2","Tyrosine phosphorylated by FYN, PTK6 and SRC. Tyrosine phosphorylated by SRC during mitosis (By similarity)",0
9143,Q8IYV9,Izumo sperm-egg fusion protein 1,Phosphorylated. The cytoplasmic C-terminus is phosphorylated and undergoes phosphorylation changes during epididymal transit,0
9147,Q9UNH7,Sorting nexin-6,In vitro phosphorylated by PIM1; not affecting PIM1-dependent nuclear translocation (PubMed:11591366),1
9150,Q9Y2W7,Calsenilin,Phosphorylation at Ser-63 inhibits cleavage by CASP3,0
9152,Q05066,Sex-determining region Y protein,Phosphorylated on serine residues by PKA. Phosphorylation by PKA enhances its DNA-binding activity and stimulates transcription repression,1
9158,P16402,Histone H1.3,"H1 histones are progressively phosphorylated during the cell cycle, becoming maximally phosphorylated during late G2 phase and M phase, and being dephosphorylated sharply thereafter",0
9169,Q5S007,Leucine-rich repeat serine/threonine-protein kinase 2,"Autophosphorylated at Ser-1292; autophosphorylation is stimulated by RAB29 (PubMed:28202711, PubMed:28720718, PubMed:29127255, PubMed:29212815, PubMed:30635421, PubMed:38127736). Phosphorylation of Ser-910 and either Ser-935 or Ser-1444 facilitates interaction with YWHAG (PubMed:28202711). Phosphorylation of Ser-910 and/or Ser-935 facilitates interaction with SFN (PubMed:28202711)",1
9173,P15382,Potassium voltage-gated channel subfamily E member 1,Phosphorylation inhibits the potassium current,0
9179,Q9NR71,Neutral ceramidase,Phosphorylated. May prevent ubiquitination and subsequent degradation,0
9182,O14493,Claudin-4,Phosphorylated. Phosphorylation by EPHA2 is stimulated by EFNA1 and alters interaction with TJP1,0
9185,P78368,Casein kinase I isoform gamma-2,Autophosphorylated (PubMed:18794808). Phosphorylated by aPKC which promotes dissociation from the cell cortex (PubMed:26481050),1
9187,Q13761,Runt-related transcription factor 3,Phosphorylated on tyrosine residues by SRC. Phosphorylated by LCK and FYN,1
9208,P11166,"Solute carrier family 2, facilitated glucose transporter member 1",Phosphorylation at Ser-226 by PKC promotes glucose uptake by increasing cell membrane localization,1
9211,Q03135,Caveolin-1,Phosphorylated at Tyr-14 by ABL1 in response to oxidative stress,0
9212,O14777,Kinetochore protein NDC80 homolog,Phosphorylation begins in S phase of the cell cycle and peaks in mitosis. Phosphorylated by NEK2. Also phosphorylated by AURKA and AURKB,1
9232,Q9NWQ8,Phosphoprotein associated with glycosphingolipid-enriched microdomains 1,Phosphorylated by FYN on Tyr-317 in resting T-cells; which promotes interaction with CSK. Dephosphorylated by PTPRC/CD45 upon TCR activation; which leads to CSK dissociation. May also be dephosphorylated by PTPN11. Hyperphosphorylated in mast cells upon FCER1 activation. Phosphorylated by LYN,0
9251,Q5JSH3,WD repeat-containing protein 44,Phosphorylated by ATK1; the phosphorylation stabilizes its interaction with RAB11A and RAB11B,1
9277,Q9H6Q3,Src-like-adapter 2,Phosphorylated by CSF1R,1
9278,Q9UGN4,CMRF35-like molecule 8,Phosphorylated on tyrosine,0
9284,O60566,Mitotic checkpoint serine/threonine-protein kinase BUB1 beta,Autophosphorylated in vitro. Intramolecular autophosphorylation is stimulated by CENPE. Phosphorylated during mitosis and hyperphosphorylated in mitotically arrested cells. Phosphorylation at Ser-670 and Ser-1043 occurs at kinetochores upon mitotic entry with dephosphorylation at the onset of anaphase,0
9285,P26715,NKG2-A/NKG2-B type II integral membrane protein,Phosphorylated,0
9287,P12694,"2-oxoisovalerate dehydrogenase subunit alpha, mitochondrial",Phosphorylated at Ser-337 by BCKDK and dephosphorylated by protein phosphatase PPM1K,1
9289,P51787,Potassium voltage-gated channel subfamily KQT member 1,"Phosphorylation at Ser-27 by PKA; increases delayed rectifier potassium channel activity of the KCNQ1-KCNE1 complex through a macromolecular complex that includes PKA, PP1, and the targeting protein AKAP9",0
9299,P06239,Tyrosine-protein kinase Lck,"Autophosphorylated on Tyr-394, increasing enzymatic activity, this site is dephosphorylated by PTN22. Phosphorylated on Tyr-505 by CSK, decreasing activity. Dephosphorylated by PTPRC/CD45. Dephosphorylation at Tyr-394 by PTPN2 negatively regulates T-cell receptor signaling. Dephosphorylation at Tyr-394 by DUSP22 negatively regulates T-cell receptor signaling (PubMed:24714587, PubMed:38225265)",1
9302,P06239,Tyrosine-protein kinase Lck,'Lys-63'-linked ubiquitinated at Lys-99 and Lys-276 by UBR2; this modification is required for autophosphorylation at Tyr-394,0
9303,O00238,Bone morphogenetic protein receptor type-1B,Autophosphorylated,1
9314,O15151,Protein Mdm4,Phosphorylated. Phosphorylation at Ser-367 promotes interaction with YWHAG and subsequent ubiquitination and degradation. Phosphorylation at Ser-342 also induces ubiquitination and degradation but to a lower extent,0
9316,P20701,Integrin alpha-L,"In resting T-cells, up to 40% of surface ITGAL is constitutively phosphorylated. Phosphorylation causes conformational changes needed for ligand binding and is necessary for activation by some physiological agents",0
9317,P25787,Proteasome subunit alpha type-2,Phosphorylated on tyrosine residues; which may be important for nuclear import,0
9324,Q96L34,MAP/microtubule affinity-regulating kinase 4,Ubiquitinated with 'Lys-29'- and 'Lys-33'-linked polyubiquitins which appear to impede LKB1-mediated phosphorylation. Deubiquitinated by USP9X,0
9325,Q96L34,MAP/microtubule affinity-regulating kinase 4,Phosphorylated at Thr-214 by STK11/LKB1 in complex with STE20-related adapter-alpha (STRADA) pseudo kinase and CAB39 (PubMed:14976552). Phosphorylated throughout the cell cycle (PubMed:25123532),0
9329,O75179,Ankyrin repeat domain-containing protein 17,Phosphorylated by CDK2,1
9331,P23258,Tubulin gamma-1 chain,"Phosphorylation at Ser-131 by BRSK1 regulates centrosome duplication, possibly by mediating relocation of gamma-tubulin and its associated proteins from the cytoplasm to the centrosome",1
9333,P80192,Mitogen-activated protein kinase kinase kinase 9,Autophosphorylation on serine and threonine residues within the activation loop plays a role in enzyme activation. Thr-312 is likely to be the main autophosphorylation site. Autophosphorylation also occurs on Thr-304 and Ser-308,1
9334,Q14155,Rho guanine nucleotide exchange factor 7,Phosphorylated by PTK2/FAK1; this promotes interaction with RAC1 (By similarity). Phosphorylated on Ser-694 by CaMK1; enhancement of GEF activity and downstream activation of RAC1,1
9337,Q5BJF6,Outer dense fiber protein 2,Tyrosine phosphorylated. Phosphorylated by TSSK4 on Ser-95,1
9340,Q9H0W8,Nonsense-mediated mRNA decay factor SMG9,Phosphorylated by SMG1,1
9342,Q9H9T3,Elongator complex protein 3,Tyrosine-phosphorylated; phosphorylation on Tyr-202 does not affect elongator complex integrity or ELP3 protein stability (PubMed:31341009). Also serine/threonine-phosphorylated (PubMed:31341009),0
9348,Q8N9V6,Ankyrin repeat domain-containing protein 53,Phosphorylated during mitosis (PubMed:26820536),0
9354,P60953,Cell division control protein 42 homolog,"Phosphorylated by SRC in an EGF-dependent manner, this stimulates the binding of the Rho-GDP dissociation inhibitor RhoGDI",0
9358,Q13422,DNA-binding protein Ikaros,"Phosphorylation controls cell-cycle progression from late G(1) stage to S stage. Hyperphosphorylated during G2/M phase. Dephosphorylated state during late G(1) phase. Phosphorylation on Thr-140 is required for DNA and pericentromeric location during mitosis. CK2 is the main kinase, in vitro. GSK3 and CDK may also contribute to phosphorylation of the C-terminal serine and threonine residues. Phosphorylation on these C-terminal residues reduces the DNA-binding ability. Phosphorylation/dephosphorylation events on Ser-13 and Ser-295 regulate TDT expression during thymocyte differentiation. Dephosphorylation by protein phosphatase 1 regulates stability and pericentromeric heterochromatin location. Phosphorylated in both lymphoid and non-lymphoid tissues (By similarity). Phosphorylation at Ser-361 and Ser-364 downstream of SYK induces nuclear translocation",0
9364,O14994,Synapsin-3,Phosphorylation at Ser-9 dissociates synapsins from synaptic vesicles,0
9375,O43281,Embryonal Fyn-associated substrate,Phosphorylated on multiple tyrosine residues. Phosphorylated on tyrosines by FYN and SRC (By similarity),1
9384,Q9BQQ3,Golgi reassembly-stacking protein 1,"Phosphorylated by CDC2/B1 and PLK kinases during mitosis. Phosphorylation cycle correlates with the cisternal stacking cycle. Phosphorylation of the homodimer prevents the association of dimers into higher-order oligomers, leading to cisternal unstacking",1
9388,Q9UKT5,F-box only protein 4,Phosphorylation at Ser-12 varies during the cell cycle (By similarity). It is low in resting cells and high in the S phase and the G2/M phase of the cell cycle. Phosphorylation is decreased during late G1 phase (By similarity). Phosphorylation at Ser-12 promotes homodimerization and is necessary for optimal ubiquitin ligase activity towards CCND1 (PubMed:18598945),0
9399,Q9BXI6,TBC1 domain family member 10A,Exists in both phosphorylated and non-phosphorylated state,0
9407,P68104,Elongation factor 1-alpha 1,Phosphorylated by TXK (PubMed:17177976). Phosphorylation by PASK increases translation efficiency (PubMed:17595531). Phosphorylated by ROCK2 (PubMed:26497934). Phosphorylation by TGFBR1 inhibits translation elongation (PubMed:20832312),0
9410,Q01844,RNA-binding protein EWS,Phosphorylated; calmodulin-binding inhibits phosphorylation of Ser-266,0
9420,Q96S15,GATOR2 complex protein WDR24,"Phosphorylation at Ser-155 by AMPK in response to glucose deprivation inactivates WDR24 by promoting interaction with 14-3-3 proteins, such as YWHAG, preventing assembly of the GATOR2 complex",1
9425,Q9NPG2,Neuroglobin,"Phosphorylated during hypoxia by ERK1/ERK2. Phosphorylation regulates the heme pocket hexacoordination preventing the association of His-64 with the heme metal center. Thereby, promotes the access of dioxygen and nitrite to the heme and stimulates the nitrite reductase activity. Phosphorylation during hypoxia is stabilized by 14-3-3 proteins",1
9432,O14641,Segment polarity protein dishevelled homolog DVL-2,"Phosphorylated by CSNK1D (PubMed:21422228, PubMed:9192851). WNT3A induces DVL2 phosphorylation by CSNK1E and MARK kinases (PubMed:25805136)",1
9435,O95453,Poly(A)-specific ribonuclease PARN,"Phosphorylation by MAPKAPK2, preventing GADD45A mRNA degradation after genotoxic stress",1
9438,Q08050,Forkhead box protein M1,"Phosphorylated in M (mitotic) phase (PubMed:17101782, PubMed:19160488, PubMed:30139873). Phosphorylation by the checkpoint kinase CHEK2 in response to DNA damage increases the FOXM1 protein stability probably stimulating the transcription of genes involved in DNA repair (PubMed:17101782). Phosphorylated by CDK1 in late S and G2 phases, creating docking sites for the POLO box domains of PLK1 (PubMed:19160488, PubMed:30139873). Subsequently, PLK1 binds and phosphorylates FOXM1, leading to activation of transcriptional activity and subsequent enhanced expression of key mitotic regulators (PubMed:19160488)",1
9439,Q13651,Interleukin-10 receptor subunit alpha,Phosphorylated. Phosphorylation of the cytoplasmic tail induced STAT3 activation,0
9441,Q9UL45,Biogenesis of lysosome-related organelles complex 1 subunit 6,Phosphorylated,0
9444,P16157,Ankyrin-1,Regulated by phosphorylation,0
9449,P07101,Tyrosine 3-monooxygenase,"Phosphorylated on Ser-19, Ser-62 and Ser-71 by several protein kinases with different site specificities. Phosphorylation at Ser-62 and Ser-71 leads to an increase of TH activity (PubMed:7901013). Phosphorylation at Ser-71 activates the enzyme and also counteracts the feedback inhibition of TH by catecholamines (PubMed:15287903). Phosphorylation of Ser-19 and Ser-62 triggers the proteasomal degradation of TH through the ubiquitin-proteasome pathway (By similarity). Phosphorylation at Ser-62 facilitates transport of TH from the soma to the nerve terminals via the microtubule network (PubMed:28637871). Phosphorylation at Ser-19 induces the high-affinity binding to the 14-3-3 protein YWHAG; this interaction may influence the phosphorylation and dephosphorylation of other sites (PubMed:24947669). Ser-19 increases the phosphorylation at Ser-71 in a hierarchical manner, leading to increased activity (By similarity)",0
9450,Q92922,SWI/SNF complex subunit SMARCC1,Phosphorylated on undefined residues at the G2/M transition by ERK1 and other kinases. This may contribute to cell cycle specific inactivation of remodeling complexes containing the phosphorylated protein,1
9459,P11049,Leukocyte antigen CD37,Tyrosine phosphorylated; leading to activation of downstream signaling pathways,0
9460,P21854,B-cell differentiation antigen CD72,"Phosphorylated upon engagement of the B-cell receptor, probably by LYN or SYK. Phosphorylation at Tyr-7 is important for interaction with PTPN6/SHP-1",1
9472,Q8WXE9,Stonin-2,Phosphorylated in vitro by PKD,0
9477,Q99426,Tubulin-folding cofactor B,Phosphorylation by PAK1 is required for normal function,0
9499,Q96E09,PPP2R1A-PPP2R2A-interacting phosphatase regulator 1,"CHEK1-mediated phosphorylation at Ser-37 negatively regulates its ability to inhibit serine/threonine-protein phosphatase 2A (PP2A) activity. Phosphorylation leads to its release from the PP2A complex and its sequestration by 14-3-3 proteins in the cytoplasm resulting in its inability to translocate to the nucleus, where it otherwise inhibits PP2A",1
9501,Q99551,"Transcription termination factor 1, mitochondrial","Phosphoprotein with mostly four phosphate groups. While the DNA-binding activity is unaffected by the phosphorylation state, only the phosphorylated form of the protein is active for termination activity. Functioning seems to be regulated by phosphorylation",0
9503,O00203,AP-3 complex subunit beta-1,Phosphorylated on serine residues,0
9504,O00203,AP-3 complex subunit beta-1,"Pyrophosphorylation by 5-diphosphoinositol pentakisphosphate (5-IP7) impairs interaction with KIF3A (PubMed:19934039). Serine pyrophosphorylation is achieved by Mg(2+)-dependent, but enzyme independent transfer of a beta-phosphate from a inositol pyrophosphate to a pre-phosphorylated serine residue (PubMed:19934039)",0
9509,Q8IU60,m7GpppN-mRNA hydrolase,Phosphorylated at ser-249 in a MTOR-dependent manner (PubMed:26098573),1
9510,P08581,Hepatocyte growth factor receptor,Autophosphorylated in response to ligand binding on Tyr-1234 and Tyr-1235 in the kinase domain leading to further phosphorylation of Tyr-1349 and Tyr-1356 in the C-terminal multifunctional docking site. Dephosphorylated by PTPRJ at Tyr-1349 and Tyr-1365. Dephosphorylated by PTPN1 and PTPN2,1
9513,P08581,Hepatocyte growth factor receptor,(Microbial infection) Tyrosine phosphorylation is stimulated by L.monocytogenes InlB. Tyrosine phosphorylation is maximal 10-20 minutes after treatment with InlB and disappears by 60 minutes. The phosphorylated residues were not identified,0
9520,Q9BSD3,"RAD9, HUS1, RAD1-interacting nuclear orphan protein 1","Phosphorylated at Ser-51 by PLK1, promoting interaction with polymerase theta (POLQ)",1
9531,Q86V86,Serine/threonine-protein kinase pim-3,Phosphorylated. Interaction with PPP2CA promotes dephosphorylation,0
9546,P24666,Low molecular weight phosphotyrosine protein phosphatase,"Phosphorylated by LCK (PubMed:10336608, PubMed:9038134). Phosphorylation at Tyr-132 increases its phosphatase activity (PubMed:9038134)",1
9547,P24666,Low molecular weight phosphotyrosine protein phosphatase,Not phosphorylated,0
9555,Q53GL7,Protein mono-ADP-ribosyltransferase PARP10,"Stimulated through its phosphorylation by CDK2 (PubMed:16455663). Acquires CDK-dependent phosphorylation through late-G1 to S phase, and from prometaphase to cytokinesis in the nucleolar organizing regions (PubMed:16455663). Phosphorylation is suppressed in growth-arrested cells (PubMed:16455663)",1
9568,P01583,Interleukin-1 alpha,Phosphorylated. Phosphorylation greatly enhances susceptibility to digestion and promotes the conversion of pre-IL1A alpha to the biologically active IL1A,0
9569,P35790,Choline kinase alpha,"Phosphorylated at Ser-279 by AMPK in response to glucose deprivation, leading to localization to lipid droplets",1
9570,P35790,Choline kinase alpha,"Acetylated by KAT5 at Lys-247 following phosphorylation by AMPK, leading to monomerization and conversion into a tyrosine-protein kinase",0
9578,P28222,5-hydroxytryptamine receptor 1B,Phosphorylated. Desensitization of the receptor may be mediated by its phosphorylation,0
9592,A6ND36,Protein FAM83G,"BMP signaling induces the phosphorylation by BMPR1A at Ser-610, Ser-614 and Ser-616. Phosphorylation at Ser-610 is necessary for the activation of SMAD4-independent BMP target genes such as NEDD9 and ASNS",0
9593,Q13595,Transformer-2 protein homolog alpha,Phosphorylated in the RS domains,0
9623,Q16555,Dihydropyrimidinase-related protein 2,"3F4, a monoclonal antibody which strongly stains neurofibrillary tangles in Alzheimer disease brains, specifically labels DPYSL2 when phosphorylated on Ser-518, Ser-522 and Thr-509",0
9624,Q16555,Dihydropyrimidinase-related protein 2,Phosphorylation at Thr-514 by GSK3B abolishes tubulin-binding leading to destabilization of microtubule assembly in axons and neurodegeneration (By similarity). Phosphorylation by DYRK2 at Ser-522 is required for subsequent phosphorylation by GSK3B,0
9635,Q9ULC4,Malignant T-cell-amplified sequence 1,Phosphorylation is critical for stabilization and promotion of cell proliferation,0
9644,Q8IVM0,Coiled-coil domain-containing protein 50,Phosphorylated on tyrosine residues,0
9645,Q96B23,Protein ARK2N,"Phosphorylated at Ser-67 by AMPK. In skeletal muscle, phosphorylation is induced by exercise and seems to increase muscle contractile function",1
9672,Q7Z4H7,HAUS augmin-like complex subunit 6,Phosphorylated during mitosis,0
9679,Q9HAZ1,Dual specificity protein kinase CLK4,Autophosphorylates on all three types of residues,1
9685,Q00536,Cyclin-dependent kinase 16,"Phosphorylation of CDK16 is essential for the binding of CCNY, but also essential for the regulation of CDK16 kinase activity (PubMed:22798068). Phosphorylation of CDK16 is essential for the binding of CCNYl1, but also essential for the regulation of CDK16 kinase activity (By similarity). Ser-146 and Ser-153 are the most critical sites for the binding of CCNYL1 and for modulating CDK16 kinase activity (By similarity). Phosphorylation at Ser-153 inhibits kinase activity (PubMed:22798068)",0
9689,P55017,Solute carrier family 12 member 3,"Phosphorylated at Thr-46, Thr-55, Thr-60 and Ser-91 by OXSR1/OSR1 and STK39/SPAK downstream of WNK4, promoting its activity (PubMed:18270262). Phosphorylated in response to IL18 (By similarity)",0
9691,Q9Y2J4,Angiomotin-like protein 2,Phosphorylation at Tyr-107 is necessary for efficient binding to SRC and synergistically functioning with SRC to activate the downstream MAPK pathway,0
9692,Q9H492,Microtubule-associated protein 1 light chain 3 alpha,"The precursor molecule is cleaved by ATG4 (ATG4A, ATG4B, ATG4C or ATG4D) to expose the glycine at the C-terminus and form the cytosolic form, LC3-I (PubMed:15187094, PubMed:30661429). The processed form is then activated by APG7L/ATG7, transferred to ATG3 and conjugated to phosphatidylethanolamine (PE) phospholipid to form the membrane-bound form, LC3-II (PubMed:15187094). During non-canonical autophagy, the processed form is conjugated to phosphatidylserine (PS) phospholipid (PubMed:33909989). ATG4 proteins also mediate the delipidation of PE-conjugated forms (PubMed:32686895, PubMed:33909989). In addition, ATG4B and ATG4D mediate delipidation of ATG8 proteins conjugated to PS during non-canonical autophagy (PubMed:33909989). ATG4B constitutes the major protein for proteolytic activation (PubMed:30661429, PubMed:33909989). ATG4D is the main enzyme for delipidation activity (By similarity)",0
9694,Q9H492,Microtubule-associated protein 1 light chain 3 alpha,Phosphorylation at Ser-12 by PKA inhibits conjugation to phosphatidylethanolamine (PE),0
9697,Q9UL51,Potassium/sodium hyperpolarization-activated cyclic nucleotide-gated channel 2,"Phosphorylation at Ser-668 by PRKG2 shifts the voltage-dependence to more negative voltages, hence counteracting the stimulatory effect of cGMP on gating",1
9709,Q9UK55,Protein Z-dependent protease inhibitor,Phosphorylated by FAM20C in the extracellular medium,1
9713,P10966,T-cell surface glycoprotein CD8 beta chain,Phosphorylated as a consequence of T-cell activation,0
9715,P30279,G1/S-specific cyclin-D2,Phosphorylation at Thr-280 by MAP kinases is required for ubiquitination and degradation by the DCX(AMBRA1) complex,1
9716,P30279,G1/S-specific cyclin-D2,"Ubiquitinated by the DCX(AMBRA1) complex during the transition from G1 to S cell phase, leading to its degradation: ubiquitination is dependent on Thr-280 phosphorylation (PubMed:33854235, PubMed:33854239). The DCX(AMBRA1) complex represents the major regulator of CCND2 stability during the G1/S transition (PubMed:33854235, PubMed:33854239). Polyubiquitinated by the SCF(FBXL2) complex, leading to proteasomal degradation (PubMed:22323446)",0
9723,Q9H093,NUAK family SNF1-like kinase 2,Phosphorylated at Thr-208 by STK11/LKB1 in complex with STE20-related adapter-alpha (STRADA) pseudo kinase and CAB39 (PubMed:14976552). Autophosphorylation is also possible at Thr-208 (PubMed:32845958),1
9731,P27707,Deoxycytidine kinase,Phosphorylated and activated in vitro upon phosphorylation at Ser-74 by CSNK1D/CK1,1
9733,P35367,Histamine H1 receptor,Phosphorylation at sites in the second and third cytoplasmic loops independently contribute to agonist-induced receptor down-regulation,0
9740,Q6NUT3,Major facilitator superfamily domain-containing protein 12,"Phosphorylation at Thr-254 by MTOR via mTORC1 pathway promotes cysteine transport in lysosomes, thereby regulating lysosomal cysteine and cystine storage and redox homeostasis",0
9751,P49840,Glycogen synthase kinase-3 alpha,"Phosphorylated by AKT1 at Ser-21: upon insulin-mediated signaling, the activated PKB/AKT1 protein kinase phosphorylates and deactivates GSK3A, resulting in the dephosphorylation and activation of GYS1. Activated by phosphorylation at Tyr-279",1
9752,P49840,Glycogen synthase kinase-3 alpha,"(Microbial infection) Dephosphorylated at Tyr-279 by M.tuberculosis PtpA, which leads to prevention of apoptosis during early stages of microbial infection",0
9753,P05023,Sodium/potassium-transporting ATPase subunit alpha-1,"Phosphorylation on Tyr-10 modulates pumping activity. Phosphorylation of Ser-943 by PKA modulates the response of ATP1A1 to PKC. Dephosphorylation by protein phosphatase 2A (PP2A) following increases in intracellular sodium, leading to increase catalytic activity (By similarity)",0
9754,P46013,Proliferation marker protein Ki-67,"Hyperphosphorylated by CDK1 in mitosis; hyperphosphorylatiom prevents undergoing liquid-liquid phase separation (PubMed:10502411, PubMed:10653604, PubMed:25012651, PubMed:39153474). Dephosphorylated by PPP1CC at the onset of anaphase (PubMed:25012651). Dephosphorylated by protein phosphatase 2A (PP2A) at the onset of anaphase (By similarity). Dephosphorylation by protein phosphatase 2A (PP2A) and simultaneous exposure of the positively charged patch (CP) during mitotic exit induce the RNA-dependent formation of a liquid-like condensed phase on the chromosome surface (PubMed:39153474)",0
9764,Q15172,Serine/threonine-protein phosphatase 2A 56 kDa regulatory subunit alpha isoform,Phosphorylated on serine residues,0
9765,Q16659,Mitogen-activated protein kinase 6,"Phosphorylated at Ser-189 by PAK1, PAK2 and PAK3 resulting in catalytic activation. Phosphorylated by MAPKAPK5 at other sites",1
9770,Q8NFZ5,TNFAIP3-interacting protein 2,In vitro phosphorylated by CHUK,1
9775,Q9NP71,Carbohydrate-responsive element-binding protein,Phosphorylation at Ser-556 by AMPK inactivates the DNA-binding activity,1
9777,P16284,Platelet endothelial cell adhesion molecule,"Phosphorylated on Ser and Tyr residues after cellular activation by src kinases (PubMed:18710921, PubMed:19342684, PubMed:21464369, PubMed:9298995). Upon activation, phosphorylated on Ser-729 which probably initiates the dissociation of the membrane-interaction segment (residues 709-729) from the cell membrane allowing the sequential phosphorylation of Tyr-713 and Tyr-690 (PubMed:21464369). Constitutively phosphorylated on Ser-734 in resting platelets (PubMed:21464369). Phosphorylated on tyrosine residues by FER and FES in response to FCER1 activation (By similarity). In endothelial cells Fyn mediates mechanical-force (stretch or pull) induced tyrosine phosphorylation (PubMed:18710921)",1
9780,Q07817,Bcl-2-like protein 1,"Phosphorylated on Ser-62 by CDK1. This phosphorylation is partial in normal mitotic cells, but complete in G2-arrested cells upon DNA-damage, thus promoting subsequent apoptosis probably by triggering caspases-mediated proteolysis. Phosphorylated by PLK3, leading to regulate the G2 checkpoint and progression to cytokinesis during mitosis. Phosphorylation at Ser-49 appears during the S phase and G2, disappears rapidly in early mitosis during prometaphase, metaphase and early anaphase, and re-appears during telophase and cytokinesis",0
9782,Q92736,Ryanodine receptor 2,"Channel activity is modulated by phosphorylation. Phosphorylation at Ser-2808 and Ser-2814 increases the open probability of the calcium channel. Phosphorylation is increased in failing heart, leading to calcium leaks and increased cytoplasmic Ca(2+) levels",0
9783,Q92736,Ryanodine receptor 2,Phosphorylation at Ser-2031 by PKA enhances the response to lumenal calcium,0
9785,Q99250,Sodium channel protein type 2 subunit alpha,Phosphorylation at Ser-1506 by PKC in a highly conserved cytoplasmic loop slows inactivation of the sodium channel and reduces peak sodium currents,0
9788,O75533,Splicing factor 3B subunit 1,"Phosphorylated. Phosphorylation occurs concomitantly with the splicing catalytic steps. Phosphorylation on Thr-244, Thr-248 and Thr-313 by cyclin-dependent kinases promotes interaction with PPP1R8 during mitosis",0
9790,P46940,Ras GTPase-activating-like protein IQGAP1,"Phosphorylation of Ser-1443 by PKC/PRKCE prevents interaction between C1 and C2, allowing binding of nucleotide-free CDC42. Ser-1443 phosphorylation enhances the ability to promote neurite outgrowth",1
9793,Q13351,Krueppel-like factor 1,Phosphorylated primarily on serine residues in the transactivation domain. Phosphorylation on Thr-23 is critical for the transactivation activity (By similarity),0
9796,O00461,Golgi integral membrane protein 4,Phosphorylated probably by c-AMP-dependent kinases in its lumenal part,0
9800,P19105,Myosin regulatory light chain 12A,Phosphorylation increases the actin-activated myosin ATPase activity and thereby regulates the contractile activity. It is required to generate the driving force in the migration of the cells but not necessary for localization of myosin-2 at the leading edge (By similarity),0
9807,Q12959,Disks large homolog 1,Phosphorylated by MAPK12 (PubMed:20605917). Phosphorylation of Ser-232 regulates association with GRIN2A (By similarity),1
9811,P49459,Ubiquitin-conjugating enzyme E2 A,Phosphorylation at Ser-120 by CDK9 increases activity towards histone H2B,1
9813,Q13303,Voltage-gated potassium channel subunit beta-2,Phosphorylated by PRKCZ; may be regulated by incorporation in a complex composed of PRKCZ and SQSTM1,1
9828,Q05209,Tyrosine-protein phosphatase non-receptor type 12,Phosphorylated by STK24/MST3 and this results in inhibition of its activity,1
9836,O00499,Myc box-dependent-interacting protein 1,Phosphorylated by protein kinase C,1
9837,O75116,Rho-associated protein kinase 2,Phosphorylation at Tyr-722 reduces its binding to RHOA and is crucial for focal adhesion dynamics. Dephosphorylation by PTPN11 stimulates its RHOA binding activity,1
9839,P58004,Sestrin-2,Phosphorylated by ULK1 at multiple sites,1
9842,P0DP23,Calmodulin-1,Phosphorylation results in a decreased activity,0
9844,P54646,5'-AMP-activated protein kinase catalytic subunit alpha-2,"Phosphorylated at Thr-172 by STK11/LKB1 in complex with STE20-related adapter-alpha (STRADA) pseudo kinase and CAB39. Also phosphorylated at Thr-172 by CAMKK2; triggered by a rise in intracellular calcium ions, without detectable changes in the AMP/ATP ratio. CAMKK1 can also phosphorylate Thr-172, but at much lower level. Dephosphorylated by protein phosphatase 2A and 2C (PP2A and PP2C). Phosphorylated by ULK1; leading to negatively regulate AMPK activity and suggesting the existence of a regulatory feedback loop between ULK1 and AMPK. Dephosphorylated by PPM1A and PPM1B at Thr-172 (mediated by STK11/LKB1)",0
9858,Q5VY43,Platelet endothelial aggregation receptor 1,"Phosphorylated in the intracellular domain on tyrosine residues (PubMed:15851471). Phosphorylated on tyrosine residues by SRC (PubMed:15851471). Tyrosine phosphorylation is detected upon platelet aggregation stimulated by collagen, TRAP and thrombin and platelet-platelet contacts but not after platelet activation (PubMed:15851471). Tyrosine phosphorylation enhanced its association with SHC1 and SHC2 (PubMed:15851471). Phosphorylated when in the presence of SVEP1 (PubMed:36792666)",1
9865,Q96ST2,Protein IWS1 homolog,Phosphorylation increases its interaction with PSIP1,0
9878,O14791,Apolipoprotein L1,Phosphorylated by FAM20C in the extracellular medium,1
9883,O95359,Transforming acidic coiled-coil-containing protein 2,Phosphorylated by TTK; which is required for localization in centrosome,1
9888,P51148,Ras-related protein Rab-5C,"Phosphorylation of Ser-85 in the switch II region by LRRK2 prevents the association of RAB regulatory proteins, including CHM, CHML and RAB GDP dissociation inhibitors GDI1 and GDI2",1
9892,Q14244,Ensconsin,The association with microtubules is regulated by phosphorylation during the cell cycle. During interphase only phosphorylated on serine. Phosphorylated on threonine in mitosis,0
9900,Q96LA5,Fc receptor-like protein 2,"Isoform 2 is N- and O-glycosylated, and phosphorylated",0
9914,O95630,STAM-binding protein,Phosphorylated after BMP type I receptor activation,0
9916,P05787,"Keratin, type II cytoskeletal 8",Phosphorylation on serine residues is enhanced during EGF stimulation and mitosis. Ser-74 phosphorylation plays an important role in keratin filament reorganization,0
9921,P52732,Kinesin-like protein KIF11,"Phosphorylated exclusively on serine during S phase, but on both serine and Thr-926 during mitosis, so controlling the association of KIF11 with the spindle apparatus (probably during early prophase)",0
9922,P52732,Kinesin-like protein KIF11,A subset of this protein primarily localized at the spindle pole is phosphorylated by NEK6 during mitosis; phosphorylation is required for mitotic function,0
9925,Q13554,Calcium/calmodulin-dependent protein kinase type II subunit beta,Autophosphorylation of Thr-287 following activation by Ca(2+)/calmodulin. Phosphorylation of Thr-287 locks the kinase into an activated state,1
9926,P13612,Integrin alpha-4,Phosphorylation on Ser-1027 inhibits PXN binding,0
9929,P35227,Polycomb group RING finger protein 2,Phosphorylated. Homodimer formation is regulated by phosphorylation with only unphosphorylated proteins forming homodimers,0
9935,P07766,T-cell surface glycoprotein CD3 epsilon chain,Phosphorylated on Tyr residues after T-cell receptor triggering by LCK in association with CD4/CD8,0
9940,Q12772,Sterol regulatory element-binding protein 2,"Phosphorylated by AMPK, leading to suppress protein processing and nuclear translocation, and repress target gene expression",0
9942,O00443,Phosphatidylinositol 4-phosphate 3-kinase C2 domain-containing subunit alpha,"Phosphorylated upon insulin stimulation; which may lead to enzyme activation (By similarity). Phosphorylated on Ser-259 during mitosis and upon UV irradiation; which does not change enzymatic activity but leads to proteasomal degradation. Ser-259 phosphorylation may be mediated by CDK1 or JNK, depending on the physiological state of the cell",1
9944,Q96QT4,Transient receptor potential cation channel subfamily M member 7,Autophosphorylated; autophosphorylation of C-terminus regulates TRPM7 kinase activity towards its substrates,0
9945,Q96QT4,Transient receptor potential cation channel subfamily M member 7,"The C-terminal kinase domain can be cleaved from the channel segment in a cell-type-specific fashion. TRPM7 is cleaved by caspase-8, dissociating the kinase from the ion-conducting pore. The cleaved kinase fragments (M7CKs) can translocate to the cell nucleus and binds chromatin-remodeling complex proteins in a Zn(2+)-dependent manner to ultimately phosphorylate specific Ser/Thr residues of histones",0
9962,P19022,Cadherin-2,May be phosphorylated by OBSCN,0
9976,Q8WWM7,Ataxin-2-like protein,Thrombopoietin triggers the phosphorylation on tyrosine residues in a way that is dependent on MPL C-terminal domain,0
9983,O60271,C-Jun-amino-terminal kinase-interacting protein 4,Phosphorylated by MAPK8 and MAPK14,1
9990,Q15382,GTP-binding protein Rheb,Phosphorylation by MAPKAPK5 impairs GTP-binding and inactivation,0
9991,P07550,Beta-2 adrenergic receptor,"Palmitoylated (PubMed:11146000, PubMed:17962520, PubMed:18547522, PubMed:2540197, PubMed:27481942). Mainly palmitoylated at Cys-341 (PubMed:17962520, PubMed:18547522, PubMed:2540197). Palmitoylation may reduce accessibility of phosphorylation sites by anchoring the receptor to the plasma membrane. Agonist stimulation promotes depalmitoylation and further allows Ser-345 and Ser-346 phosphorylation (PubMed:11146000). Also undergoes transient, ligand-induced palmitoylation at Cys-265 probably by ZDHHC9, ZDHHC14 and ZDHHC18 within the Golgi (PubMed:27481942). Palmitoylation at Cys-265 requires phosphorylation by PKA and receptor internalization and stabilizes the receptor (PubMed:27481942). Could be depalmitoylated by LYPLA1 at the plasma membrane (PubMed:27481942)",0
9992,P07550,Beta-2 adrenergic receptor,"Phosphorylated by PKA and BARK upon agonist stimulation, which mediates homologous desensitization of the receptor. PKA-mediated phosphorylation seems to facilitate phosphorylation by BARK",0
9993,P07550,Beta-2 adrenergic receptor,Phosphorylation of Tyr-141 is induced by insulin and leads to supersensitization of the receptor,0
9999,P41146,Nociceptin receptor,Phosphorylation at Ser-363 requires GRK3,0
10003,Q6AI14,Sodium/hydrogen exchanger 4,May be phosphorylated,0
10009,Q96AY3,Peptidyl-prolyl cis-trans isomerase FKBP10,Glycosylated and phosphorylated,0
10015,P41236,Protein phosphatase inhibitor 2,Phosphorylation on Thr-73 by GSK3 activates PP1 by dissociating the PP1-PPP1R2 complex (By similarity). Phosphorylation on Ser-44 by ATM activates PP1 by dissociating the PP1-PPP1R2 complex,0
10018,Q92837,Proto-oncogene FRAT1,Phosphorylated,0
10037,Q9GZN2,Homeobox protein TGIF2,The C-terminal part is phosphorylated in response to EGF signaling by the Ras/MAPK pathway,0
10043,P46976,Glycogenin-1,Phosphorylated,0
10058,Q6TGC4,Inactive protein-arginine deiminase type-6,"Phosphorylation at Ser-10, possibly by RSK-type kinases, and Ser-446 creates binding sites for 14-3-3 proteins",0
10062,Q8NFH8,RalBP1-associated Eps domain-containing protein 2,Tyrosine-phosphorylated upon stimulation of cells with EGF. Phosphorylation on Tyr-residues induces its association with the EGF receptor probably indirectly through an adapter like GRB2,0
10073,P04626,Receptor tyrosine-protein kinase erbB-2,"Autophosphorylated. Autophosphorylation occurs in trans, i.e. one subunit of the dimeric receptor phosphorylates tyrosine residues on the other subunit (Probable). Ligand-binding increases phosphorylation on tyrosine residues (PubMed:27134172, PubMed:33497358). Signaling via SEMA4C promotes phosphorylation at Tyr-1248 (PubMed:17554007). Dephosphorylated by PTPN12 (PubMed:27134172)",1
10095,Q9BYG3,MKI67 FHA domain-interacting nucleolar phosphoprotein,"Sequentially phosphorylated on Thr-238, Thr-234 and Ser-230. Thr-234 is phosphorylated only when Thr-238 is phosphorylated. Likewise, phosphorylation at Ser-230 requires that Thr-234 and Thr-238 are phosphorylated. Phosphorylation enhances MKI67 binding",0
10109,P21462,fMet-Leu-Phe receptor,Phosphorylated; which is necessary for desensitization,0
10111,Q15653,NF-kappa-B inhibitor beta,Phosphorylated by RPS6KA1; followed by degradation. Interaction with NKIRAS1 and NKIRAS2 probably prevents phosphorylation,1
10115,Q96NY7,Chloride intracellular channel protein 6,Phosphorylated,0
10126,P41235,Hepatocyte nuclear factor 4-alpha,Phosphorylated on tyrosine residue(s); phosphorylation is important for its DNA-binding activity. Phosphorylation may directly or indirectly play a regulatory role in the subnuclear distribution. Phosphorylation at Ser-313 by AMPK reduces the ability to form homodimers and bind DNA,1
10129,Q8NE86,"Calcium uniporter protein, mitochondrial","Phosphorylation by CaMK2 in heart leads to increased MCU current (PubMed:23051746, PubMed:25254481). The regulation of MCU by CaMK2 is however subject to discussion: another group was unable to reproduce these results (PubMed:25254480). Phosphorylated on tyrosines by PTK2B/PYK2, promoting oligomerization (PubMed:24800979)",1
10137,Q7LC44,Activity-regulated cytoskeleton-associated protein,Phosphorylation at Ser-260 by CaMK2 prevents homooligomerization into virion-like capsids by disrupting an interaction surface essential for high-order oligomerization. Phosphorylation by CaMK2 inhibits synaptic activity,0
10140,Q8IWQ3,Serine/threonine-protein kinase BRSK2,"Phosphorylated at Thr-174 by STK11/LKB1 in complex with STE20-related adapter-alpha (STRADA) pseudo kinase and CAB39. Not phosphorylated at Thr-174 by CaMKK2. In contrast, it is phosphorylated and activated by CaMKK1. May be inactivated via dephosphorylation of Thr-174 by PP2C. Phosphorylated at Thr-260 by PKA. Phosphorylation at Thr-260 by PKA was not observed in another study (PubMed:18339622), but this may reflect differences in the experimental approach. Phosphorylation at Thr-260 seems to play a role in the regulation of insulin secretion (PubMed:22669945)",0
10177,Q07954,Prolow-density lipoprotein receptor-related protein 1,Phosphorylated on serine and threonine residues,0
10178,Q07954,Prolow-density lipoprotein receptor-related protein 1,Phosphorylated on tyrosine residues upon stimulation with PDGF. Tyrosine phosphorylation promotes interaction with SHC1,0
10189,P21333,Filamin-A,Phosphorylation at Ser-2152 is negatively regulated by the autoinhibited conformation of filamin repeats 19-21. Ligand binding induces a conformational switch triggering phosphorylation at Ser-2152 by PKA,1
10190,P21333,Filamin-A,Phosphorylation extent changes in response to cell activation,0
10192,O14929,Histone acetyltransferase type B catalytic subunit,Phosphorylated by AMPK at Ser-190; phosphorylation increases HAT1 activity,1
10195,P30101,Protein disulfide-isomerase A3,Phosphorylated,0
10217,Q8N3F0,Maturin,Phosphorylation at Tyr-34 is essential for its ability to promote megakaryocyte differentiation,0
10219,Q8N4S9,MARVEL domain-containing protein 2,Phosphorylated,0
10220,Q92598,Heat shock protein 105 kDa,Phosphorylation on Ser-509 may be important for regulation of the HSPA8/HSC70 chaperone activity,0
10223,Q9BR76,Coronin-1B,Phosphorylation by PKC on Ser-2 regulates the interaction with the Arp2/3 complex and cell motility in fibroblasts. Phosphorylation does not seem to affect subcellular location,1
10225,Q9NQT8,Kinesin-like protein KIF13B,"Phosphorylated at Ser-1381 and Ser-1410 by MARK2, promoting interaction with 14-3-3 and inhibiting microtubule-dependent accumulation and formation of axons",1
10255,Q9Y3P8,Signaling threshold-regulating transmembrane adapter 1,"Phosphorylated on tyrosines by LCK, FYN or ZAP70 upon TCR activation; which leads to the recruitment of PTPN11, GRB2 and CSK",1
10256,Q9Y570,Protein phosphatase methylesterase 1,"Phosphorylated by SIK1 following increases in intracellular sodium, leading to dissociation from the protein phosphatase 2A (PP2A) complex and subsequent dephosphorylation of sodium/potassium-transporting ATPase ATP1A1",1
10258,P08151,Zinc finger protein GLI1,Phosphorylated in vitro by ULK3,1
10262,P30260,Cell division cycle protein 27 homolog,Phosphorylated. Phosphorylation on Ser-426 and Thr-446 occurs specifically during mitosis,0
10263,P54840,"Glycogen [starch] synthase, liver","Primed phosphorylation at Ser-657 (site 5) by CSNK2A1 and CSNK2A2 is required for inhibitory phosphorylation at Ser-641 (site 3a), Ser-645 (site 3b), Ser-649 (site 3c) and Ser-653 (site 4) by GSK3A an GSK3B. Dephosphorylation at Ser-641 and Ser-645 by PP1 activates the enzyme (By similarity). Phosphorylation at Ser-8 is not required for interaction with GYG1 (By similarity). Interaction with GYG1 does not regulate the phosphorylation at Ser-8 and Ser-641 (By similarity)",1
10276,Q8NG08,DNA helicase B,"Phosphorylated at Ser-967 by CDK2 during the G1/S transition, resulting in its nuclear export into the cytoplasm (PubMed:15146062, PubMed:26774285). As S phase progresses, its exclusion from the nucleus promotes the activation of long-range resection (PubMed:26774285)",1
10282,P20930,Filaggrin,"Filaggrin is initially synthesized as a large, insoluble, highly phosphorylated precursor containing many tandem copies of 324 AA, which are not separated by large linker sequences. During terminal differentiation it is dephosphorylated and proteolytically cleaved. The N-terminal of the mature protein is heterogeneous, and is blocked by the formation of pyroglutamate",0
10286,P49674,Casein kinase I isoform epsilon,Autophosphorylated. Partially dephosphorylated by PPP5C. May be dephosphorylated by PP1,1
10292,A1A4S6,Rho GTPase-activating protein 10,Phosphorylated. Phosphorylated in vitro by constitutive active PKN3,1
10301,Q6IQ22,Ras-related protein Rab-12,"Phosphorylation of Ser-106 in the switch II region by LRRK2 prevents the association of RAB regulatory proteins, including CHM, CHML and RAB GDP dissociation inhibitors GDI1 and GDI2",1
10303,Q9BZL4,Protein phosphatase 1 regulatory subunit 12C,Phosphorylation at Thr-560 is essential for its interaction with PPP1CB,0
10306,P78527,DNA-dependent protein kinase catalytic subunit,"Autophosphorylated at two clusters, the T2609 cluster and the S2056 cluster (PubMed:33854234). Autophosphorylated on Ser-2056, Thr-2609, Thr-2638 and Thr-2647 (PubMed:12186630, PubMed:12231622, PubMed:14734805, PubMed:33854234). Ser-2056 and Thr-2609 are DNA damage-inducible phosphorylation sites (inducible with ionizing radiation, IR) dephosphorylated by PPP5C (PubMed:12186630, PubMed:12231622, PubMed:14734805). Autophosphorylation induces a conformational change that leads to remodeling of the DNA-PK complex, requisite for efficient end processing and DNA repair (PubMed:12186630, PubMed:12231622, PubMed:14734805). Autophosphorylation in trans within DNA-PK complexes loaded on DNA ends leads to the dissociation of PRKDC from DNA and the transition into the short-range NHEJ complex (PubMed:33854234). Autophosphorylation of the T2609 cluster is required for hematopoietic development and protein synthesis in erythrocytes precursors (By similarity)",1
10317,Q69YH5,Cell division cycle-associated protein 2,Phosphorylated by CDK1. May regulate its subcellular location,1
10329,P51608,Methyl-CpG-binding protein 2,"Phosphorylated on Ser-423 in brain upon synaptic activity, which attenuates its repressor activity and seems to regulate dendritic growth and spine maturation",0
10348,Q9P1W9,Serine/threonine-protein kinase pim-2,Autophosphorylated,1
10352,P46531,Neurogenic locus notch homolog protein 1,Phosphorylated,0
10359,P10242,Transcriptional activator Myb,"Phosphorylated by NLK on multiple sites, which induces proteasomal degradation",0
10360,P10242,Transcriptional activator Myb,Phosphorylated by HIPK1. This phosphorylation reduces MYB transcription factor activity but not MYB protein levels,0
10361,P34972,Cannabinoid receptor 2,Constitutively phosphorylated on Ser-352; phosphorylation increases cell internalization and desensitizes the receptor,0
10365,O95166,Gamma-aminobutyric acid receptor-associated protein,"The precursor molecule is cleaved by ATG4 (ATG4A, ATG4B, ATG4C or ATG4D) to expose the glycine at the C-terminus and form the cytosolic form, GABARAP-I (PubMed:15169837, PubMed:20818167, PubMed:30661429). The processed form is then activated by APG7L/ATG7, transferred to ATG3 and conjugated to phosphatidylethanolamine (PE) phospholipid to form the membrane-bound form, GABARAP-II (PubMed:15169837). During non-canonical autophagy, the processed form is conjugated to phosphatidylserine (PS) phospholipid (PubMed:33909989). ATG4 proteins also mediate the delipidation of PE-conjugated forms (PubMed:33909989). In addition, ATG4B and ATG4D mediate delipidation of ATG8 proteins conjugated to PS during non-canonical autophagy (PubMed:33909989). ATG4B constitutes the major protein for proteolytic activation (PubMed:30661429). ATG4D is the main enzyme for delipidation activity (By similarity)",0
10369,O15492,Regulator of G-protein signaling 16,Phosphorylated. Phosphorylation at Tyr-168 by EGFR enhances GTPase accelerating (GAP) activity toward GNAI1,0
10370,O43760,Synaptogyrin-2,May be tyrosine phosphorylated by Src,0
10387,C9JLW8,Mapk-regulated corepressor-interacting protein 1,Phosphorylation by MAPK3/1 (ERK1/2) regulates MCRIP1 binding to CTBP(s) (PubMed:25728771),1
10392,P07814,Bifunctional glutamate/proline--tRNA ligase,"Phosphorylated at Ser-886 by CDK5 (PubMed:19647514, PubMed:21220307). Phosphorylated at Ser-999 by RPS6KB1; triggers EPRS1 release from the aminoacyl-tRNA synthetase multienzyme complex (PubMed:19647514, PubMed:21220307, PubMed:28178239). In monocytes, the IFN-gamma-induced sequential phosphorylation at Ser-886 and Ser-999 releases EPRS1 from the aminoacyl-tRNA synthetase multienzyme complex, allowing its association with the GAIT complex. Phosphorylation at Ser-999 is specifically required for the RPL13A-mediated interaction of the GAIT complex with eIF4G (PubMed:19647514, PubMed:21220307). Phosphorylation at Ser-999 by RPS6KB1, is also induced by insulin through activation of the mTORC1 signaling pathway and promotes the interaction of EPRS1 with SLC27A1 (PubMed:28178239)",1
10395,Q92731,Estrogen receptor beta,Phosphorylation at Ser-87 and Ser-105 recruits NCOA1,0
10400,P54274,Telomeric repeat-binding factor 1,Phosphorylated preferentially on Ser-219 in an ATM-dependent manner in response to ionizing DNA damage,0
10413,Q07866,Kinesin light chain 1,Phosphorylation at Ser-460 by ERK inhibits interaction with CLSTN1 and localization to cytoplasmic vesicles,1
10416,Q8TF76,Serine/threonine-protein kinase haspin,Autophosphorylated on both serine and threonine residues (By similarity). Strongly phosphorylated during mitosis but this does not appear to significantly affect its intrinsic kinase activity. Phosphorylation by AURKB is required for full activity toward histone H3 at 'Ser-3' in mitosis,1
10417,Q9HBH9,MAP kinase-interacting serine/threonine-protein kinase 2,"Dual phosphorylation of Thr-244 and Thr-249 activates the kinase. Phosphorylation of Thr-379 activates the kinase. Phosphorylated upon arsenic trioxide As(2)O(3) treatment. Phosphorylated by MAPK1/ERK2, MAPK11 and MAPK14. Dephosphorylated by PP2A",1
10422,Q8NHL6,Leukocyte immunoglobulin-like receptor subfamily B member 1,Phosphorylated on tyrosine residues. Dephosphorylated by PTPN6,1
10430,P20337,Ras-related protein Rab-3B,"Phosphorylation of Thr-86 in the switch II region by LRRK2 prevents the association of RAB regulatory proteins, including CHM, CHML and RAB GDP dissociation inhibitor GDI2",1
10433,Q02539,Histone H1.1,"H1 histones are progressively phosphorylated during the cell cycle, becoming maximally phosphorylated during late G2 phase and M phase, and being dephosphorylated sharply thereafter",0
10448,P48048,ATP-sensitive inward rectifier potassium channel 1,Phosphorylation at Ser-44 by SGK1 is necessary for its expression at the cell membrane,1
10449,P49116,Nuclear receptor subfamily 2 group C member 2,"Phosphorylation on Ser-19 and Ser-68 is an important regulator of NR2C2-mediated transcriptional activity. Phosphorylation on these residues recruits the corepressor, NRIP1, leading to transcripional repression, whereas the non-phosphorylated form preferentially recruits the coactivator, PCAF (By similarity)",0
10453,P98172,Ephrin-B1,Inducible phosphorylation of tyrosine residues in the cytoplasmic domain,0
10455,Q13233,Mitogen-activated protein kinase kinase kinase 1,Autophosphorylated,1
10456,Q9BUB5,MAP kinase-interacting serine/threonine-protein kinase 1,Dual phosphorylation of Thr-250 and Thr-255 activates the kinase. Phosphorylation of Thr-385 activates the kinase. MAPK3/ERK1 is one of the kinases which activate MKNK1/MNK1. Phosphorylation by PAK2 leads to a reduced phosphorylation of EIF4G1,1
10463,P11388,DNA topoisomerase 2-alpha,"Phosphorylation has no effect on catalytic activity. However, phosphorylation at Ser-1106 by CSNK1D/CK1 promotes DNA cleavable complex formation",1
10467,P42768,Actin nucleation-promoting factor WAS,"Phosphorylated at Tyr-291 by FYN and HCK, inducing WAS effector activity after TCR engagement. Phosphorylation at Tyr-291 enhances WAS activity in promoting actin polymerization and filopodia formation",1
10470,P09693,T-cell surface glycoprotein CD3 gamma chain,Phosphorylated on Tyr residues after T-cell receptor triggering by LCK in association with CD4/CD8 (PubMed:2470098). Phosphorylated also by PKC; leading to the TCR complex down-regulation (PubMed:8187769),1
10471,P09693,T-cell surface glycoprotein CD3 gamma chain,Phosphorylated on Tyr residues after T-cell receptor triggering by LCK in association with CD4/CD8,0
10477,Q99570,Phosphoinositide 3-kinase regulatory subunit 4,Probably autophosphorylated,0
10488,Q9Y261,Hepatocyte nuclear factor 3-beta,Phosphorylation on Thr-156 abolishes binding to target promoters and subsequent transcription activation upon insulin stimulation,0
10494,Q9NRY6,Phospholipid scramblase 3,Phosphorylation at Thr-21 by PKC/PRKCD upon apoptotic stimuli enhances phospholipid scramblase activity,1
10515,P51114,RNA-binding protein FXR1,"Phosphorylation at Ser-420 by PAK1 promotes its relocalization to stress granules and activity (PubMed:20417602). Phosphorylated by MAPK1/ERK2, promoting subsequent phosphorylation by GSK3B (By similarity). Phosphorylated by GSK3B, promoting ubiquitination and degradation by the proteasome (By similarity)",1
10516,P51114,RNA-binding protein FXR1,"Ubiquitinated by the SCF(FBXO4) complex, leading to its degradation by the proteasome: ubiquitination by the SCF(FBXO4) complex takes place following phosphorylation by GSK3B (PubMed:29142209). Ubiquitinated and degraded in a GSK3B-dependent manner in during both scaling and sleep deprivation (By similarity). Ubiquitinated via 'Lys-63'-linked ubiquitin, leading to its degradation: interaction with CEP63 inhibits 'Lys-63'-linked ubiquitination (PubMed:35989368)",0
10517,P11801,Serine/threonine-protein kinase H1,Autophosphorylated on serine residues,1
10526,P07947,Tyrosine-protein kinase Yes,Phosphorylated (PubMed:11901164). Phosphorylation by CSK on the C-terminal tail maintains the enzyme in an inactive state. Autophosphorylation at Tyr-426 maintains enzyme activity by blocking CSK-mediated inhibition,1
10530,P23528,Cofilin-1,Inactivated by phosphorylation on Ser-3. Phosphorylated on Ser-3 in resting cells (By similarity). Dephosphorylated by PDXP/chronophin; this restores its activity in promoting actin filament depolymerization. The phosphorylation of Ser-24 may prevent recognition of the nuclear localization signal (By similarity). Phosphorylated via a ARRB1-RAC1-LIMK1-PAK1 cascade upon active ligand stimulation of atypical chemokine receptor ACKR2,0
10531,P27348,14-3-3 protein theta,Ser-232 is probably phosphorylated by CK1,1
10534,Q2V2M9,FH1/FH2 domain-containing protein 3,Phosphorylated on Thr-1474 and Thr-1476 by CK2,1
10539,Q96GX5,Serine/threonine-protein kinase greatwall,Phosphorylation at Thr-741 by CDK1 during M phase activates its kinase activity (By similarity). Maximum phosphorylation occurs in prometaphase,0
10543,O75417,DNA polymerase theta,Phosphorylated by PLK1; promoting interaction with TOPBP1 and recruitment to DNA damage sites,1
10549,P56211,cAMP-regulated phosphoprotein 19,Phosphorylation at Ser-62 by MASTL/GWL during mitosis is essential for interaction with PPP2R2D (PR55-delta) and subsequent inactivation of PP2A (By similarity). Phosphorylated by PKA,0
10564,Q13936,Voltage-dependent L-type calcium channel subunit alpha-1C,Phosphorylation by PKA at Ser-1981 activates the channel. Elevated levels of blood glucose lead to increased phosphorylation by PKA,1
10574,Q3SY69,Mitochondrial 10-formyltetrahydrofolate dehydrogenase,Phosphopantetheinylation at Ser-375 by AASDHPPT is required for the formyltetrahydrofolate dehydrogenase activity,0
10585,P56524,Histone deacetylase 4,"Phosphorylated by CaMK4 at Ser-246, Ser-467 and Ser-632. Phosphorylation at other residues by CaMK2D is required for the interaction with 14-3-3. Phosphorylation at Ser-350, within the PxLPxI/L motif, impairs the binding of ANKRA2 but generates a high-affinity docking site for 14-3-3",1
10586,P56524,Histone deacetylase 4,"Sumoylation on Lys-559 is promoted by the E3 SUMO-protein ligase RANBP2, and prevented by phosphorylation by CaMK4",0
10587,Q07889,Son of sevenless homolog 1,Phosphorylation at Ser-1134 and Ser-1161 by RPS6KA3 create YWHAB and YWHAE binding sites and which contribute to the negative regulation of EGF-induced MAPK1/3 phosphorylation,1
10588,Q14654,ATP-sensitive inward rectifier potassium channel 11,Phosphorylation by MAPK1 results in changes in channel gating that destabilize the closed states and reduce the ATP sensitivity,1
10605,P09960,Leukotriene A-4 hydrolase,Phosphorylation at Ser-416 inhibits leukotriene-A4 hydrolase activity,0
10606,P54619,5'-AMP-activated protein kinase subunit gamma-1,"Phosphorylated by ULK1 and ULK2; leading to negatively regulate AMPK activity and suggesting the existence of a regulatory feedback loop between ULK1, ULK2 and AMPK",1
10609,Q99519,Sialidase-1,Phosphorylation of tyrosine within the internalization signal results in inhibition of sialidase internalization and blockage on the plasma membrane,0
10614,P10412,Histone H1.4,"H1 histones are progressively phosphorylated during the cell cycle, becoming maximally phosphorylated during late G2 phase and M phase, and being dephosphorylated sharply thereafter",0
10620,Q13765,Nascent polypeptide-associated complex subunit alpha,Phosphorylation of Thr-159 by GSK3B may promote proteasome mediated degradation (By similarity). Phosphorylation of Ser-43 by ILK during cell adhesion may promote nuclear localization,0
10625,Q96RU2,Ubiquitin carboxyl-terminal hydrolase 28,"Phosphorylated upon DNA damage at Ser-67 and Ser-714, by ATM or ATR (PubMed:16901786). Phosphorylated by PRKD1 (PubMed:24623306)",0
10636,P14866,Heterogeneous nuclear ribonucleoprotein L,"Phosphorylation at Ser-544 by CaMK4 enhances interaction with a CaMK4-responsive RNA element (CaRRE1), and prevents inclusion of the stress axis-regulated exon (STREX) of the KCNMA1 potassium channel transcripts upon membrane depolarization",0
10639,P22413,Ectonucleotide pyrophosphatase/phosphodiesterase family member 1,Autophosphorylated as part of the catalytic cycle of phosphodiesterase/pyrophosphatase activity,1
10642,P21860,Receptor tyrosine-protein kinase erbB-3,Autophosphorylated (PubMed:20351256). Ligand-binding increases phosphorylation on tyrosine residues and promotes its association with the p85 subunit of phosphatidylinositol 3-kinase (PubMed:20682778),1
10660,Q86X24,HORMA domain-containing protein 1,Phosphorylated at Ser-377 in a SPO11-dependent manner,0
10674,Q12866,Tyrosine-protein kinase Mer,"Autophosphorylated on Tyr-749, Tyr-753 and Tyr-754 in the activation loop allowing full activity. Autophosphorylated on Tyr-872 leading to recruitment of downstream partners of the signaling cascade such as PLCG2 (By similarity)",1
10682,Q15772,Striated muscle preferentially expressed protein kinase,May be autophosphorylated,1
10684,Q9BXW4,Microtubule-associated protein 1 light chain 3 gamma,"The precursor molecule is cleaved by ATG4 (ATG4A, ATG4B, ATG4C or ATG4D) to expose the glycine at the C-terminus and form the cytosolic form, LC3-I (PubMed:15187094, PubMed:20818167, PubMed:30661429, PubMed:31709703). The processed form is then activated by APG7L/ATG7, transferred to ATG3 and conjugated to phosphatidylethanolamine (PE) phospholipid to form the membrane-bound form, LC3-II (PubMed:15187094). During non-canonical autophagy, the processed form is conjugated to phosphatidylserine (PS) phospholipid (PubMed:33909989). ATG4 proteins also mediate the delipidation of PE-conjugated forms (PubMed:31709703, PubMed:33909989). In addition, ATG4B and ATG4D mediate delipidation of ATG8 proteins conjugated to PS during non-canonical autophagy (PubMed:33909989)",0
10686,Q9BXW4,Microtubule-associated protein 1 light chain 3 gamma,"Phosphorylation at Ser-96 and Ser-98 by TBK1 prevents interaction with ATG4 (ATG4A, ATG4B, ATG4C or ATG4D) (PubMed:31709703). Phosphorylation by TBK1 on autophagosomes prevents their delipidation by ATG4 and premature removal from nascent autophagosomes (PubMed:31709703)",0
10689,P10070,Zinc finger protein GLI2,Phosphorylated in vitro by ULK3. Phosphorylated by DYRK2; this inhibits GLI2 transcription factor activity and promotes proteasomal degradation of GLI2,1
10707,Q16799,Reticulon-1,Isoforms RTN1-A and RTN1-B are phosphorylated,0
10712,O95271,Poly [ADP-ribose] polymerase tankyrase-1,Phosphorylated on serine residues by MAPK kinases upon insulin stimulation. Phosphorylated during mitosis,1
10725,P62805,Histone H4,"Phosphorylated by PAK2 at Ser-48 (H4S47ph). This phosphorylation increases the association of H3.3-H4 with the histone chaperone HIRA, thus promoting nucleosome assembly of H3.3-H4 and inhibiting nucleosome assembly of H3.1-H4",0
10737,P42681,Tyrosine-protein kinase TXK,"Phosphorylated at Tyr-420 by FYN. Autophosphorylation at Tyr-91 is critical for the activation of TXK, leading to the up-regulation of IFN-gamma gene transcription",0
10744,Q96RG2,PAS domain-containing serine/threonine-protein kinase,Autophosphorylated on Thr-1161 and Thr-1165. Autophosphorylation is activated by phospholipids,1
10747,B7U540,Inward rectifier potassium channel 18,Probably phosphorylated by PKC; decreases single-channel open probability,1
10754,P84103,Serine/arginine-rich splicing factor 3,"Phosphorylated by CLK1, CLK2, CLK3 and CLK4. Extensively phosphorylated on serine residues in the RS domain",1
10771,P10912,Growth hormone receptor,"On GH binding, phosphorylated on tyrosine residues in the cytoplasmic domain by JAK2",0
10772,P10912,Growth hormone receptor,"Ubiquitinated by the ECS(SOCS2) complex following ligand-binding and phosphorylation by JAK2, leading to its degradation by the proteasome (PubMed:21980433, PubMed:25505247, PubMed:31182716, PubMed:34857742). Regulation by the ECS(SOCS2) complex acts as a negative feedback loop of growth hormone receptor signaling (PubMed:21980433). Ubiquitination is not sufficient for GHR internalization (By similarity)",0
10773,P27708,Multifunctional protein CAD,"Activated by MAP kinase (Erk1/2) phosphorylation just prior to the S phase of the cell cycle, when the demand for pyrimidine nucleotides is greatest, and down-regulated as the cells emerge from S phase by protein kinase A (PKA) phosphorylation. Phosphorylation at Ser-1859 by RPS6KB1 downstream of MTOR promotes oligomerization and stimulates dihydroorotase activity. Phosphorylation at Ser-1406 reduces sensitivity to feedback inhibition by UTP",1
10782,Q7Z5L9,Interferon regulatory factor 2-binding protein 2,Phosphorylation at Ser-360 is required for nuclear targeting,0
10796,O75688,Protein phosphatase 1B,N-myristoylation is essential for the recognition of its substrates for dephosphorylation,0
10799,P33316,"Deoxyuridine 5'-triphosphate nucleotidohydrolase, mitochondrial","Nuclear isoform 2 is phosphorylated in vivo on Ser-11, a reaction that can be catalyzed in vitro by CDC2. Phosphorylation in mature T-cells occurs in a cell cycle-dependent manner. Isoform 3 is not phosphorylated",1
10805,Q86WV1,Src kinase-associated phosphoprotein 1,Phosphorylated on tyrosines. Phosphorylation by FYN on Tyr-271 is required for GRB2 interaction. Phosphorylation by FYN on Tyr-295 abolishes interaction with FYB1. Tyr-232 is dephosphorylated by PTPRC (Probable),1
10806,Q86XP1,Diacylglycerol kinase eta,Phosphorylated. Phosphorylation does not inhibit catalytic activity,0
10842,Q9UM47,Neurogenic locus notch homolog protein 3,Phosphorylated,0
10847,P22492,Histone H1t,Phosphorylated in early spermatids,0
10855,Q70IA6,MOB kinase activator 2,Phosphorylated,0
10864,P55212,Caspase-6,"Phosphorylated by NUAK1; phosphorylation inhibits self-activation (PubMed:15273717, PubMed:22483120). Phosphorylation at Ser-257 by AMP-activated protein kinase (PRKAA1 or PRKAA2) inhibits autocleavage, preventing caspase activation, thereby preventing hepatocyte apoptosis (PubMed:32029622)",1
10880,Q9Y5Y9,Sodium channel protein type 10 subunit alpha,Phosphorylation at Ser-1451 by PKC in a highly conserved cytoplasmic loop slows inactivation of the sodium channel and reduces peak sodium currents,0
10894,P50591,Tumor necrosis factor ligand superfamily member 10,Tyrosine phosphorylated by PKDCC/VLK,1
10898,P59665,Neutrophil defensin 1,"Phosphorylation at Tyr-85 has been found in some cancer cell lines, and interferes with ADP-ribosylation",0
10900,Q13247,Serine/arginine-rich splicing factor 6,"Extensively phosphorylated on serine residues in the RS domain. Phosphorylated by DYRK1A, probably in the RS domain. Phosphorylation by DYRK1A modulates alternative splice site selection and inhibits the expression of MAPT/Tau exon 10",1
10903,Q15398,Disks large-associated protein 5,Decreased phosphorylation levels are associated with the differentiation of intestinal epithelial cells,0
10922,Q7Z698,"Sprouty-related, EVH1 domain-containing protein 2",Phosphorylated on serine and threonine residues (PubMed:15683364). Phosphorylated on tyrosine. Phosphorylation of Tyr-228 and Tyr-231 are required for ubiquitination (PubMed:17094949),0
10925,Q99835,Protein smoothened,Phosphorylation by GRK kinases is required for interaction with protein kinase A catalytic subunit PRKACA,1
10926,Q92993,Histone acetyltransferase KAT5,"Phosphorylated on Ser-86 and Ser-90; enhanced during G2/M phase (PubMed:12468530, PubMed:26829474, PubMed:29335245). The phosphorylated form has a higher activity (PubMed:12468530, PubMed:29335245). Phosphorylation at Ser-90 by CDK1 or CDK9 is a prerequisite for phosphorylation at Ser-86 by GSK3 (PubMed:26829474, PubMed:30704899). Phosphorylation at Ser-86 by GSK3 (GSK3A or GSK3B) activates acetyltransferase and acyltransferase activities (PubMed:30704899). Phosphorylation at Ser-90 by CDK9 promotes KAT5 recruitment to chromatin (PubMed:29335245). Phosphorylation by VRK1 following DNA damage promotes KAT5 association with chromatin and histone acetyltransferase activity (PubMed:33076429)",1
10940,Q8N4X5,Actin filament-associated protein 1-like 2,Tyrosine phosphorylated (by SRC),0
10968,P45973,Chromobox protein homolog 5,Phosphorylation of HP1 and LBR may be responsible for some of the alterations in chromatin organization and nuclear structure which occur at various times during the cell cycle (By similarity). Phosphorylated during interphase and possibly hyper-phosphorylated during mitosis,0
10971,P67870,Casein kinase II subunit beta,Phosphorylated by alpha subunit,0
10977,O75385,Serine/threonine-protein kinase ULK1,"Autophosphorylated. Phosphorylated under nutrient-rich conditions; dephosphorylated during starvation or following treatment with rapamycin. Under nutrient sufficiency, phosphorylated by MTOR/mTOR, disrupting the interaction with AMPK and preventing activation of ULK1 (By similarity). In response to nutrient limitation, phosphorylated and activated by AMPK, leading to activate autophagy (PubMed:21205641, PubMed:25891078)",1
10980,Q05086,Ubiquitin-protein ligase E3A,Phosphorylation at Tyr-659 by ABL1 impairs E3 ligase activity and protects p53/TP53 from degradation in (HPV)-infected cells,1
10981,O60516,Eukaryotic translation initiation factor 4E-binding protein 3,Phosphorylated,0
10990,Q9BUV0,Arginine/serine-rich protein 1,Phosphorylated. Phosphorylation at Ser-107 and Ser-109 mediates the interaction with spliceosome proteins,0
11006,P27487,Dipeptidyl peptidase 4,Phosphorylated. Mannose 6-phosphate residues in the carbohydrate moiety are necessary for interaction with IGF2R in activated T-cells. Mannose 6-phosphorylation is induced during T-cell activation,0
11014,Q8IVJ1,Solute carrier family 41 member 1,Phosphorylated,0
11018,Q04206,Transcription factor p65,"Monomethylated at Lys-310 by SETD6 (PubMed:21515635). Monomethylation at Lys-310 is recognized by the ANK repeats of EHMT1 and promotes the formation of repressed chromatin at target genes, leading to down-regulation of NF-kappa-B transcription factor activity. Phosphorylation at Ser-311 disrupts the interaction with EHMT1 without preventing monomethylation at Lys-310 and relieves the repression of target genes (By similarity)",0
11019,Q04206,Transcription factor p65,Phosphorylation at Ser-311 disrupts the interaction with EHMT1 and promotes transcription factor activity (By similarity). Phosphorylation on Ser-536 stimulates acetylation on Lys-310 and interaction with CBP; the phosphorylated and acetylated forms show enhanced transcriptional activity. Phosphorylation at Ser-276 by RPS6KA4 and RPS6KA5 promotes its transactivation and transcriptional activities,0
11020,Q04206,Transcription factor p65,Phosphorylation at Ser-75 by herpes simplex virus 1/HHV-1 inhibits NF-kappa-B activation,0
11027,P20273,B-cell receptor CD22,"Phosphorylation of Tyr-762, Tyr-807 and Tyr-822 are involved in binding to SYK, GRB2 and SYK, respectively. Phosphorylation of Tyr-842 is involved in binding to SYK, PLCG2 and PIK3R1/PIK3R2",0
11028,P20273,B-cell receptor CD22,Phosphorylated on tyrosine residues by LYN,1
11034,P78324,Tyrosine-protein phosphatase non-receptor type substrate 1,"Phosphorylated on tyrosine residues in response to stimulation with EGF, growth hormone, insulin and PDGF. Dephosphorylated by PTPN11",0
11039,P63104,14-3-3 protein zeta/delta,"The delta, brain-specific form differs from the zeta form in being phosphorylated (Probable). Phosphorylation on Ser-184 by MAPK8; promotes dissociation of BAX and translocation of BAX to mitochondria (PubMed:15071501, PubMed:15696159). Phosphorylation on Thr-232; inhibits binding of RAF1 (PubMed:9360956). Phosphorylated on Ser-58 by PKA and protein kinase C delta type catalytic subunit in a sphingosine-dependent fashion (PubMed:11956222, PubMed:12865427, PubMed:15883165, PubMed:16376338). Phosphorylation on Ser-58 by PKA; disrupts homodimerization and heterodimerization with YHAE and TP53 (PubMed:11956222, PubMed:12865427, PubMed:15883165, PubMed:16376338)",1
11043,Q08881,Tyrosine-protein kinase ITK/TSK,Phosphorylated at Tyr-512 in the activation loop of the kinase domain by LCK. Subsequent autophosphorylation at Tyr-180 leads to the kinase activation. The autophosphorylated Tyr-180 lies within the substrate binding sequence of the SH3 domain,1
11057,P08238,Heat shock protein HSP 90-beta,Phosphorylation at Tyr-301 by SRC is induced by lipopolysaccharide (PubMed:23585225). Phosphorylation at Ser-226 and Ser-255 inhibits AHR interaction (PubMed:15581363),0
11066,Q13242,Serine/arginine-rich splicing factor 9,Extensively phosphorylated on serine residues in the RS domain,0
11080,P31146,Coronin-1A,phosphorylation at Thr-412 by PKC strongly down-regulates the association with actin,1
11082,Q03721,Voltage-gated potassium channel KCNC4,Phosphorylation of serine residues in the inactivation gate inhibits rapid channel closure,0
11089,Q969X6,U3 small nucleolar RNA-associated protein 4 homolog,May be phosphorylated during mitosis; may control the association of this protein with WRD43 and UTP15,0
11094,P01106,Myc proto-oncogene protein,"Phosphorylated by PRKDC (PubMed:1597196). Phosphorylation at Ser-344 by PIM2 leads to the stabilization of MYC (By similarity). Phosphorylation at Ser-77 by CDK2 prevents Ras-induced senescence (PubMed:19966300, PubMed:20713526). Phosphorylated at Ser-77 by DYRK2; this primes the protein for subsequent phosphorylation by GSK3B at Thr-73 (PubMed:22307329). Phosphorylation at Thr-73 and Ser-77 by GSK3 is required for ubiquitination and degradation by the proteasome (PubMed:15103331, PubMed:17558397, PubMed:8386367). Dephosphorylation at Ser-77 by protein phosphatase 2A (PPP2CA) promotes its degradation; interaction with PPP2CA is enhanced by AMBRA1 (PubMed:25438055, PubMed:25803737)",1
11095,P01106,Myc proto-oncogene protein,"Ubiquitinated by the SCF(FBXW7) complex when phosphorylated at Thr-73 and Ser-77, leading to its degradation by the proteasome (PubMed:15103331, PubMed:17558397, PubMed:25775507). In the nucleoplasm, ubiquitination is counteracted by USP28, which interacts with isoform 1 of FBXW7 (FBW7alpha), leading to its deubiquitination and preventing degradation (PubMed:17558397, PubMed:17873522). In the nucleolus, however, ubiquitination is not counteracted by USP28 but by USP36, due to the lack of interaction between isoform 3 of FBXW7 (FBW7gamma) and USP28, explaining the selective MYC degradation in the nucleolus (PubMed:17558397, PubMed:25775507). Also polyubiquitinated by the DCX(TRPC4AP) complex (PubMed:20551172, PubMed:29779948). Ubiquitinated by UBR5 when not forming a heterodimer with another bHLH protein, leading to its degradation: UBR5 recognizes and binds a degron that is only available upon heterodimer dissociation (PubMed:33208877, PubMed:37478862). Ubiquitinated by TRIM6 in a phosphorylation-independent manner (By similarity)",0
11104,Q8IYT8,Serine/threonine-protein kinase ULK2,"Autophosphorylated. In response to nutrient limitation, probably phosphorylated and activated by AMPK, leading to activate autophagy",1
11121,Q5T2T1,MAGUK p55 subfamily member 7,Phosphorylated by aPKC which promotes dissociation from the cell cortex,1
11125,Q92750,Transcription initiation factor TFIID subunit 4B,"Under stimulation by forskolin, Isoform 1 is phosphorylated by protein kinase A (PKA)",1
11130,Q9Y281,Cofilin-2,The phosphorylation of Ser-24 may prevent recognition of the nuclear localization signal,0
11135,Q9NZJ5,Eukaryotic translation initiation factor 2-alpha kinase 3,"Oligomerization of the N-terminal ER luminal domain by ER stress promotes EIF2AK3/PERK trans-autophosphorylation of the C-terminal cytoplasmic kinase domain at multiple residues including Thr-982 on the kinase activation loop (By similarity). Autophosphorylated at Tyr-619 following endoplasmic reticulum stress, leading to activate its activity (PubMed:22169477). Dephosphorylated at Tyr-619 by PTPN1/PTP1B, leading to inactivate its enzyme activity (PubMed:22169477). Phosphorylation at Thr-802 by AKT (AKT1, AKT2 and/or AKT3) inactivates EIF2AK3/PERK (By similarity)",1
11146,Q15311,RalA-binding protein 1,Tyrosine-phosphorylated upon stimulation of cells with EGF,0
11154,Q07666,"KH domain-containing, RNA-binding, signal transduction-associated protein 1","Tyrosine phosphorylated by several non-receptor tyrosine kinases including LCK, FYN and JAK3. Also tyrosine phosphorylated by the non-receptor tyrosine kinase SRMS in an EGF-dependent manner (PubMed:29496907). Negatively correlates with ability to bind RNA but required for many interactions with proteins. Phosphorylation by PTK6 negatively regulates its RNA binding ability. Phosphorylation by PTK6 at Tyr-440 dictates the nuclear localization of KHDRBS1. Phosphorylation at Tyr-387 disrupts interaction with APC. Phosphorylation at tyrosine residues by FYN inverts activity on modulation of BCL2L1 alternative splicing",1
11158,Q15154,Pericentriolar material 1 protein,Variant Ser-159 is phosphorylated,0
11159,Q15154,Pericentriolar material 1 protein,"Phosphorylated on multiple serine and threonine residues by DYRK3 during the G2-to-M transition, after the nuclear-envelope breakdown (PubMed:29973724). Phosphorylation by DYRK3 promotes disassembly of pericentriolar material (PubMed:29973724). Phosphorylation at Ser-372 mediated by PLK4 is required to maintain the integrity of centriolar satellites (PubMed:30804208)",0
11160,Q15911,Zinc finger homeobox protein 3,Hyperphosphorylation protects ZFHX3 from calpain/CAPN1-mediated degradation,0
11163,Q9Y4D2,Diacylglycerol lipase-alpha,Phosphorylated at Ser-782 and Ser-808 by CAMK2A; phosphorylation by CAMK2A inhibits diacylglycerol lipase activity,1
11167,P20338,Ras-related protein Rab-4A,Phosphorylated by CDK1 kinase during mitosis,1
11170,P40259,B-cell antigen receptor complex-associated protein beta chain,"Phosphorylated on tyrosine upon B-cell activation by SRC-type Tyr-kinases such as BLK, LYN and SYK",0
11173,P83916,Chromobox protein homolog 1,Not phosphorylated,0
11187,Q14114,Low-density lipoprotein receptor-related protein 8,"Undergoes sequential, furin and gamma-secretase dependent, proteolytic processing, resulting in the extracellular release of the entire ligand-binding domain as a soluble polypeptide and in the intracellular domain (ICD) release into the cytoplasm. The gamma-secretase-dependent proteolytical processing occurs after the bulk of the extracellular domain has been shed, in a furin-dependent manner, in alternatively spliced isoforms carrying the furin cleavage site. Hypoglycosylation (mainly hypo-O-glycosylation) leads to increased extracellular cleavage, which in turn results in accelerating release of the intracellular domain (ICD) by the gamma-secretase. The resulting receptor fragment is able to inhibit Reelin signaling and in particular the Reelin-induced DAB1 phosphorylation (By similarity)",0
11188,Q14114,Low-density lipoprotein receptor-related protein 8,Tyrosine phosphorylated upon apoE binding,0
11193,P53671,LIM domain kinase 2,Phosphorylated on serine and/or threonine residues by ROCK1,1
11196,Q13615,"Phosphatidylinositol-3,5-bisphosphate 3-phosphatase MTMR3",Phosphorylated by CDK1 during mitosis,1
11198,P00533,Epidermal growth factor receptor,"Phosphorylated on Tyr residues in response to EGF (PubMed:20462955, PubMed:27153536). Phosphorylation at Ser-695 is partial and occurs only if Thr-693 is phosphorylated. Phosphorylation at Thr-678 and Thr-693 by PRKD1 inhibits EGF-induced MAPK8/JNK1 activation. Dephosphorylation by PTPRJ prevents endocytosis and stabilizes the receptor at the plasma membrane. Autophosphorylation at Tyr-1197 is stimulated by methylation at Arg-1199 and enhances interaction with PTPN6. Autophosphorylation at Tyr-1092 and/or Tyr-1110 recruits STAT3. Dephosphorylated by PTPN1 and PTPN2",0
11200,P00533,Epidermal growth factor receptor,"Palmitoylated on Cys residues by ZDHHC20. Palmitoylation inhibits internalization after ligand binding, and increases the persistence of tyrosine-phosphorylated EGFR at the cell membrane. Palmitoylation increases the amplitude and duration of EGFR signaling",0
11201,P00533,Epidermal growth factor receptor,Methylated. Methylation at Arg-1199 by PRMT5 stimulates phosphorylation at Tyr-1197,0
11210,Q76FK4,Nucleolar protein 8,Phosphorylated,0
11221,O75143,Autophagy-related protein 13,"Phosphorylated by ULK1, ULK2 and mTOR. Phosphorylation status depends on nutrient-rich conditions; dephosphorylated during starvation or following treatment with rapamycin. ULK1-mediated phosphorylation of ATG13 at Ser-355 is required for efficient clearance of depolarized mitochondria",1
11222,P25391,Laminin subunit alpha-1,Tyrosine phosphorylated by PKDCC/VLK,1
11225,Q02363,DNA-binding protein inhibitor ID-2,"Phosphorylated in vitro by CDK1, PKA and PKC",0
11232,P14921,Protein C-ets-1,"Phosphorylation at Ser-251, Ser-282 and Ser-285 by CaMK2/CaMKII in response to calcium signaling decreases affinity for DNA: an increasing number of phosphoserines causes DNA-binding to become progressively weaker",0
11234,P33076,MHC class II transactivator,"Autophosphorylated, affecting interaction with TAF7",1
11237,Q06418,Tyrosine-protein kinase receptor TYRO3,Autophosphorylated,1
11252,P50749,Ras association domain-containing protein 2,Phosphorylated by STK3/MST2 and STK4/MST1,1
11270,Q9UQ07,MAPK/MAK/MRK overlapping kinase,Autophosphorylated,1
11275,Q96Q15,Serine/threonine-protein kinase SMG1,Autophosphorylated,1
11298,Q9NZB2,Constitutive coactivator of PPAR-gamma-like protein 1,"Phosphorylated on tyrosine by SRC family protein kinases upon oxidative stress, for instance following UV irradiation",0
11299,A8K4G0,CMRF35-like molecule 7,Phosphorylation on Tyr-188 by FYN is required for interaction with GRB2,1
11307,Q9NYV6,RNA polymerase I-specific transcription initiation factor RRN3,"Phosphorylation is required for participation in rDNA transcription (By similarity). Phosphorylated at Thr-200 by MAPK9/JNK2, which abrogates initiation complex formation",1
11311,P42771,Cyclin-dependent kinase inhibitor 2A,Phosphorylation seems to increase interaction with CDK4,0
11322,Q13972,Ras-specific guanine nucleotide-releasing factor 1,"Phosphorylated by PLK2, leading to ubiquitination and degradation by the proteasome",0
11323,Q13972,Ras-specific guanine nucleotide-releasing factor 1,Ubiquitinated and degraded following phosphorylation by PLK2,0
11324,Q13972,Ras-specific guanine nucleotide-releasing factor 1,"Phosphorylated by SRC and LCK. Phosphorylation by LCK increases its capacity to stimulate the GDP/GTP exchange on Ras, whereas its phosphorylation by SRC seems not to have an effect on stimulation activity",0
11332,Q8NDB2,B-cell scaffold protein with ankyrin repeats,Phosphorylated on tyrosines upon BCR activation,0
11351,Q14896,"Myosin-binding protein C, cardiac-type",Substrate for phosphorylation by PKA and PKC. Reversible phosphorylation appears to modulate contraction (By similarity),0
11376,Q9Y2U5,Mitogen-activated protein kinase kinase kinase 2,Autophosphorylated,1
11379,Q13464,Rho-associated protein kinase 1,Autophosphorylated on serine and threonine residues,1
11383,P0CG48,Polyubiquitin-C,"Phosphorylated at Ser-65 by PINK1 during mitophagy. Phosphorylated ubiquitin specifically binds and activates parkin (PRKN), triggering mitophagy (PubMed:24660806, PubMed:24751536, PubMed:24784582, PubMed:25527291). Phosphorylation does not affect E1-mediated E2 charging of ubiquitin but affects discharging of E2 enzymes to form polyubiquitin chains. It also affects deubiquitination by deubiquitinase enzymes such as USP30 (PubMed:25527291)",1
11386,P68400,Casein kinase II subunit alpha,"Phosphorylated at Thr-344, Thr-360, Ser-362 and Ser-370 by CDK1 in prophase and metaphase and dephosphorylated during anaphase. Phosphorylation does not directly affect casein kinase 2 activity, but may contribute to its regulation by forming binding sites for interacting proteins and/or targeting it to different compartments",1
11387,O00204,Sulfotransferase 2B1,Phosphorylated,0
11389,P49023,Paxillin,"Phosphorylated by MAPK1/ERK2 (By similarity). Phosphorylated on tyrosine residues during integrin-mediated cell adhesion, embryonic development, fibroblast transformation and following stimulation of cells by mitogens. Phosphorylation at Ser-244 by CDK5 reduces its interaction with PTK2/FAK1 in matrix-cell focal adhesions (MCFA) during oligodendrocytes (OLs) differentiation. Phosphorylation at Tyr-31 and Tyr-118 by PTK6 promote the activation of RAC1 via CRK/CrKII, thereby promoting migration and invasion. Phosphorylation at Ser-250 by SLK is required for PXN redistribution and cell motility (PubMed:23128389)",1
11390,P05107,Integrin beta-2,"Both Ser-745 and Ser-756 become phosphorylated when T-cells are exposed to phorbol esters (PubMed:11700305). Phosphorylation on Thr-758 (but not on Ser-756) allows interaction with 14-3-3 proteins (PubMed:11700305, PubMed:16301335)",0
11391,Q92835,"Phosphatidylinositol 3,4,5-trisphosphate 5-phosphatase 1","Tyrosine phosphorylated by the members of the SRC family after exposure to a diverse array of extracellular stimuli such as cytokines, growth factors, antibodies, chemokines, integrin ligands and hypertonic and oxidative stress. Phosphorylated upon IgG receptor FCGR2B-binding",0
11397,Q99466,Neurogenic locus notch homolog protein 4,Phosphorylated,0
11400,Q6VAB6,Kinase suppressor of Ras 2,Phosphorylated on Ser-474 by MARK3,1
11422,P0C1S8,Wee1-like protein kinase 2,Phosphorylated on serine residues (PubMed:29606300). Phosphorylation leads to increase its activity (By similarity),0
11424,P50548,ETS domain-containing transcription factor ERF,Phosphorylated by multiple kinases including MAPK1/ERK2 at THR-526. Phosphorylation regulates the activity of ERF,1
11460,Q9NXG0,Centlein,Phosphorylated directly or indirectly by NEK2,0
11463,P47712,Cytosolic phospholipase A2,Phosphorylated at both Ser-505 and Ser-727 in response to mitogenic stimuli,0
11466,P30281,G1/S-specific cyclin-D3,Phosphorylation at Thr-283 by MAP kinases is required for ubiquitination and degradation by the DCX(AMBRA1) complex,1
11467,P30281,G1/S-specific cyclin-D3,"Ubiquitinated by the DCX(AMBRA1) complex during the transition from G1 to S cell phase, leading to its degradation: ubiquitination is dependent on Thr-283 phosphorylation (PubMed:33854235, PubMed:33854239). The DCX(AMBRA1) complex represents the major regulator of CCND3 stability during the G1/S transition (PubMed:33854235, PubMed:33854239). Polyubiquitinated by the SCF(FBXL2) complex, leading to proteasomal degradation (PubMed:22020328)",0
11468,Q9Y4H2,Insulin receptor substrate 2,"Phosphorylation fluctuates in a cell-cycle dependent manner with hyperphosphorylation during mitosis (PubMed:32554797). Phosphorylated at Ser-560 and Ser-1109 by PLK1; these phosphorylations prevent the activation of the PI3K pathway upon growth factor stimulation by inhibiting the binding between IRS2 and the PI3K pathway components and increasing the level of IRS2 protein degradation. In addition, they prevent premature mitotic exit (By similarity)",1
11486,O75886,Signal transducing adapter molecule 2,"Phosphorylated in response to IL-2, GM-CSF, EGF and PDGF",0
11489,P48426,Phosphatidylinositol 5-phosphate 4-kinase type-2 alpha,Phosphorylated in tyrosines. Phosphorylation is induced by light and increases kinase activity,0
11492,Q2M2I8,AP2-associated protein kinase 1,Autophosphorylated,1
11493,Q8N9I0,Synaptotagmin-2,"Phosphorylation at Thr-199 by WNK1, changes the calcium requirement for SYT2-binding to phospholipid membranes",1
11495,Q92918,Mitogen-activated protein kinase kinase kinase kinase 1,"Autophosphorylates: phosphorylation promotes ubiquitination by the Cul7-RING(FBXW8) ubiquitin-protein ligase complex, leading to its degradation by the proteasome",0
11496,Q92918,Mitogen-activated protein kinase kinase kinase kinase 1,Tyrosine-phosphorylated after activation of hemopoietic cells,0
11497,Q92918,Mitogen-activated protein kinase kinase kinase kinase 1,"Ubiquitinated by the Cul7-RING(FBXW8) ubiquitin-protein ligase complex following autophosphorylation, leading to its degradation by the proteasome",0
11505,Q9NZC7,WW domain-containing oxidoreductase,"Phosphorylated upon genotoxic stress. Phosphorylation of Tyr-33 regulates interaction with TP53, TP73 and MAPK8. May also regulate proapoptotic activity. Phosphorylation by TNK2 is associated with polyubiquitination and degradation",1
11506,Q9NZC7,WW domain-containing oxidoreductase,"Ubiquitinated when phosphorylated by TNK2, leading to its degradation",0
11519,P08100,Rhodopsin,"Phosphorylated on some or all of the serine and threonine residues present in the C-terminal region (By similarity). After activation by light, phosphorylated by GRK1 (in vitro) (PubMed:28524165)",1
11521,P11274,Breakpoint cluster region protein,"Autophosphorylated. Phosphorylated by FES/FPS on tyrosine residues, leading to down-regulation of the BCR kinase activity. Phosphorylation at Tyr-177 by HCK is important for interaction with GRB2",1
11522,P31946,14-3-3 protein beta/alpha,"The alpha, brain-specific form differs from the beta form in being phosphorylated. Phosphorylated on Ser-60 by protein kinase C delta type catalytic subunit in a sphingosine-dependent fashion",1
11524,Q9NWZ3,Interleukin-1 receptor-associated kinase 4,Phosphorylated,0
11526,Q9H1K1,Iron-sulfur cluster assembly enzyme ISCU,"Phosphorylation at Ser-14 is required for ISCU protein stabilization in the cytosol, whereas dephosphorylation of Ser-14, due to the inhibition of mTORC1 (mammalian target of rapamycin complex 1) complex, leads to degradation of the precursor form and ultimately to a decrease in the mitochondrial mature form",0
11529,P00558,Phosphoglycerate kinase 1,"Phosphorylated at Ser-203 by MAPK1/ERK2 under hypoxic conditions, which promotes its mitochondrial targeting",1
11531,Q86UR1,NADPH oxidase activator 1,Interaction with YWHAZ depends on phosphorylation by PKA,0
11532,P26678,Phospholamban,"Phosphorylation by PKA abolishes the inhibition of ATP2A2-mediated calcium uptake. Phosphorylated at Thr-17 by CaMK2, and in response to beta-adrenergic stimulation. Phosphorylation by DMPK may stimulate sarcoplasmic reticulum calcium uptake in cardiomyocytes",1
11541,Q13470,Non-receptor tyrosine-protein kinase TNK1,Autophosphorylated on tyrosine residues,1
11546,Q8NE71,ATP-binding cassette sub-family F member 1,Isoform 2 is phosphorylated at phosphoserine and phosphothreonine. Isoform 2 phosphorylation on Ser-109 and Ser-140 by CK2 inhibits association of EIF2 with ribosomes,1
11553,Q9NZU1,Leucine-rich repeat transmembrane protein FLRT1,"Phosphorylated in response to FGFR1 signaling, but is not a direct substrate of FGFR1 or SRC. A mutant where the Tyr phosphorylation sites have been replaced by Phe displays constitutive FGFR1-dependent activation of downstream MAP kinases",0
11557,Q9UNZ2,NSFL1 cofactor p47,Phosphorylated during mitosis. Phosphorylation inhibits interaction with Golgi membranes and is required for the fragmentation of the Golgi stacks during mitosis (By similarity),0
11560,O15315,DNA repair protein RAD51 homolog 2,Phosphorylated on tyrosine residues by BCR-ABL,1
11573,P11216,"Glycogen phosphorylase, brain form",Phosphorylated (PubMed:27402852). Phosphorylation of Ser-15 converts phosphorylase B (unphosphorylated) to phosphorylase A (By similarity),0
11581,Q86X95,Corepressor interacting with RBPJ 1,Phosphorylated by NEK6,1
11583,Q8TEL6,Short transient receptor potential channel 4-associated protein,Phosphorylated by GSK3B; phosphorylation is required for ubiquitination,1
11584,Q8TEL6,Short transient receptor potential channel 4-associated protein,"Ubiquitinated by a SCF (SKP1-CUL1-F-box protein) E3 ubiquitin-protein ligase containing SKP2, leading to its degradation (PubMed:26038816). Phosphorylation by GSK3B is required for ubiquitination (PubMed:26038816)",0
11598,Q9BYF1,Angiotensin-converting enzyme 2,Phosphorylated. Phosphorylation at Tyr-781 probably inhibits interaction with AP2M1 and enables interactions with proteins containing SH2 domains,0
11600,Q13315,Serine-protein kinase ATM,"Phosphorylated by NUAK1/ARK5 (PubMed:12409306). Autophosphorylation on Ser-367, Ser-1893, Ser-1981 correlates with DNA damage-mediated activation of the kinase (PubMed:12556884, PubMed:15790808, PubMed:16141325, PubMed:16858402, PubMed:21144835, PubMed:27664052). During the late stages of DNA damage response, dephosphorylated following deacetylation by SIRT7, leading to ATM deactivation (PubMed:30944854)",1
11601,Q13315,Serine-protein kinase ATM,"Acetylation, on DNA damage, is required for activation of the kinase activity, dimer-monomer transition, and subsequent autophosphorylation on Ser-1981 (PubMed:12556884, PubMed:16141325, PubMed:16858402, PubMed:17923702, PubMed:21144835). Acetylated in vitro by KAT5/TIP60 (PubMed:16141325). Deacetylated by SIRT7 during the late stages of DNA damage response, promoting ATM dephosphorylation and subsequent deactivation (PubMed:30944854)",0
11603,O14558,Heat shock protein beta-6,Phosphorylated at Ser-16 by PKA and probably PKD1K; required to protect cardiomyocytes from apoptosis,0
11609,P55008,Allograft inflammatory factor 1,Phosphorylated on serine residues,0
11611,P78344,Eukaryotic translation initiation factor 4 gamma 2,Phosphorylation; hyperphosphorylated during mitosis,0
11622,Q9H6D3,XK-related protein 8,Phosphorylation at Thr-375 activates the phospholipid scramblase activity,0
11627,Q9UJ98,Cohesin subunit SA-3,Phosphorylated,0
11631,Q9Y5S1,Transient receptor potential cation channel subfamily V member 2,Phosphorylated by PKA,1
11660,Q86VP1,Tax1-binding protein 1,Phosphorylated in the C-terminal region by CHUK/IKKA leading to NF-kappa-B signaling down-regulation,1
11668,O14523,Phospholipid transfer protein C2CD2L,Phosphorylation at the C-terminus acidifies the protein and leads to disassociation from the acidic cell membrane. Reassociates with the cell membrane upon dephosphorylation,0
11675,Q9ULP0,Protein NDRG4,"Phosphorylated in an aortic smooth muscle cell line, following PDGF treatment",0
11706,Q9BX84,Transient receptor potential cation channel subfamily M member 6,"Autophosphorylated; autophosphorylation controlls the protein kinase activity of TRPM6 towards their substrates (PubMed:18258429, PubMed:18365021). Autophosphorylation of Thr-1851 in the kinase domain is essential for the inhibitory effect of RACK1 (PubMed:18258429)",1
11707,Q9BX84,Transient receptor potential cation channel subfamily M member 6,"The C-terminus of TRPM6 is proteolytically cleaved in vivo, in a cell type-specific fashion, releasing the kinase module from the transmembrane domain. The cleaved kinase fragments are translocated to the nucleus to phosphorylate histones and regulate gene expression",0
11711,P35348,Alpha-1A adrenergic receptor,C-terminal Ser or Thr residues may be phosphorylated,0
11737,O75871,Cell adhesion molecule CEACAM4,The cytoplasmic ITAM-like sequence becomes tyrosine phosphorylated by SRC family PTKs upon ligand-mediated receptor clustering and allows to initiate phagocytosis of bound ligand,0
11743,P33241,Lymphocyte-specific protein 1,"Phosphorylated by casein kinase II, protein kinase C and MAPKAPK2. Phosphorylation by PKC induces translocation from membrane to cytoplasm. Phosphorylation by MAPKAPK2 may regulate neutrophil chemotaxis (By similarity)",1
11754,P61289,Proteasome activator complex subunit 3,Phosphorylated by MAP3K3 (By similarity). Phosphorylation at Ser-247 promotes its association with CCAR2,1
11759,Q9Y210,Short transient receptor potential channel 6,"Phosphorylated by FYN, leading to an increase of TRPC6 channel activity",1
11783,Q68CQ4,U3 small nucleolar RNA-associated protein 25 homolog,Phosphorylated. Phosphorylation is required to promote p53/TP53 degradation in the nucleolus which promotes cell cycle progression and liver development,0
11787,Q8N0X2,Sperm-associated antigen 16 protein,Phosphorylated by TSSK2,1
11798,Q9NQ75,Cas scaffolding protein family member 4,Phosphorylated on tyrosines by SRC,0
11808,P03956,Interstitial collagenase,Tyrosine phosphorylated in platelets by PKDCC/VLK,0
11813,P16885,"1-phosphatidylinositol 4,5-bisphosphate phosphodiesterase gamma-2",Phosphorylated on tyrosine residues by CSF1R (By similarity). Phosphorylated on tyrosine residues by BTK and SYK; upon ligand-induced activation of a variety of growth factor receptors and immune system receptors. Phosphorylation leads to increased phospholipase activity,1
11816,Q16288,NT-3 growth factor receptor,Ligand-mediated auto-phosphorylation,1
11827,Q9BV73,Centrosome-associated protein CEP250,"Differentially phosphorylated during cell cycle. Phosphorylation may regulate association/dissociation from centrosome. During M phase of mitosis, C-terminal part is phosphorylated by NEK2, suggesting that it may trigger the dissociation from the mitotic centrosome. Dephosphorylated in vitro by the PP1 phosphatase",0
11835,P27815,"3',5'-cyclic-AMP phosphodiesterase 4A",Phosphorylated at Ser-119 by PKA,0
11847,Q00LT1,Photoreceptor disk component PRCD,Phosphorylated,0
11848,Q16143,Beta-synuclein,"Phosphorylated. Phosphorylation by G-protein coupled receptor kinases (GRK) is more efficient than phosphorylation by CK1, CK2 and CaM-kinase II",1
11849,Q684P5,Rap1 GTPase-activating protein 2,In vitro phosphorylated by cGMP-dependent protein kinase 1 (cGKI) at Ser-7; the phosphorylation probably does not regulate GAP activity,0
11861,P07237,Protein disulfide-isomerase,Phosphorylation of Ser-357 by FAM20C is induced by endoplasmic reticulum stress and results in a functional switch from oxidoreductase to molecular chaperone (PubMed:32149426). It also promotes interaction with ERN1 (PubMed:32149426),1
11862,P62993,Growth factor receptor-bound protein 2,Phosphorylation of Tyr-209 in the C-terminal SH3 domain reduces its binding to SOS1,0
11865,O75460,Serine/threonine-protein kinase/endoribonuclease IRE1,"Autophosphorylated following homodimerization. Autophosphorylation promotes activation of the endoribonuclease domain (PubMed:12637535, PubMed:21317875, PubMed:28128204, PubMed:9637683). In response to ER stress, phosphorylated at Ser-724, Ser-729 and possibly Ser-726; phosphorylation promotes oligomerization and endoribonuclease activity (PubMed:30118681). Dephosphorylated at Ser-724, Ser-729 and possibly Ser-726 by RPAP2 to abort failed ER-stress adaptation and trigger apoptosis (PubMed:30118681)",1
11882,O96013,Serine/threonine-protein kinase PAK 4,Autophosphorylated on serine residues when activated by CDC42/p21 (Ref.32). Phosphorylated on tyrosine residues upon stimulation of FGFR2 (By similarity). Methylated by SETD6,1
11885,O14561,"Acyl carrier protein, mitochondrial",Phosphopantetheinylation at Ser-112 is essential for interactions with LYR motif-containing proteins,0
11907,O15344,E3 ubiquitin-protein ligase Midline-1,Phosphorylated on serine and threonine residues,0
11908,P30048,"Thioredoxin-dependent peroxide reductase, mitochondrial",Phosphorylated by LRRK2; phosphorylation reduces perodixase activity,1
11911,P49585,Choline-phosphate cytidylyltransferase A,"The serine residues of the C-terminus are phosphorylated. The inactive soluble form is stabilized by phosphorylation, the active membrane bound form is promoted by anionic lipids or diacylglycerol, and is stabilized by dephosphorylation (By similarity)",0
11914,P54753,Ephrin type-B receptor 3,Phosphorylated. Autophosphorylates upon ligand-binding. Autophosphorylation on Tyr-614 is required for interaction with SH2 domain-containing proteins,1
11929,P05455,Lupus La protein,Phosphorylated. The phosphorylation sites are at the C-terminal part of the protein,0
11932,P10244,Myb-related protein B,Phosphorylated by cyclin A/CDK2 during S-phase. Phosphorylation at Thr-520 is probably involved in transcriptional activity,0
11938,Q02779,Mitogen-activated protein kinase kinase kinase 10,Autophosphorylation on serine and threonine residues within the activation loop plays a role in enzyme activation,1
11941,Q504Y2,Extracellular tyrosine-protein kinase PKDCC,Phosphorylated on tyrosines; probably via autophosphorylation,0
11942,Q5TZA2,Rootletin,Phosphorylated by NEK2 which may regulate its association with centrosomes,1
11944,Q6UY09,Cell adhesion molecule CEACAM20,"Phosphorylated on tyrosine residues by SYK, SRC and FYN in vitro",1
11964,Q8TE02,Elongator complex protein 5,Tyrosine-phosphorylated,0
11972,O00763,Acetyl-CoA carboxylase 2,Phosphorylation at Ser-222 by AMPK inactivates the enzyme (PubMed:12488245). Required for the maintenance of skeletal muscle lipid and glucose homeostasis (By similarity),0
11977,P14778,Interleukin-1 receptor type 1,"Rapidly phosphorylated on Tyr-496 in response to IL-1, which creates a SH2 binding site for the PI 3-kinase regulatory subunit PIK3R1",0
11984,P13498,Cytochrome b-245 light chain,Phosphorylation at Thr-147 enhances NADPH oxidase activity by promoting NCF1/p47-phox binding,0
11988,Q06830,Peroxiredoxin-1,"Phosphorylated on Thr-90 during the M-phase, which leads to a more than 80% decrease in enzymatic activity",0
11990,Q13163,Dual specificity mitogen-activated protein kinase kinase 5,Activated by phosphorylation on Ser/Thr by MAP kinase kinase kinases,0
11991,Q13163,Dual specificity mitogen-activated protein kinase kinase 5,"(Microbial infection) Yersinia YopJ may acetylate Ser/Thr residues, preventing phosphorylation and activation, thus blocking the MAPK signaling pathway",0
11998,P12259,Coagulation factor V,Phosphorylated by FAM20C in the extracellular medium,1
12003,Q13061,Triadin,Phosphorylated by CaMK2,1
12009,Q99717,Mothers against decapentaplegic homolog 5,Phosphorylated on serine by BMP (bone morphogenetic proteins) type 1 receptor kinase,0
12015,Q14191,Bifunctional 3'-5' exonuclease/ATP-dependent helicase WRN,Phosphorylated by PRKDC,1
12036,P38398,Breast cancer type 1 susceptibility protein,"Phosphorylated in response to IR, UV, and various stimuli that cause checkpoint activation, probably by ATM or ATR (PubMed:11114888, PubMed:12183412, PubMed:21144835). Phosphorylation at Ser-988 by CHEK2 regulates mitotic spindle assembly (PubMed:10724175, PubMed:20364141). Phosphorylation by AURKA regulates centrosomal microtubule nucleation (PubMed:18056443)",1
12055,Q99759,Mitogen-activated protein kinase kinase kinase 3,Phosphorylation at Ser-166 and Ser-337 by SGK1 inhibits its activity,1
12068,Q16512,Serine/threonine-protein kinase N1,Autophosphorylated; preferably on serine. Phosphorylated during mitosis,1
12073,O75891,Cytosolic 10-formyltetrahydrofolate dehydrogenase,Phosphopantetheinylation at Ser-354 by AASDHPPT is required for the formyltetrahydrofolate dehydrogenase activity,0
12078,P43351,DNA repair protein RAD52 homolog,"Phosphorylated upon DNA damage by ABL1, and probably by ATM or ATR",1
12087,Q9NZC9,SWI/SNF-related matrix-associated actin-dependent regulator of chromatin subfamily A-like protein 1,"DNA damage-regulated phosphorylation by kinases that may include ATM, ATR and PRKDC",0
12094,P36955,Pigment epithelium-derived factor,The N-terminus is blocked. Extracellular phosphorylation enhances antiangiogenic activity,0
12096,P53367,Arfaptin-1,"Phosphorylated by PRKD1; phosphorylation delocalizes ARFIP1 from the Golgi and disrupts its ability to inhibit the activity of ADP-ribosylation factor, an important component of the vesicle scission machinery",1
12100,Q6P1M3,LLGL scribble cell polarity complex component 2,Phosphorylated at Ser-653 by PRKCI. Phosphorylation is enhanced during cell polarization induced by calcium. Phosphorylation may occur during the cell-cell contact-induced cell polarization and may contribute to the segregation of LLGL2 from the PRKCI/aPKC and PARD6B/Par-6 complex,1
12115,P24534,Elongation factor 1-beta,Phosphorylation affects the GDP/GTP exchange rate,0
12129,Q9UKB5,Adherens junction-associated protein 1,"Thr-237 and Ser-239 may be phosphorylated; however as this position is probably extracellular, the in vivo relevance is not proven",0
12131,O15197,Ephrin type-B receptor 6,Ligand-binding increases phosphorylation on tyrosine residues. Phosphorylation on tyrosine residues is mediated by transphosphorylation by the catalytically active EPHB1 in a ligand-independent manner. Tyrosine phosphorylation of the receptor may act as a switch on the functional transition from cell adhesion/attraction to de-adhesion/repulsion,1
12136,Q9P286,Serine/threonine-protein kinase PAK 5,Autophosphorylated when activated by CDC42/p21,1
12137,Q9Y5S8,NADPH oxidase 1,Phosphorylation at Thr-430 mediated by PKC/PRKBC positively regulates its interaction with NOXA1 and enzyme activity,1
12154,P22736,Nuclear receptor subfamily 4immunitygroup A member 1,Phosphorylated at Ser-351 by RPS6KA1 and RPS6KA3 in response to mitogenic or stress stimuli,1
12164,Q9BY12,S phase cyclin A-associated protein in the endoplasmic reticulum,Phosphorylated in vitro by the CCNA2/CDK2 complex,1
12167,Q03060,cAMP-responsive element modulator,Stimulated by phosphorylation. Phosphorylated on Ser-116 by TSSK4 in vitro,0
12168,O14896,Interferon regulatory factor 6,Phosphorylated. Phosphorylation status depends on the cell cycle and is a signal for ubiquitination and proteasome-mediated degradation,0
12172,Q9UKW4,Guanine nucleotide exchange factor VAV3,"Phosphorylated. Phosphorylation can be mediated by ROS1. In osteoclasts, undergoes tyrosine phosphorylation in response to CSF1 (By similarity)",0
12176,P15882,N-chimaerin,Phosphorylated. Phosphorylation is EPHA4 kinase activity-dependent (By similarity),0
12179,P62995,Transformer-2 protein homolog beta,Phosphorylated in the RS domains,0
12186,Q96J84,Kin of IRRE-like protein 1,"Phosphorylation probably regulates the interaction with NSH2. Phosphorylated at Tyr-605 and Tyr-606 by FYN, leading to GRB2 binding (By similarity)",1
12193,P29323,Ephrin type-B receptor 2,Autophosphorylated; ligand binding stimulates autophosphorylation on tyrosine residues,1
12223,P21709,Ephrin type-A receptor 1,Phosphorylated. Autophosphorylation is stimulated by its ligand EFNA1,1
12225,P47871,Glucagon receptor,Ligand-binding promotes phosphorylation of serine residues in the C-terminal cytoplasmic domain. Phosphorylation is important for receptor endocytosis after ligand-binding,0
12226,P52926,High mobility group protein HMGI-C,Regulated by cell cycle-dependent phosphorylation which alters its DNA binding affinity. Phosphorylated by NEK2 (By similarity),1
12228,Q92504,Zinc transporter SLC39A7,Rapidly phosphorylated by CK2 following Zn(2+) treatment. This phosphorylation is required for efficient cytosolic Zn(2+) release,0
12230,Q96K21,Abscission/NoCut checkpoint regulator,"Phosphorylated in vitro at Ser-22 by AURKB; however, phosphorylation at this site could not be confirmed in vivo",1
12233,Q9Y2K2,Serine/threonine-protein kinase SIK3,Phosphorylated at Thr-221 by STK11/LKB1 in complex with STE20-related adapter-alpha (STRADA) pseudo kinase and CAB39 (PubMed:14976552). Phosphorylation at Thr-221 is inhibited in response to PTHLH/PTHrP (PubMed:30232230). Phosphorylated at Thr-469 and Ser-551 in response to cAMP signaling (Probable),1
12237,O60260,E3 ubiquitin-protein ligase parkin,"Phosphorylated (PubMed:18957282, PubMed:23754282, PubMed:24660806, PubMed:24784582, PubMed:25474007). Activation requires phosphorylation at Ser-65 by PINK1 and binding to PINK1 phosphorylated ubiquitin (PubMed:18957282, PubMed:23754282, PubMed:24660806, PubMed:24784582, PubMed:25474007). Phosphorylation at Thr-175 by PINK1 and at Thr-217 is important for mitochondrial localization (PubMed:18957282)",0
12240,Q16873,Leukotriene C4 synthase,Phosphorylation at Ser-36 by RPS6KB1 inhibits the leukotriene-C4 synthase activity,1
12244,Q9Y295,Developmentally-regulated GTP-binding protein 1,Phosphorylated at Thr-100 by STK16,0
12250,Q8NB49,Phospholipid-transporting ATPase IG,Phosphorylated at Ser-1116 likely by PRKCA; this creates a functional di-leucine motif that is sufficient for endocytosis,0
12257,Q01085,Nucleolysin TIAR,"Phosphorylated by MAPK14 following DNA damage, releasing TIAR from GADD45A mRNA",0
12258,Q16760,Diacylglycerol kinase delta,Phosphorylated (PubMed:12084710). Phosphorylation by PKC induced by phorbol esters prevents homooligomerization and promotes association with membranes (PubMed:12084710),1
12266,P60520,Gamma-aminobutyric acid receptor-associated protein-like 2,"The precursor molecule is cleaved by ATG4 (ATG4A, ATG4B, ATG4C or ATG4D) to expose the glycine at the C-terminus and form the cytosolic form, GABARAPL2-I (PubMed:15169837, PubMed:20818167, PubMed:30661429, PubMed:31709703). The processed form is then activated by APG7L/ATG7, transferred to ATG3 and conjugated to phosphatidylethanolamine (PE) phospholipid to form the membrane-bound form, GABARAPL2-II (PubMed:15169837, PubMed:31709703). During non-canonical autophagy, the processed form is conjugated to phosphatidylserine (PS) phospholipid (PubMed:33909989). ATG4 proteins also mediate the delipidation of PE-conjugated forms required for GABARAPL2 recycling when autophagosomes fuse with lysosomes (PubMed:29458288, PubMed:31709703, PubMed:33909989). In addition, ATG4B and ATG4D mediate delipidation of ATG8 proteins conjugated to PS during non-canonical autophagy (PubMed:33909989). ATG4B constitutes the major protein for proteolytic activation (PubMed:30661429). ATG4D is the main enzyme for delipidation activity (By similarity)",0
12268,P60520,Gamma-aminobutyric acid receptor-associated protein-like 2,"Phosphorylation at Ser-87 and Ser-88 by TBK1 prevents interaction with ATG4 (ATG4A, ATG4B, ATG4C or ATG4D) (PubMed:31709703). Phosphorylation by TBK1 on autophagosomes prevents their delipidation by ATG4 and premature removal from nascent autophagosomes (PubMed:31709703)",0
12276,P15498,Proto-oncogene vav,Phosphorylated on tyrosine residues by HCK in response to IFNG and bacterial lipopolysaccharide (LPS) (By similarity). Phosphorylated by FYN,0
12279,Q92729,Receptor-type tyrosine-protein phosphatase U,Phosphorylated on tyrosine residues upon activation of KIT with stem cell factor (SCF). The 73 kDa proteolytic product is not phosphorylated,0
12284,P02671,Fibrinogen alpha chain,About one-third of the alpha chains in the molecules in blood were found to be phosphorylated,0
12286,P02671,Fibrinogen alpha chain,Phosphorylated by FAM20C in the extracellular medium,1
12312,P29074,Tyrosine-protein phosphatase non-receptor type 4,Highly phosphorylated on serine and threonine residues but not on tyrosines,0
12319,Q9HBY8,Serine/threonine-protein kinase Sgk2,"Activated by phosphorylation on Ser-356 by an unknown kinase (may be mTORC2 but not confirmed), transforming it into a substrate for PDPK1 which then phosphorylates it on Thr-193",0
12321,Q9H257,Caspase recruitment domain-containing protein 9,"Phosphorylated at Thr-231 by PRKCD downstream of C-type lectin receptors activation: phosphorylation promotes interaction with BCL10, followed by activation of NF-kappa-B and MAP kinase p38 pathways (By similarity). Phosphorylated at Thr-531 and Thr-533 by CK2 following interaction with VHL, leading to inhibit the ability to activate NF-kappa-B (By similarity)",0
12326,P01042,Kininogen-1,Phosphorylated by FAM20C in the extracellular medium,1
12329,P13807,"Glycogen [starch] synthase, muscle","Phosphorylation at Ser-8 by AMPK inactivates the enzyme activity. Primed phosphorylation at Ser-657 (site 5) by CSNK2A1 and CSNK2A2 is required for inhibitory phosphorylation at Ser-641 (site 3a), Ser-645 (site 3b), Ser-649 (site 3c) and Ser-653 (site 4) by GSK3A an GSK3B (By similarity). Phosphorylated at Ser-641 by DYRK2, leading to inactivation (By similarity). Phosphorylated at Ser-641 by PASK, leading to inactivation; phosphorylation by PASK is inhibited by glycogen. Dephosphorylation at Ser-641 and Ser-645 by PP1 activates the enzyme (PubMed:35835870)",1
12331,P20138,Myeloid cell surface antigen CD33,Phosphorylation of Tyr-340 is involved in binding to PTPN6 and PTPN11. Phosphorylation of Tyr-358 is involved in binding to PTPN6. LCK phosphorylates Tyr-340 efficiently and Tyr-358 to a lesser extent,0
12373,P42898,Methylenetetrahydrofolate reductase (NADPH),Phosphorylation of an N-terminal serine-rich phosphorylation region increases sensitivity to S-adenosylmethionine and inhibition,0
12374,P11836,B-lymphocyte antigen CD20,Phosphorylated on serines and threonines in resting B-cells. Protein kinase C/PKC can use CD20 as substrate,0
12375,P15173,Myogenin,Phosphorylated by CAMK2G on threonine and serine amino acids in a muscle activity-dependent manner. Phosphorylation of Thr-87 impairs both DNA-binding and trans-activation functions in contracting muscles (By similarity),1
12381,P14859,"POU domain, class 2, transcription factor 1",Phosphorylated by PRKDC,1
12397,P13569,Cystic fibrosis transmembrane conductance regulator,"Phosphorylated; cAMP treatment promotes phosphorylation and activates the channel (PubMed:12588899, PubMed:17036051, PubMed:8910473). Dephosphorylation decreases the ATPase activity (in vitro) (PubMed:8910473). Phosphorylation at PKA sites activates the channel (PubMed:10792060, PubMed:12519745, PubMed:12588899, PubMed:25330774). Phosphorylation at PKC sites enhances the response to phosphorylation by PKA (PubMed:12588899). Phosphorylated by AMPK; this inhibits channel activity (PubMed:12519745)",0
12415,Q9Y608,Leucine-rich repeat flightless-interacting protein 2,Ser-190 and Ser-202 are phosphorylated in response to LPS stimulation. Ser-202 phosphorylation regulates the LPS-induced interaction with MYD88,0
12416,Q9Y6Q5,AP-1 complex subunit mu-2,Phosphorylation of membrane-bound AP1M1/AP1M2 increases its affinity for sorting signals,0
12424,P30041,Peroxiredoxin-6,Phosphorylation at Thr-177 by MAP kinases increases the phospholipase activity of the enzyme (By similarity). The phosphorylated form exhibits a greater lysophosphatidylcholine acyltransferase activity compared to the non-phosphorylated form (PubMed:26830860),0
12433,P49796,Regulator of G-protein signaling 3,Phosphorylated by cyclic GMP-dependent protein kinase,1
12439,Q12852,Mitogen-activated protein kinase kinase kinase 12,Autophosphorylated on Ser/Thr. Phosphorylated in cytosol under basal conditions and dephosphorylated when membrane-associated (By similarity),1
12442,Q14011,Cold-inducible RNA-binding protein,"Phosphorylated by CK2, GSK3A and GSK3B. Phosphorylation by GSK3B increases RNA-binding activity to the TXN 3'-UTR transcript upon exposure to UV radiation",0
12447,Q8NCN4,E3 ubiquitin-protein ligase RNF169,Phosphorylated by DYRK1A; phosphorylation increases RNF169 ability to block accumulation of TP53BP1 at the DSB sites,1
12452,O15198,Mothers against decapentaplegic homolog 9,Phosphorylated on serine by BMP (bone morphogenetic proteins) type 1 receptor kinase,0
12458,P13385,Protein Cripto,"The GPI-anchor is attached to the protein in the endoplasmic reticulum and serves to target the protein to the cell surface. There, it is processed by GPI processing phospholipase A2 (TMEM8A), removing an acyl-chain at the sn-2 position of GPI and releasing CRIPTO as a lysophosphatidylinositol-bearing form, which is further cleaved by phospholipase D (GPLD1) into a soluble form",0
12463,Q14134,Tripartite motif-containing protein 29,Constitutively phosphorylated by PKC on serine/threonine in A431 cells,0
12465,Q2I0M5,R-spondin-4,"Tyr-112 may be phosphorylated; however as this position is probably extracellular, the vivo relevance is not proven",0
12466,Q8IYM2,Ribonuclease SLFN12,Phosphorylation at Ser-368 and Ser-573 negatively regulates the ribonuclease activity (PubMed:35104454). Dephosphorylation is induced by the interaction with PDE3A and stimulates the rRNA ribonuclease activity (PubMed:35104454),0
12483,Q9UHR4,BAR/IMD domain-containing adapter protein 2-like 1,Phosphorylated on tyrosine in response to insulin,0
12486,P09622,"Dihydrolipoyl dehydrogenase, mitochondrial",Tyrosine phosphorylated,0
12498,P48023,Tumor necrosis factor ligand superfamily member 6,Phosphorylated by FGR on tyrosine residues; this is required for ubiquitination and subsequent internalization,0
12508,Q9BYC5,"Alpha-(1,6)-fucosyltransferase",Tyrosine phosphorylated by PKDCC/VLK,1
12550,Q969S3,Cytoplasmic 60S subunit biogenesis factor ZNF622,Phosphorylated by MELK. The phosphorylation may redirect the protein to the nucleus,1
12556,Q9UGK3,Signal-transducing adaptor protein 2,Phosphorylated on tyrosine. Tyr-250 may be important for interaction with kinases. Phosphorylated by PTK6 at Tyr-250 modulates PTK6-mediated STAT3 activation. Tyr-22 and Tyr-322 appears to be phosphorylated by SRC,1
12560,Q13627,Dual specificity tyrosine-phosphorylation-regulated kinase 1A,Autophosphorylated on numerous tyrosine residues. Can also autophosphorylate on serine and threonine residues (in vitro),1
12566,O75969,A-kinase anchor protein 3,Phosphorylated by STK33 during sperm flagella assembly (By similarity). Phosphorylated on tyrosine residues (PubMed:10529264),1
12568,P32942,Intercellular adhesion molecule 3,Upon stimulation by a physiologic stimuli becomes rapidly and transiently phosphorylated on serine residues,0
12576,P82094,TATA element modulatory factor,Phosphorylated by FER,1
12585,Q8NFT6,Protein DBF4 homolog B,Phosphorylated,0
12618,P15172,Myoblast determination protein 1,Phosphorylated by CDK9. This phosphorylation promotes its function in muscle differentiation,1
12633,Q9Y365,START domain-containing protein 10,"Phosphorylation at Ser-284 by CK2 negatively regulates lipid transfer activity, possibly by decreasing membrane association",1
12639,Q13144,Translation initiation factor eIF2B subunit epsilon,Phosphorylated at Ser-544 by DYRK2; this is required for subsequent phosphorylation by GSK3B (By similarity). Phosphorylated on serine and threonine residues by GSK3B; phosphorylation inhibits its function,1
12644,O15304,Apoptosis regulatory protein Siva,Phosphorylated by ABL2/ARG in response to oxidative stress,1
12650,Q86YV5,Inactive tyrosine-protein kinase PRAG1,"Phosphorylated by CSK on Tyr-253, Tyr-365, and Tyr-413; Tyr-413 is a primary site of phosphorylation",0
12657,Q9BXA6,Testis-specific serine/threonine-protein kinase 6,Autophosphorylated,1
12695,O60674,Tyrosine-protein kinase JAK2,"Autophosphorylated, leading to regulate its activity. Leptin promotes phosphorylation on tyrosine residues, including phosphorylation on Tyr-813 (By similarity). Autophosphorylation on Tyr-119 in response to EPO down-regulates its kinase activity (By similarity). Autophosphorylation on Tyr-868, Tyr-966 and Tyr-972 in response to growth hormone (GH) are required for maximal kinase activity (By similarity). Also phosphorylated by TEC (By similarity). Phosphorylated on tyrosine residues in response to interferon gamma signaling (PubMed:7615558, PubMed:7673114). Phosphorylated on tyrosine residues in response to a signaling cascade that is activated by increased cellular retinol (PubMed:21368206)",1
12697,P06241,Tyrosine-protein kinase Fyn,"Autophosphorylated at Tyr-420 (By similarity). Phosphorylation on the C-terminal tail at Tyr-531 by CSK maintains the enzyme in an inactive state (PubMed:1699196). PTPRC/CD45 dephosphorylates Tyr-531 leading to activation (PubMed:1533589). Ultraviolet B (UVB) strongly increase phosphorylation at Thr-12 and kinase activity, and promotes translocation from the cytoplasm to the nucleus (PubMed:15537652). Dephosphorylation at Tyr-420 by PTPN2 negatively regulates T-cell receptor signaling (PubMed:22080863). Phosphorylated at tyrosine residues, which can be enhanced by NTN1 (By similarity)",0
12699,Q96CV9,Optineurin,"Phosphorylated by TBK1, leading to restrict bacterial proliferation in case of infection. Phosphorylation is induced by phorbol esters and decreases its half-time",1
12728,P04553,Sperm protamine P1,Phosphorylated by SRPK1,1
12748,Q96QH2,PML-RARA-regulated adapter molecule 1,May be phosphorylated on tyrosines,0
12760,Q02548,Paired box protein Pax-5,Phosphorylated by SYK. This phosphorylation plays an important role in the abolition of BLIMP1 repression by PAX5 in order to trigger plasma cell differentiation,0
12772,Q96G23,Ceramide synthase 2,"Phosphorylated at the C-terminus by CK2, leading to increase the ceramide synthase activity",0
12778,P62508,Estrogen-related receptor gamma,Sumoylation on Lys-40 is enhanced by phosphorylation at Ser-45 and represses transcriptional activity,0
12779,P62508,Estrogen-related receptor gamma,Phosphorylation on Ser-45 enhances sumoylation on Lys-40 thus repressing transcriptional activity,0
12783,P20333,Tumor necrosis factor receptor superfamily member 1B,Phosphorylated; mainly on serine residues and with a very low level on threonine residues,0
12786,P35900,"Keratin, type I cytoskeletal 20",Hyperphosphorylation at Ser-13 occurs during the early stages of apoptosis but becomes less prominent during the later stages. Phosphorylation at Ser-13 also increases in response to stress brought on by cell injury (By similarity),0
12791,Q9H4E7,Differentially expressed in FDCP 6 homolog,Tyrosine-phosphorylated by tyrosine-protein kinase LCK in response to T-cell activation,1
12797,P15036,Protein C-ets-2,Phosphorylation by CDK10 at Ser-220 and Ser-225 creates a phosphodegron that targets ETS2 for proteasomal degradation,0
12819,P36871,Phosphoglucomutase-1,Phosphorylation at Thr-467 by PAK1 significantly enhances enzymatic activity,1
12843,O60763,General vesicular transport factor p115,Phosphorylated in a cell cycle-specific manner; phosphorylated in interphase but not in mitotic cells. Dephosphorylated protein associates with the Golgi membrane; phosphorylation promotes dissociation,0
12862,Q99543,DnaJ homolog subfamily C member 2,Phosphorylated in M (mitotic) phase,0
12866,Q9P246,Stromal interaction molecule 2,Phosphorylated predominantly on Ser residues,0
12873,Q13562,Neurogenic differentiation factor 1,"Phosphorylated. In islet cells, phosphorylated on Ser-274 upon glucose stimulation; which may be required for nuclear localization. In activated neurons, phosphorylated on Ser-335; which promotes dendritic growth. Phosphorylated by MAPK1; phosphorylation regulates heterodimerization and DNA-binding activities. Phosphorylation on Ser-266 and Ser-274 increases transactivation on the insulin promoter in glucose-stimulated insulinoma cells (By similarity)",1
12878,Q07820,Induced myeloid leukemia cell differentiation protein Mcl-1,Rapidly degraded in the absence of phosphorylation on Thr-163 in the PEST region,0
12879,Q07820,Induced myeloid leukemia cell differentiation protein Mcl-1,"Phosphorylated on Ser-159, by GSK3, in response to IL3/interleukin-3 withdrawal. Phosphorylation at Ser-159 induces ubiquitination and proteasomal degradation, abrogating the anti-apoptotic activity. Treatment with taxol or okadaic acid induces phosphorylation on additional sites",0
12880,Q07820,Induced myeloid leukemia cell differentiation protein Mcl-1,Ubiquitinated. Ubiquitination is induced by phosphorylation at Ser-159 (PubMed:16543145). Deubiquitinated by USP20; leading to increased stability (PubMed:35063767),0
12882,P61266,Syntaxin-1B,Phosphorylated by CK2,1
12888,Q8N423,Leukocyte immunoglobulin-like receptor subfamily B member 2,Phosphorylated on tyrosine residues. Dephosphorylated by PTPN6,1
12891,Q96PV0,Ras/Rap GTPase-activating protein SynGAP,Phosphorylated by CaM-kinase II. Dephosphorylated upon NMDA receptor activation or SYNGAP1/MPDZ complex disruption. Phosphorylation by PLK2 promotes its activity (By similarity),1
12894,Q9BXN2,C-type lectin domain family 7 member A,Phosphorylated on tyrosine residues in response to beta-glucan binding,0
12897,P41212,Transcription factor ETV6,Phosphorylation of Ser-257 by MAPK14 (p38) inhibits ETV6 transcriptional repression,1
