uniprot_id,role,ptm_text,output_class,experiment_id,bait_uniprot,prey_uniprot,source
Q96B97,prey,Monoubiquitinated by CBL and CBLB after EGF stimulation; probably on its C-terminus,2,mT-PHKG2,P15735,Q96B97,dark_kinome_ppi
Q12968,prey,"Ubiquitinated by STUB1/CHIP, leading to proteasomal degradation",2,mT-CSNK1A1L,Q8N752,Q12968,dark_kinome_ppi
Q12968,prey,Phosphorylated by NFATC-kinase; dephosphorylated by calcineurin,2,mT-CSNK1A1L,Q8N752,Q12968,dark_kinome_ppi
Q15287,prey,"Phosphorylated on one or more of the four Ser/Thr residues (Ser-43, Thr-49, Ser-52 or Ser-53). Ser-53 phosphorylation site is important for splicing and translation stimulation activity in vitro",2,mT-PRPF4B,Q13523,Q15287,dark_kinome_ppi
Q9NPG1,prey,"Ubiquitinated by ZNRF3, leading to its degradation by the proteasome",2,mT-CSNK1G1,Q9HCP0,Q9NPG1,dark_kinome_ppi
Q9NPG1,prey,"Ubiquitinated by ZNRF3, leading to its degradation by the proteasome",2,mT-CSNK1G3,Q9Y6M4,Q9NPG1,dark_kinome_ppi
P54198,prey,Sumoylated,2,TLK2-mT,Q86UE8,P54198,dark_kinome_ppi
P54198,prey,Phosphorylated by CDK2/CCNA1 and CDK2/CCNE1 on Thr-555 in vitro. Also phosphorylated on Thr-555 and Ser-687 in vivo,2,TLK2-mT,Q86UE8,P54198,dark_kinome_ppi
P54198,prey,Sumoylated,2,mT-TLK1,Q9UKI8,P54198,dark_kinome_ppi
P54198,prey,Phosphorylated by CDK2/CCNA1 and CDK2/CCNE1 on Thr-555 in vitro. Also phosphorylated on Thr-555 and Ser-687 in vivo,2,mT-TLK1,Q9UKI8,P54198,dark_kinome_ppi
Q9Y6Q9,prey,"Acetylated by CREBBP. Acetylation occurs in the RID domain, and disrupts the interaction with nuclear receptors and regulates its function",2,CDK12-mT,Q9NYV4,Q9Y6Q9,dark_kinome_ppi
Q9Y6Q9,prey,Methylated by CARM1,2,CDK12-mT,Q9NYV4,Q9Y6Q9,dark_kinome_ppi
Q9Y6Q9,prey,Phosphorylated by IKK complex. Regulated its function. Phosphorylation at Ser-601 by CK1 promotes coactivator function,2,CDK12-mT,Q9NYV4,Q9Y6Q9,dark_kinome_ppi
Q92990,prey,Phosphorylated on tyrosine residues,2,mT-TBCK,Q8TEA7,Q92990,dark_kinome_ppi
Q9Y624,prey,N-glycosylated,2,mT-CAMKV,Q8NCB2,Q9Y624,dark_kinome_ppi
Q9Y624,prey,(Microbial infection) Cleaved by H.pylori virulence factor PqqE. Cleavage leads to altered tight junction functions,2,mT-CAMKV,Q8NCB2,Q9Y624,dark_kinome_ppi
Q9Y5Y0,prey,N-Glycosylated,2,mT-CAMKV,Q8NCB2,Q9Y5Y0,dark_kinome_ppi
Q9Y5Y0,prey,N-Glycosylated,2,mT-PIP5K1A,Q99755,Q9Y5Y0,dark_kinome_ppi
P24588,prey,"Palmitoylated (PubMed:21771783, PubMed:25589740). Palmitoylation at Cys-36 and Cys-129 play a key role in the targeting of AKAP5 to lipid rafts (PubMed:21771783). Palmitoylation by ZDHHC2 is required for AKAP5 function in LTP-stimulated recycling endosome exocytosis (PubMed:25589740)",2,mT-CDK16,Q00536,P24588,dark_kinome_ppi
P24588,prey,"Palmitoylated (PubMed:21771783, PubMed:25589740). Palmitoylation at Cys-36 and Cys-129 play a key role in the targeting of AKAP5 to lipid rafts (PubMed:21771783). Palmitoylation by ZDHHC2 is required for AKAP5 function in LTP-stimulated recycling endosome exocytosis (PubMed:25589740)",2,mT-CAMKV,Q8NCB2,P24588,dark_kinome_ppi
Q07157,prey,"Phosphorylated at tyrosine redidues in response to epidermal growth factor (EGF) (PubMed:19332538, PubMed:7542259). This response is dependent on an intact actin microfilament system (PubMed:7542259). Dephosphorylated by PTPRJ (PubMed:19332538)",2,mT-CSNK1A1L,Q8N752,Q07157,dark_kinome_ppi
O15488,prey,"Self-glycosylated by the transfer of glucose residues from UDP-glucose to itself, forming an alpha-1,4-glycan of around 10 residues attached to Tyr-228",2,PHKG1-mT,Q16816,O15488,dark_kinome_ppi
Q9NY61,prey,Hyperphosphorylated during the G1/S phase transition,2,mT-CDKL3,Q8IVW4,Q9NY61,dark_kinome_ppi
O75665,prey,"Phosphorylated. Phosphorylation at Ser-735, by the cAMP-dependent protein kinase PKA, triggers ubiquitination and proteasomal degradation of OFD1. Also increases its interaction with TBC1D31 and regulates its function in ciliogenesis",2,mT-DYRK2,Q92630,O75665,dark_kinome_ppi
O75665,prey,"Ubiquitinated by PJA2, upon phosphorylation at Ser-735 by PKA, leads to the proteasomal degradation of OFD1",2,mT-DYRK2,Q92630,O75665,dark_kinome_ppi
O75665,prey,"Phosphorylated. Phosphorylation at Ser-735, by the cAMP-dependent protein kinase PKA, triggers ubiquitination and proteasomal degradation of OFD1. Also increases its interaction with TBC1D31 and regulates its function in ciliogenesis",2,mT-CDKL5,O76039,O75665,dark_kinome_ppi
O75665,prey,"Ubiquitinated by PJA2, upon phosphorylation at Ser-735 by PKA, leads to the proteasomal degradation of OFD1",2,mT-CDKL5,O76039,O75665,dark_kinome_ppi
Q15652,prey,Ubiquitinated. Protein abundance of JMJD1C is regulated by the ubiquitin proteasome pathway,2,mT-CDK14,O94921,Q15652,dark_kinome_ppi
Q15652,prey,Phosphorylated. Phosphorylation at Thr-505 by mTORC1 complex in response to insulin/feeding,2,mT-CDK14,O94921,Q15652,dark_kinome_ppi
Q9Y3B9,prey,Citrullinated by PADI4,2,mT-CLK3,P49761,Q9Y3B9,dark_kinome_ppi
Q9Y3B9,prey,Citrullinated by PADI4,2,mT-STK19,P49842,Q9Y3B9,dark_kinome_ppi
Q92804,prey,Dimethylated by PRMT1 at Arg-206 to asymmetric dimethylarginine. The methylation may favor nuclear localization and positive regulation of TAF15 transcriptional activity,2,mT-CLK3,P49761,Q92804,dark_kinome_ppi
Q92804,prey,ADP-ribosylated during genotoxic stress,2,mT-CLK3,P49761,Q92804,dark_kinome_ppi
Q13585,prey,Cleaved by CAPN1 in a calcium-dependent manner,2,mT-MARK3,P27448,Q13585,dark_kinome_ppi
Q8IYA6,prey,Ubiquitinated by the anaphase promoting complex/cyclosome (APC/C),2,mT-RIOK2,Q9BVS4,Q8IYA6,dark_kinome_ppi
P08069,prey,"Autophosphorylated on tyrosine residues in response to ligand binding (PubMed:11694888, PubMed:18501599, PubMed:19041240). Autophosphorylation occurs in trans, i.e. one subunit of the dimeric receptor phosphorylates tyrosine residues on the other subunit (PubMed:11694888, PubMed:18501599, PubMed:19041240). Autophosphorylation occurs in a sequential manner; Tyr-1165 is predominantly phosphorylated first, followed by phosphorylation of Tyr-1161 and Tyr-1166 (PubMed:11694888, PubMed:18501599, PubMed:19041240). While every single phosphorylation increases kinase activity, all three tyrosine residues in the kinase activation loop (Tyr-1165, Tyr-1161 and Tyr-1166) have to be phosphorylated for optimal activity (PubMed:11694888, PubMed:18501599, PubMed:19041240). Can be autophosphorylated at additional tyrosine residues (in vitro) (PubMed:11694888, PubMed:18501599, PubMed:19041240). Autophosphorylated is followed by phosphorylation of juxtamembrane tyrosines and C-terminal serines (PubMed:11694888, PubMed:18501599, PubMed:19041240). May also be phosphorylated at Tyr-1161 and Tyr-1166 by mTORC2 (PubMed:26584640). Phosphorylation of Tyr-980 is required for IRS1- and SHC1-binding (PubMed:7541045). Phosphorylation of Ser-1278 by GSK-3beta restrains kinase activity and promotes cell surface expression, it requires a priming phosphorylation at Ser-1282 (By similarity). Dephosphorylated by PTPN1",2,mT-CDK16,Q00536,P08069,dark_kinome_ppi
P08069,prey,"Polyubiquitinated at Lys-1168 and Lys-1171 through both 'Lys-48' and 'Lys-29' linkages, promoting receptor endocytosis and subsequent degradation by the proteasome. Ubiquitination is facilitated by pre-existing phosphorylation",2,mT-CDK16,Q00536,P08069,dark_kinome_ppi
P08069,prey,Sumoylated with SUMO1,2,mT-CDK16,Q00536,P08069,dark_kinome_ppi
P08069,prey,Controlled by regulated intramembrane proteolysis (RIP). Undergoes metalloprotease-dependent constitutive ectodomain shedding to produce a membrane-anchored 52 kDa C-Terminal fragment which is further processed by presenilin gamma-secretase to yield an intracellular 50 kDa fragment,2,mT-CDK16,Q00536,P08069,dark_kinome_ppi
Q76FK4,prey,Phosphorylated,2,mT-CDKL4,Q5MAI5,Q76FK4,dark_kinome_ppi
Q9H2Y7,prey,Phosphorylated by FYN in vitro,2,mT-CDKL4,Q5MAI5,Q9H2Y7,dark_kinome_ppi
Q9H2Y7,prey,Phosphorylated by FYN in vitro,2,mT-CDKL1,Q00532,Q9H2Y7,dark_kinome_ppi
Q8N684,prey,Phosphorylated (PubMed:29276085),2,mT-HIPK4,Q8NE63,Q8N684,dark_kinome_ppi
Q8N684,prey,Asymmetrically dimethylated on arginine residues by PRMT1 (PubMed:20562214),2,mT-HIPK4,Q8NE63,Q8N684,dark_kinome_ppi
Q14114,prey,O-glycosylated. Some alternatively spliced isoforms lack the O-linked sugar domain (By similarity),2,mT-CSNK1G2,P78368,Q14114,dark_kinome_ppi
Q14114,prey,"Undergoes sequential, furin and gamma-secretase dependent, proteolytic processing, resulting in the extracellular release of the entire ligand-binding domain as a soluble polypeptide and in the intracellular domain (ICD) release into the cytoplasm. The gamma-secretase-dependent proteolytical processing occurs after the bulk of the extracellular domain has been shed, in a furin-dependent manner, in alternatively spliced isoforms carrying the furin cleavage site. Hypoglycosylation (mainly hypo-O-glycosylation) leads to increased extracellular cleavage, which in turn results in accelerating release of the intracellular domain (ICD) by the gamma-secretase. The resulting receptor fragment is able to inhibit Reelin signaling and in particular the Reelin-induced DAB1 phosphorylation (By similarity)",2,mT-CSNK1G2,P78368,Q14114,dark_kinome_ppi
Q14114,prey,Tyrosine phosphorylated upon apoE binding,2,mT-CSNK1G2,P78368,Q14114,dark_kinome_ppi
Q14114,prey,Ubiquitinated by MYLIP leading to degradation,2,mT-CSNK1G2,P78368,Q14114,dark_kinome_ppi
Q14114,prey,O-glycosylated. Some alternatively spliced isoforms lack the O-linked sugar domain (By similarity),2,mT-CSNK1G3,Q9Y6M4,Q14114,dark_kinome_ppi
Q14114,prey,"Undergoes sequential, furin and gamma-secretase dependent, proteolytic processing, resulting in the extracellular release of the entire ligand-binding domain as a soluble polypeptide and in the intracellular domain (ICD) release into the cytoplasm. The gamma-secretase-dependent proteolytical processing occurs after the bulk of the extracellular domain has been shed, in a furin-dependent manner, in alternatively spliced isoforms carrying the furin cleavage site. Hypoglycosylation (mainly hypo-O-glycosylation) leads to increased extracellular cleavage, which in turn results in accelerating release of the intracellular domain (ICD) by the gamma-secretase. The resulting receptor fragment is able to inhibit Reelin signaling and in particular the Reelin-induced DAB1 phosphorylation (By similarity)",2,mT-CSNK1G3,Q9Y6M4,Q14114,dark_kinome_ppi
Q14114,prey,Tyrosine phosphorylated upon apoE binding,2,mT-CSNK1G3,Q9Y6M4,Q14114,dark_kinome_ppi
Q14114,prey,Ubiquitinated by MYLIP leading to degradation,2,mT-CSNK1G3,Q9Y6M4,Q14114,dark_kinome_ppi
Q8TD43,prey,Phosphorylation by PKC leads to increase the sensitivity to Ca(2+),2,mT-CDK16,Q00536,Q8TD43,dark_kinome_ppi
Q8TD43,prey,Sumoylated. Desumoylated by SENP1,2,mT-CDK16,Q00536,Q8TD43,dark_kinome_ppi
Q8TD43,prey,Phosphorylation by PKC leads to increase the sensitivity to Ca(2+),2,mT-CDK17,Q00537,Q8TD43,dark_kinome_ppi
Q8TD43,prey,Sumoylated. Desumoylated by SENP1,2,mT-CDK17,Q00537,Q8TD43,dark_kinome_ppi
Q8TD43,prey,Phosphorylation by PKC leads to increase the sensitivity to Ca(2+),2,mT-CAMKV,Q8NCB2,Q8TD43,dark_kinome_ppi
Q8TD43,prey,Sumoylated. Desumoylated by SENP1,2,mT-CAMKV,Q8NCB2,Q8TD43,dark_kinome_ppi
Q9H7E2,prey,Probably cleaved by enteroviral 2A proteinase,2,mT-RIOK2,Q9BVS4,Q9H7E2,dark_kinome_ppi
O96006,prey,"Autosumoylated with SUMO1, SUMO2, and SUMO3",2,mT-CDK19,Q9BWU1,O96006,dark_kinome_ppi
O60563,prey,"ADP-ribosylation on serine residues by PARP1 in response to DNA damage disrupts the phase separation activity of CCNT1, thereby preventing activation of CDK9",2,mT-STK19,P49842,O60563,dark_kinome_ppi
Q9Y4B5,prey,Phosphorylated during mitosis in a CDK1-dependent manner,2,mT-MARK1,Q9P0L2,Q9Y4B5,dark_kinome_ppi
Q15831,prey,Phosphorylated by ATM at Thr-363 following ionizing radiation (IR). Phosphorylation at Ser-428 by RPS6KA1 and/or some PKA is required to inhibit cell growth. Phosphorylation at Ser-428 is also required during neuronal polarization to mediate phosphorylation of BRSK1 and BRSK2 (By similarity). Phosphorylation by PKC/PRKCZ at Ser-399 in isoform 2 promotes metformin (or peroxynitrite)-induced nuclear export of STK11 and activation of AMPK. UV radiation-induced phosphorylation at Thr-363 mediates CDKN1A degradation (By similarity),2,mT-BRSK1,Q8TDC3,Q15831,dark_kinome_ppi
Q15831,prey,Acetylated. Deacetylation at Lys-48 enhances cytoplasmic localization and kinase activity in vitro,2,mT-BRSK1,Q8TDC3,Q15831,dark_kinome_ppi
O15118,prey,N-glycosylated,2,mT-DSTYK,Q6XUX3,O15118,dark_kinome_ppi
Q96F44,prey,Autoubiquitinated upon DNA stimulation; autoubiquitination at Lys-458 promotes interaction with SQSTM1/p62 and recruitment of AIM2 to autophagosomes,2,CDK12-mT,Q9NYV4,Q96F44,dark_kinome_ppi
Q9HAZ2,prey,Acetylation at Lys-915 py EP300/p300 abolishes its association with PPARG and ability to promote differentiation of brown adipocytes. Deacetylated by HDAC6,2,mT-DYRK1B,Q9Y463,Q9HAZ2,dark_kinome_ppi
Q9HAZ2,prey,Phosphorylated; phosphorylation promotes interaction with PIN1 and degradation,2,mT-DYRK1B,Q9Y463,Q9HAZ2,dark_kinome_ppi
Q9HAZ2,prey,"Ubiquitinated by the CRL2(APPBP2) complex, leading to its degradation by the proteasome. Interaction with EHMT1 promotes PRDM16 stability by preventing interaction with APPBP2 and subsequent ubiquitination",2,mT-DYRK1B,Q9Y463,Q9HAZ2,dark_kinome_ppi
Q9HAZ2,prey,"Sumoylated by CBX4, promoting its stabilization by preventing PRDM16 ubiquitination and degradation",2,mT-DYRK1B,Q9Y463,Q9HAZ2,dark_kinome_ppi
Q8WYQ5,prey,"Phosphorylated at Ser-677 by ATM upon radiation, which is crucial for its stability",2,CDK12-mT,Q9NYV4,Q8WYQ5,dark_kinome_ppi
Q8WYQ5,prey,"Ubiquitinated, leading to degradation in a proteasome-dependent manner. Deubiquitinated by USP51, leading to stabilization",2,CDK12-mT,Q9NYV4,Q8WYQ5,dark_kinome_ppi
Q92793,prey,"Methylation of the KIX domain by CARM1 blocks association with CREB. This results in the blockade of CREB signaling, and in activation of apoptotic response (By similarity)",2,mT-PSKH1,P11801,Q92793,dark_kinome_ppi
Q92793,prey,"Phosphorylated by CHUK/IKKA at Ser-1382 and Ser-1386; these phosphorylations promote cell growth by switching the binding preference of CREBBP from TP53 to NF-kappa-B (PubMed:17434128). Phosphorylated by _ at Ser-124 in response to DNA damage, promoting interaction with MRE11 and lactylation of MRE11 (PubMed:38128537)",2,mT-PSKH1,P11801,Q92793,dark_kinome_ppi
Q92793,prey,Sumoylation negatively regulates transcriptional activity via the recruitment of DAAX,2,mT-PSKH1,P11801,Q92793,dark_kinome_ppi
Q92793,prey,"Autoacetylation is required for binding to protein substrates, such as acetylated histones and acetylated TP53/p53 (PubMed:24616510). Autoacetylation is induced by glucose and fatty acids (PubMed:35675826)",2,mT-PSKH1,P11801,Q92793,dark_kinome_ppi
Q15596,prey,Acetylated. Deacetylation at Lys-780 by SIRT6 stimulates its ability to coactivate PPARA,2,mT-CLK4,Q9HAZ1,Q15596,dark_kinome_ppi
P18850,prey,"During unfolded protein response, a fragment of approximately 50 kDa containing the cytoplasmic transcription factor domain is released by proteolysis. The cleavage seems to be performed sequentially by site-1 (MBTPS1, S1P) and site-2 (MBTPS2, S2P) proteases",2,mT-CAMK1G,Q96NX5,P18850,dark_kinome_ppi
P18850,prey,"N-glycosylated; in its luminal domain (PubMed:36739529). The glycosylation status may serve as a sensor for ER homeostasis, resulting in ATF6 activation to trigger the unfolded protein response (UPR)",2,mT-CAMK1G,Q96NX5,P18850,dark_kinome_ppi
P18850,prey,"Ubiquitinated by RNF186 at Lys-152, which is required for pattern recognition receptor-induced unfolded protein response-associated outcomes",2,mT-CAMK1G,Q96NX5,P18850,dark_kinome_ppi
P08581,prey,Autophosphorylated in response to ligand binding on Tyr-1234 and Tyr-1235 in the kinase domain leading to further phosphorylation of Tyr-1349 and Tyr-1356 in the C-terminal multifunctional docking site. Dephosphorylated by PTPRJ at Tyr-1349 and Tyr-1365. Dephosphorylated by PTPN1 and PTPN2,2,mT-CDK17,Q00537,P08581,dark_kinome_ppi
P08581,prey,"Ubiquitinated. Ubiquitination by CBL regulates MET endocytosis, resulting in decreasing plasma membrane receptor abundance, and in endosomal degradation and/or recycling of internalized receptors",2,mT-CDK17,Q00537,P08581,dark_kinome_ppi
P08581,prey,O-mannosylation of IPT/TIG domains by TMEM260 is required for protein maturation (PubMed:37186866). O-mannosylated residues are composed of single mannose glycans that are not elongated or modified (PubMed:37186866),2,mT-CDK17,Q00537,P08581,dark_kinome_ppi
P08581,prey,(Microbial infection) Tyrosine phosphorylation is stimulated by L.monocytogenes InlB. Tyrosine phosphorylation is maximal 10-20 minutes after treatment with InlB and disappears by 60 minutes. The phosphorylated residues were not identified,2,mT-CDK17,Q00537,P08581,dark_kinome_ppi
P18206,prey,"Phosphorylated; on serines, threonines and tyrosines. Phosphorylation on Tyr-1133 in activated platelets affects head-tail interactions and cell spreading but has no effect on actin binding nor on localization to focal adhesion plaques (By similarity)",2,PRKCQ-mT,Q04759,P18206,dark_kinome_ppi
P18206,prey,Acetylated; mainly by myristic acid but also by a small amount of palmitic acid,2,PRKCQ-mT,Q04759,P18206,dark_kinome_ppi
Q8NFU7,prey,Glycosylated. Interaction with OGT leads to GlcNAcylation (By similarity),2,mT-CDK19,Q9BWU1,Q8NFU7,dark_kinome_ppi
Q8NFU7,prey,Monoubiquitinated at Lys-1589 by the DCX (DDB1-CUL4-X-box) E3 ubiquitin-protein ligase complex called CRL4(VprBP) or CUL4A-RBX1-DDB1-DCAF1/VPRBP complex; this modification promotes binding to DNA,2,mT-CDK19,Q9BWU1,Q8NFU7,dark_kinome_ppi
Q8NFU7,prey,Glycosylated. Interaction with OGT leads to GlcNAcylation (By similarity),2,mT-CDK10,Q15131,Q8NFU7,dark_kinome_ppi
Q8NFU7,prey,Monoubiquitinated at Lys-1589 by the DCX (DDB1-CUL4-X-box) E3 ubiquitin-protein ligase complex called CRL4(VprBP) or CUL4A-RBX1-DDB1-DCAF1/VPRBP complex; this modification promotes binding to DNA,2,mT-CDK10,Q15131,Q8NFU7,dark_kinome_ppi
Q86UE8,bait,"Phosphorylated at Ser-750, probably by CHEK1",1,TLK2-mT,Q86UE8,Q9UKI8,dark_kinome_ppi
Q86UE8,bait,Autophosphorylated; phosphorylation promotes the assembly of higher order oligomers and enzymatic activity,1,TLK2-mT,Q86UE8,Q9UKI8,dark_kinome_ppi
Q86UE8,bait,"Phosphorylated at Ser-750, probably by CHEK1",1,TLK2-mT,Q86UE8,Q8N680,dark_kinome_ppi
Q86UE8,bait,Autophosphorylated; phosphorylation promotes the assembly of higher order oligomers and enzymatic activity,1,TLK2-mT,Q86UE8,Q8N680,dark_kinome_ppi
Q86UE8,bait,"Phosphorylated at Ser-750, probably by CHEK1",1,TLK2-mT,Q86UE8,P54198,dark_kinome_ppi
Q86UE8,bait,Autophosphorylated; phosphorylation promotes the assembly of higher order oligomers and enzymatic activity,1,TLK2-mT,Q86UE8,P54198,dark_kinome_ppi
Q86UE8,bait,"Phosphorylated at Ser-750, probably by CHEK1",1,TLK2-mT,Q86UE8,Q9Y6J0,dark_kinome_ppi
Q86UE8,bait,Autophosphorylated; phosphorylation promotes the assembly of higher order oligomers and enzymatic activity,1,TLK2-mT,Q86UE8,Q9Y6J0,dark_kinome_ppi
Q86UE8,bait,"Phosphorylated at Ser-750, probably by CHEK1",1,TLK2-mT,Q86UE8,Q6IQ32,dark_kinome_ppi
Q86UE8,bait,Autophosphorylated; phosphorylation promotes the assembly of higher order oligomers and enzymatic activity,1,TLK2-mT,Q86UE8,Q6IQ32,dark_kinome_ppi
Q86UE8,bait,"Phosphorylated at Ser-750, probably by CHEK1",1,TLK2-mT,Q86UE8,Q9UKL3,dark_kinome_ppi
Q86UE8,bait,Autophosphorylated; phosphorylation promotes the assembly of higher order oligomers and enzymatic activity,1,TLK2-mT,Q86UE8,Q9UKL3,dark_kinome_ppi
Q86UE8,bait,"Phosphorylated at Ser-750, probably by CHEK1",1,TLK2-mT,Q86UE8,Q96SB8,dark_kinome_ppi
Q86UE8,bait,Autophosphorylated; phosphorylation promotes the assembly of higher order oligomers and enzymatic activity,1,TLK2-mT,Q86UE8,Q96SB8,dark_kinome_ppi
Q86UE8,bait,"Phosphorylated at Ser-750, probably by CHEK1",1,TLK2-mT,Q86UE8,Q86UZ6,dark_kinome_ppi
Q86UE8,bait,Autophosphorylated; phosphorylation promotes the assembly of higher order oligomers and enzymatic activity,1,TLK2-mT,Q86UE8,Q86UZ6,dark_kinome_ppi
Q86UE8,bait,"Phosphorylated at Ser-750, probably by CHEK1",1,TLK2-mT,Q86UE8,Q9NPG3,dark_kinome_ppi
Q86UE8,bait,Autophosphorylated; phosphorylation promotes the assembly of higher order oligomers and enzymatic activity,1,TLK2-mT,Q86UE8,Q9NPG3,dark_kinome_ppi
Q86UE8,bait,"Phosphorylated at Ser-750, probably by CHEK1",1,mT-TLK1,Q9UKI8,Q86UE8,dark_kinome_ppi
Q86UE8,bait,Autophosphorylated; phosphorylation promotes the assembly of higher order oligomers and enzymatic activity,1,mT-TLK1,Q9UKI8,Q86UE8,dark_kinome_ppi
Q86UE8,bait,"Phosphorylated at Ser-750, probably by CHEK1",1,TLK2-mT,Q86UE8,Q9NZT2,dark_kinome_ppi
Q86UE8,bait,Autophosphorylated; phosphorylation promotes the assembly of higher order oligomers and enzymatic activity,1,TLK2-mT,Q86UE8,Q9NZT2,dark_kinome_ppi
Q86UE8,bait,"Phosphorylated at Ser-750, probably by CHEK1",1,TLK2-mT,Q86UE8,Q9Y692,dark_kinome_ppi
Q86UE8,bait,Autophosphorylated; phosphorylation promotes the assembly of higher order oligomers and enzymatic activity,1,TLK2-mT,Q86UE8,Q9Y692,dark_kinome_ppi
Q86UE8,bait,"Phosphorylated at Ser-750, probably by CHEK1",1,TLK2-mT,Q86UE8,Q14814,dark_kinome_ppi
Q86UE8,bait,Autophosphorylated; phosphorylation promotes the assembly of higher order oligomers and enzymatic activity,1,TLK2-mT,Q86UE8,Q14814,dark_kinome_ppi
Q86UE8,bait,"Phosphorylated at Ser-750, probably by CHEK1",1,TLK2-mT,Q86UE8,Q6ZU65,dark_kinome_ppi
Q86UE8,bait,Autophosphorylated; phosphorylation promotes the assembly of higher order oligomers and enzymatic activity,1,TLK2-mT,Q86UE8,Q6ZU65,dark_kinome_ppi
Q86UE8,bait,"Phosphorylated at Ser-750, probably by CHEK1",1,TLK2-mT,Q86UE8,Q8TD26,dark_kinome_ppi
Q86UE8,bait,Autophosphorylated; phosphorylation promotes the assembly of higher order oligomers and enzymatic activity,1,TLK2-mT,Q86UE8,Q8TD26,dark_kinome_ppi
Q86UE8,bait,"Phosphorylated at Ser-750, probably by CHEK1",1,TLK2-mT,Q86UE8,Q9Y294,dark_kinome_ppi
Q86UE8,bait,Autophosphorylated; phosphorylation promotes the assembly of higher order oligomers and enzymatic activity,1,TLK2-mT,Q86UE8,Q9Y294,dark_kinome_ppi
Q3V6T2,prey,Phosphorylation is induced by epidermal growth factor (EGF) in a phosphoinositide 3-kinase (PI3K)-dependent manner (PubMed:16139227). Phosphorylation by AKT1/PKB is necessary for delocalization from the cell membrane and for cell migration (PubMed:16139227). Phosphorylated on tyrosine residues which promotes binding to phosphatidylinositol 3-kinase (PI3K) regulatory subunit PIK3R1/p85a and enhances PI3K activity (PubMed:21954290). Tyrosine-phosphorylated by both receptor and non-receptor tyrosine kinases in vitro (PubMed:21954290). Tyrosine phosphorylation is required for AKT1-dependent phosphorylation of Ser-1417 (PubMed:21954290). Phosphorylation at Ser-1690 by PRKCQ disrupts interaction with GNAI3 and inhibits guanine nucleotide exchange factor activity (PubMed:23509302),2,mT-DYRK2,Q92630,Q3V6T2,dark_kinome_ppi
Q13433,prey,Cleaved on the N-terminus before locating to the plasma membrane,2,mT-CAMKV,Q8NCB2,Q13433,dark_kinome_ppi
Q13433,prey,N-glycosylated,2,mT-CAMKV,Q8NCB2,Q13433,dark_kinome_ppi
Q13433,prey,Phosphorylated by ZAP70 in response to TCR stimulation leading to its activation,2,mT-CAMKV,Q8NCB2,Q13433,dark_kinome_ppi
Q92896,prey,Fucosylation is essential for binding to E-selectin,2,PKMYT1-mT,Q99640,Q92896,dark_kinome_ppi
Q92896,prey,N-glycosylated. Contains sialic acid residues,2,PKMYT1-mT,Q99640,Q92896,dark_kinome_ppi
Q92896,prey,Fucosylation is essential for binding to E-selectin,2,mT-CAMK1G,Q96NX5,Q92896,dark_kinome_ppi
Q92896,prey,N-glycosylated. Contains sialic acid residues,2,mT-CAMK1G,Q96NX5,Q92896,dark_kinome_ppi
Q9NYV4,bait,Phosphorylation at Thr-893 increases kinase activity,1,CDK12-mT,Q9NYV4,Q9NQG5,dark_kinome_ppi
Q9NYV4,bait,Phosphorylation at Thr-893 increases kinase activity,1,CDK12-mT,Q9NYV4,Q96F44,dark_kinome_ppi
Q9NYV4,bait,Phosphorylation at Thr-893 increases kinase activity,1,CDK12-mT,Q9NYV4,O75909,dark_kinome_ppi
Q9NYV4,bait,Phosphorylation at Thr-893 increases kinase activity,1,CDK12-mT,Q9NYV4,Q8N5F7,dark_kinome_ppi
Q9NYV4,bait,Phosphorylation at Thr-893 increases kinase activity,1,CDK12-mT,Q9NYV4,Q9UPN6,dark_kinome_ppi
Q9NYV4,bait,Phosphorylation at Thr-893 increases kinase activity,1,mT-CDK19,Q9BWU1,Q9NYV4,dark_kinome_ppi
Q9NYV4,bait,Phosphorylation at Thr-893 increases kinase activity,1,mT-CDK13,Q14004,Q9NYV4,dark_kinome_ppi
Q9NYV4,bait,Phosphorylation at Thr-893 increases kinase activity,1,CDK12-mT,Q9NYV4,Q9P1Y6,dark_kinome_ppi
Q9NYV4,bait,Phosphorylation at Thr-893 increases kinase activity,1,CDK12-mT,Q9NYV4,O95639,dark_kinome_ppi
Q9NYV4,bait,Phosphorylation at Thr-893 increases kinase activity,1,CDK12-mT,Q9NYV4,Q14147,dark_kinome_ppi
Q9NYV4,bait,Phosphorylation at Thr-893 increases kinase activity,1,CDK12-mT,Q9NYV4,Q9Y6Q9,dark_kinome_ppi
Q9NYV4,bait,Phosphorylation at Thr-893 increases kinase activity,1,CDK12-mT,Q9NYV4,Q969R5,dark_kinome_ppi
Q9NYV4,bait,Phosphorylation at Thr-893 increases kinase activity,1,CDK12-mT,Q9NYV4,Q99708,dark_kinome_ppi
Q9NYV4,bait,Phosphorylation at Thr-893 increases kinase activity,1,CDK12-mT,Q9NYV4,Q9H9J4,dark_kinome_ppi
Q9NYV4,bait,Phosphorylation at Thr-893 increases kinase activity,1,CDK12-mT,Q9NYV4,Q8NHM5,dark_kinome_ppi
Q9NYV4,bait,Phosphorylation at Thr-893 increases kinase activity,1,CDK12-mT,Q9NYV4,Q6NUN9,dark_kinome_ppi
Q9NYV4,bait,Phosphorylation at Thr-893 increases kinase activity,1,CDK12-mT,Q9NYV4,Q9HCM1,dark_kinome_ppi
Q9NYV4,bait,Phosphorylation at Thr-893 increases kinase activity,1,CDK12-mT,Q9NYV4,Q8WYQ5,dark_kinome_ppi
Q9NYV4,bait,Phosphorylation at Thr-893 increases kinase activity,1,CDK12-mT,Q9NYV4,Q5VTR2,dark_kinome_ppi
Q9NYV4,bait,Phosphorylation at Thr-893 increases kinase activity,1,CDK12-mT,Q9NYV4,Q14004,dark_kinome_ppi
Q9NYV4,bait,Phosphorylation at Thr-893 increases kinase activity,1,CDK12-mT,Q9NYV4,O15047,dark_kinome_ppi
Q99941,prey,N-glycosylated,2,PKMYT1-mT,Q99640,Q99941,dark_kinome_ppi
Q99941,prey,"During unfolded protein response, a fragment of approximately 60 kDa containing the cytoplasmic transcription factor domain is released by proteolysis. The cleavage is probably performed sequentially by site-1 (MBTPS1, S1P) and site-2 (MBTPS2, S2P) proteases",2,PKMYT1-mT,Q99640,Q99941,dark_kinome_ppi
Q2M1P5,prey,Polyubiquitinated by UBR3,2,mT-PHKG2,P15735,Q2M1P5,dark_kinome_ppi
P46020,prey,"Although the final Cys may be farnesylated, the terminal tripeptide is probably not removed, and the C-terminus is not methylated",2,PHKG1-mT,Q16816,P46020,dark_kinome_ppi
P46020,prey,"Although the final Cys may be farnesylated, the terminal tripeptide is probably not removed, and the C-terminus is not methylated",2,mT-PHKG2,P15735,P46020,dark_kinome_ppi
P46020,prey,"Although the final Cys may be farnesylated, the terminal tripeptide is probably not removed, and the C-terminus is not methylated",2,HIPK3-mT,Q9H422,P46020,dark_kinome_ppi
P46020,prey,"Although the final Cys may be farnesylated, the terminal tripeptide is probably not removed, and the C-terminus is not methylated",2,mT-CDK18,Q07002,P46020,dark_kinome_ppi
P46020,prey,"Although the final Cys may be farnesylated, the terminal tripeptide is probably not removed, and the C-terminus is not methylated",2,mT-CAMK1D,Q8IU85,P46020,dark_kinome_ppi
P46020,prey,"Although the final Cys may be farnesylated, the terminal tripeptide is probably not removed, and the C-terminus is not methylated",2,mT-HIPK4,Q8NE63,P46020,dark_kinome_ppi
Q99708,prey,"Hyperphosphorylation upon ionizing radiation results in dissociation from BRCA1 (PubMed:10910365, PubMed:17965729). Phosphorylation at Thr-847 by CDK1 is essential for the recruitment to DNA and the DNA repair function (PubMed:19202191, PubMed:27814491, PubMed:27889449). Phosphorylation at Thr-847 and Thr-859 promote interaction with NBN and recruitment to double-strand breaks (DSBs) (PubMed:23273981, PubMed:27814491, PubMed:27889449, PubMed:33836577). Phosphorylated on Ser-327 as cells enter G2 phase (PubMed:15485915). This phosphorylation is required for binding BRCA1 and for the G2/M DNA damage transition checkpoint control (PubMed:15485915). Phosphorylation at Thr-315, probably catalyzed by CDK2, is required for PIN1-binding, while phosphorylation at Ser-276 serves as a PIN1 isomerization site (PubMed:23623683). Phosphorylation at Thr-315 is cell-cycle dependent (PubMed:23623683). It steadily increases during S phase, peaks at late S/G2 phase, and drops at G1 (PubMed:23623683). Phosphorylation is not required for tetramerization (PubMed:30601117). Binds to DNA more strongly when dephosphorylated (PubMed:30601117)",2,CDK12-mT,Q9NYV4,Q99708,dark_kinome_ppi
Q99708,prey,"Ubiquitinated (PubMed:14654780, PubMed:16818604, PubMed:27561354). Ubiquitination at multiple sites by BRCA1 (via its N-terminal RING domain) does not lead to its proteasomal degradation but instead the ubiquitinated RBBP8 binds to chromatin following DNA damage and may play a role in G2/M checkpoint control (PubMed:16818604). Ubiquitinated by RNF138 at its N-terminus (PubMed:26502057). Ubiquitinated through 'Lys-48' by the E3 CUL3-KLHL15 complex; this modification leads to proteasomal degradation (PubMed:27561354, PubMed:35219381). Ubiquitinated by the E3 FZR1/APC/C complex; this modification leads to proteasomal degradation (PubMed:25349192)",2,CDK12-mT,Q9NYV4,Q99708,dark_kinome_ppi
P04035,prey,N-glycosylated. Deglycosylated by NGLY1 on release from the endoplasmic reticulum (ER) in a sterol-mediated manner,2,PKMYT1-mT,Q99640,P04035,dark_kinome_ppi
P04035,prey,"Undergoes sterol-mediated ubiquitination and ER-associated degradation (ERAD) (PubMed:12535518, PubMed:19458199, PubMed:21778231). Accumulation of sterols in the endoplasmic reticulum (ER) membrane, triggers binding of the reductase to the ER membrane protein INSIG1 or INSIG2 (PubMed:12535518, PubMed:19458199, PubMed:21778231, PubMed:22143767). The INSIG1 binding leads to the recruitment of the ubiquitin ligase, AMFR/gp78, RNF139 or RNF145, initiating ubiquitination of the reductase (PubMed:12535518, PubMed:19458199, PubMed:21778231). The ubiquitinated reductase is then extracted from the ER membrane and delivered to cytosolic 26S proteosomes by a mechanism probably mediated by the ATPase Valosin-containing protein VCP/p97 (PubMed:12535518, PubMed:19458199, PubMed:21778231). The INSIG2-binding leads to the recruitment of the ubiquitin ligase RNF139, initiating ubiquitination of the reductase (PubMed:22143767). Lys-248 is the main site of ubiquitination (PubMed:19458199). Ubiquitination is enhanced by the presence of a geranylgeranylated protein (PubMed:21778231)",2,PKMYT1-mT,Q99640,P04035,dark_kinome_ppi
P04035,prey,Phosphorylated. Phosphorylation at Ser-872 reduces the catalytic activity,2,PKMYT1-mT,Q99640,P04035,dark_kinome_ppi
Q02833,prey,Polyubiquitinated and degraded by the proteasome upon prolonged stress stimuli,2,mT-RIOK2,Q9BVS4,Q02833,dark_kinome_ppi
Q15678,prey,Ubiquitinated by the ECS (Elongin BC-CUL2/5-SOCS-box protein)/LRR1 E3 ligase complex and subsequently targeted to proteasomal degradation,2,mT-MARK1,Q9P0L2,Q15678,dark_kinome_ppi
Q9UBS9,prey,O-glycosylated. O-mannosylated by POMT1 and POMT2 and elongated by POMGNT1,2,PKMYT1-mT,Q99640,Q9UBS9,dark_kinome_ppi
Q9UBS9,prey,N-glycosylated,2,PKMYT1-mT,Q99640,Q9UBS9,dark_kinome_ppi
Q9BQ95,prey,Ubiquitinated on Lys-372; leading to translocation in the nucleus together with RELA and NFKB1 and expression of NF-kappa-B-dependent genes,2,BCKDK-mT,O14874,Q9BQ95,dark_kinome_ppi
Q9HCM3,prey,O-glycosylated. O-mannosylated by POMT1 and POMT2 and elongated by POMGNT1,2,mT-CDK16,Q00536,Q9HCM3,dark_kinome_ppi
Q9HCM3,prey,O-glycosylated. O-mannosylated by POMT1 and POMT2 and elongated by POMGNT1,2,mT-CDK17,Q00537,Q9HCM3,dark_kinome_ppi
Q16531,prey,Phosphorylated by ABL1,2,PHKG1-mT,Q16816,Q16531,dark_kinome_ppi
Q16531,prey,Ubiquitinated by CUL4A. Subsequently degraded by ubiquitin-dependent proteolysis,2,PHKG1-mT,Q16816,Q16531,dark_kinome_ppi
Q16531,prey,"Acetylated, promoting interaction with CUL4 (CUL4A or CUL4B) and subsequent formation of DCX (DDB1-CUL4-X-box) E3 ubiquitin-protein ligase complexes (PubMed:28886238). Deacetylation by SIRT7 impairs the interaction with CUL4 (CUL4A or CUL4B) and formation of DCX (DDB1-CUL4-X-box) E3 ubiquitin-protein ligase complexes (PubMed:28886238)",2,PHKG1-mT,Q16816,Q16531,dark_kinome_ppi
O75197,prey,Phosphorylation of cytoplasmic PPPSP motifs regulates the signal transduction of the Wnt signaling pathway through acting as a docking site for AXIN1,2,PKMYT1-mT,Q99640,O75197,dark_kinome_ppi
Q16537,prey,Phosphorylated on serine residues,2,mT-CDK18,Q07002,Q16537,dark_kinome_ppi
Q15911,prey,Hyperphosphorylation protects ZFHX3 from calpain/CAPN1-mediated degradation,2,mT-CDK19,Q9BWU1,Q15911,dark_kinome_ppi
Q15911,prey,"Ubiquitinated, leading to its proteasomal degradation",2,mT-CDK19,Q9BWU1,Q15911,dark_kinome_ppi
Q15911,prey,Nuclear localization is essential for its sumoylation,2,mT-CDK19,Q9BWU1,Q15911,dark_kinome_ppi
Q7Z6M4,prey,"The mature mitochondrial protein exists in 2 forms differing at the level of their N-terminus, one is starting at residue 43 and the other at residue 48",2,BCKDK-mT,O14874,Q7Z6M4,dark_kinome_ppi
Q13443,prey,"Proteolytically cleaved in the trans-Golgi network before it reaches the plasma membrane to generate a mature protein. The removal of the pro-domain occurs via cleavage at two different sites. Processed most likely by a pro-protein convertase such as furin, at the boundary between the pro-domain and the catalytic domain. An additional upstream cleavage pro-protein convertase site (Arg-56/Glu-57) has an important role in the activation of ADAM9",2,mT-CSNK1G1,Q9HCP0,Q13443,dark_kinome_ppi
Q13443,prey,Phosphorylation is induced in vitro by phorbol-12-myristate-13-acetate (PMA),2,mT-CSNK1G1,Q9HCP0,Q13443,dark_kinome_ppi
Q9Y5T5,prey,Phosphorylated at the onset of mitosis and dephosphorylated during the metaphase/anaphase transition. Phosphorylation by AURKB enhances the deubiquitinase activity,2,mT-RIOK2,Q9BVS4,Q9Y5T5,dark_kinome_ppi
Q9Y5T5,prey,Phosphorylated at the onset of mitosis and dephosphorylated during the metaphase/anaphase transition. Phosphorylation by AURKB enhances the deubiquitinase activity,2,mT-CAMKV,Q8NCB2,Q9Y5T5,dark_kinome_ppi
Q9Y5T5,prey,Phosphorylated at the onset of mitosis and dephosphorylated during the metaphase/anaphase transition. Phosphorylation by AURKB enhances the deubiquitinase activity,2,mT-BRSK1,Q8TDC3,Q9Y5T5,dark_kinome_ppi
O94913,prey,"Phosphorylation at Ser-120 and/or Thr-121 by WNK1 weakens its association with POLR2A/RNA polymerase II, promoting transcript release from the chromatin template and mRNA export to the cytoplasm",2,mT-CLK4,Q9HAZ1,O94913,dark_kinome_ppi
O95180,prey,"In response to raising of intracellular calcium, the T-type channels are activated by CaM-kinase II",2,mT-CSNK1G1,Q9HCP0,O95180,dark_kinome_ppi
Q92889,prey,"Acetylation at Lys-911 by KAT5 promotes interaction with ERCC1 by disrupting a salt bridge between Glu-907 and Lys-911, thereby exposing a second binding site for ERCC1 (PubMed:32034146). Deacetylated by SIRT1 (PubMed:32034146)",2,mT-CDK19,Q9BWU1,Q92889,dark_kinome_ppi
Q14145,prey,"Non-enzymatic covalent modifications of reactive cysteines by electrophile metabolites inactivate the BCR(KEAP1) complex (PubMed:17127771, PubMed:18251510, PubMed:29590092, PubMed:30323285). Accumulation of fumarate promotes the formation of cysteine S-succination (S-(2-succinyl)cysteine), leading to inactivate the BCR(KEAP1) complex and promote NFE2L2/NRF2 nuclear accumulation and activation (By similarity). Nitric oxide-dependent 8-Nitro-cGMP formation promotes cysteine guanylation (S-cGMP-cysteine), leading to NFE2L2/NRF2 nuclear accumulation and activation (By similarity). Itaconate, an anti-inflammatory metabolite generated in response to lipopolysaccharide, alkylates cysteines, activating NFE2L2/NRF2 (PubMed:29590092). Methylglyoxal, a reactive metabolite that accumulates when the glycolytic enzyme PGK1 is inhibited, promotes formation of a methylimidazole cross-link between proximal Cys-151 and Arg-135 on another KEAP1 molecule, resulting in an inactive dimer that inactivates the BCR(KEAP1) complex (PubMed:30323285)",2,mT-BRSK1,Q8TDC3,Q14145,dark_kinome_ppi
Q14145,prey,"Degraded via a proteasomal-independent process during selective autophagy: interaction with phosphorylated SQSTM1/p62 sequesters KEAP1 in inclusion bodies, leading to its degradation",2,mT-BRSK1,Q8TDC3,Q14145,dark_kinome_ppi
Q14145,prey,"Auto-ubiquitinated by the BCR(KEAP1) complex (PubMed:15572695, PubMed:15983046). Quinone-induced oxidative stress, but not sulforaphane, increases its ubiquitination (PubMed:15572695, PubMed:15983046). Ubiquitination and subsequent degradation is most pronounced following prolonged exposure of cells to oxidative stress, particularly in glutathione-deficient cells that are highly susceptible to oxidative stress (PubMed:15572695, PubMed:15983046). Deubiquitinated by USP25; leading to stabilization (PubMed:37339955). Ubiquitinated by TRIM25; leading to degradation upon ER stress (PubMed:31953436, PubMed:36882524)",2,mT-BRSK1,Q8TDC3,Q14145,dark_kinome_ppi
O94763,prey,"Phosphorylated. Phosphorylation occurs essentially on serine residues. Phosphorylation occurs in response to androgen treatment in prostate cancer cells in a mTOR-dependent manner. Phosphorylated; hyperhosphorylated in mitochondria in a mTORC-dependent signaling pathway. Phosphorylated at Ser-372 by RPS6KB1 in a growth factor- and rapamycin-dependent manner. S6K1-mediated mitochondrial phosphorylation at Ser-372 disrupts the URI1-PPP1CC complex in the mitochondrion, relieves PPP1CC phosphatase inhibition activity and hence engages a negative feedback diminishing RPS6KB1 kinase activity, preventing sustained S6K1-dependent signaling",2,PHKG1-mT,Q16816,O94763,dark_kinome_ppi
Q9H0W8,prey,Phosphorylated by SMG1,2,mT-RIOK3,O14730,Q9H0W8,dark_kinome_ppi
O15084,prey,Ubiquitinated by the ECS(RAB40C) complex leading to its degradation and decreased PP6 activity,2,mT-BRSK1,Q8TDC3,O15084,dark_kinome_ppi
O15084,prey,Ubiquitinated by the ECS(RAB40C) complex leading to its degradation and decreased PP6 activity,2,mT-DYRK2,Q92630,O15084,dark_kinome_ppi
O15084,prey,Ubiquitinated by the ECS(RAB40C) complex leading to its degradation and decreased PP6 activity,2,mT-CDKL1,Q00532,O15084,dark_kinome_ppi
Q9UKV8,prey,Hydroxylated. 4-hydroxylation appears to enhance protein stability but is not required for miRNA-binding or endonuclease activity,2,mT-RIOK2,Q9BVS4,Q9UKV8,dark_kinome_ppi
Q9UKV8,prey,"Ubiquitinated on surface-exposed lysines by a SCF-like E3 ubiquitin-protein ligase complex containing ZSWIM8 during target-directed microRNA degradation (TDMD), a process that mediates degradation of microRNAs (miRNAs) (PubMed:33184234, PubMed:33184237). Ubiquitination by the SCF-like E3 ubiquitin-protein ligase complex containing ZSWIM8 leads to its subsequent degradation, thereby exposing miRNAs for degradation (PubMed:33184234, PubMed:33184237). ZSWIM8 recognizes and binds AGO2 when it is engaged with a TDMD target (PubMed:33184237)",2,mT-RIOK2,Q9BVS4,Q9UKV8,dark_kinome_ppi
Q9UKV8,prey,"Phosphorylated. A phosphorylation cycle of C-terminal serine cluster (Ser-824-Ser-834) regulates the release of target mRNAs. Target-binding leads to phosphorylation of these residues by CSNK1A1, which reduces the affinity of AGO2 for mRNA and enables target release. The ANKRD52-PPP6C phosphatase complex dephosphorylates the residues, which primes AGO2 for binding a new target",2,mT-RIOK2,Q9BVS4,Q9UKV8,dark_kinome_ppi
Q9UKV8,prey,Phosphorylation at Ser-387 by AKT3; leads to up-regulate translational repression of microRNA target and down-regulate endonucleolytic cleavage,2,mT-RIOK2,Q9BVS4,Q9UKV8,dark_kinome_ppi
Q9UHW9,prey,"Phosphorylated, phosphorylation regulates transporter activity (PubMed:19665974, PubMed:21613606, PubMed:34031912). Phosphorylated at Thr-991 and Thr-1048 by OXSR1/OSR1 and STK39/SPAK downstream of WNK kinases (WNK1, WNK2, WNK3 or WNK4), inhibiting the potassium-chloride cotransport activity (PubMed:19665974, PubMed:21613606)",2,mT-CDK16,Q00536,Q9UHW9,dark_kinome_ppi
Q9UHW9,prey,N-glycosylated,2,mT-CDK16,Q00536,Q9UHW9,dark_kinome_ppi
Q5T2T1,prey,Phosphorylated by aPKC which promotes dissociation from the cell cortex,2,mT-CSNK1G2,P78368,Q5T2T1,dark_kinome_ppi
Q5T2T1,prey,Phosphorylated by aPKC which promotes dissociation from the cell cortex,2,mT-CSNK1G1,Q9HCP0,Q5T2T1,dark_kinome_ppi
Q5T2T1,prey,Phosphorylated by aPKC which promotes dissociation from the cell cortex,2,mT-CSNK1G3,Q9Y6M4,Q5T2T1,dark_kinome_ppi
P46019,prey,"Although the final Cys may be farnesylated, the terminal tripeptide is probably not removed, and the C-terminus is not methylated",2,PHKG1-mT,Q16816,P46019,dark_kinome_ppi
P46019,prey,"Although the final Cys may be farnesylated, the terminal tripeptide is probably not removed, and the C-terminus is not methylated",2,mT-PHKG2,P15735,P46019,dark_kinome_ppi
P46019,prey,"Although the final Cys may be farnesylated, the terminal tripeptide is probably not removed, and the C-terminus is not methylated",2,HIPK3-mT,Q9H422,P46019,dark_kinome_ppi
Q86X29,prey,Phosphorylation at Ser-365 by MAPK8/JNK1 and MAPK9/JNK2 may be required for exclusive localization at tricellular tight junstions,2,mT-PIP5K1A,Q99755,Q86X29,dark_kinome_ppi
Q86X29,prey,Polyubiquitinated at Lys-638 via 'Lys-63'-linked ubiquitin chains; deubiquitinated by USP53,2,mT-PIP5K1A,Q99755,Q86X29,dark_kinome_ppi
Q86X29,prey,Phosphorylation at Ser-365 by MAPK8/JNK1 and MAPK9/JNK2 may be required for exclusive localization at tricellular tight junstions,2,mT-MARK3,P27448,Q86X29,dark_kinome_ppi
Q86X29,prey,Polyubiquitinated at Lys-638 via 'Lys-63'-linked ubiquitin chains; deubiquitinated by USP53,2,mT-MARK3,P27448,Q86X29,dark_kinome_ppi
O15013,prey,Methylated at Gln-1338 by N6AMT1,2,mT-CAMKV,Q8NCB2,O15013,dark_kinome_ppi
Q13490,prey,Auto-ubiquitinated and degraded by the proteasome in apoptotic cells,2,mT-RIOK1,Q9BRS2,Q13490,dark_kinome_ppi
Q13490,prey,"Upon stimulation of death receptors, including TNFRSF10B, recruited to receptors and cleaved by caspases. Proteolytic fragments remain associated with the receptors. This cleavage presumably inactivates the protein",2,mT-RIOK1,Q9BRS2,Q13490,dark_kinome_ppi
Q13490,prey,Auto-ubiquitinated and degraded by the proteasome in apoptotic cells,2,mT-STK19,P49842,Q13490,dark_kinome_ppi
Q13490,prey,"Upon stimulation of death receptors, including TNFRSF10B, recruited to receptors and cleaved by caspases. Proteolytic fragments remain associated with the receptors. This cleavage presumably inactivates the protein",2,mT-STK19,P49842,Q13490,dark_kinome_ppi
Q13490,prey,Auto-ubiquitinated and degraded by the proteasome in apoptotic cells,2,mT-CLK4,Q9HAZ1,Q13490,dark_kinome_ppi
Q13490,prey,"Upon stimulation of death receptors, including TNFRSF10B, recruited to receptors and cleaved by caspases. Proteolytic fragments remain associated with the receptors. This cleavage presumably inactivates the protein",2,mT-CLK4,Q9HAZ1,Q13490,dark_kinome_ppi
Q9UPQ7,prey,Auto-ubiquitinated,2,mT-RIOK2,Q9BVS4,Q9UPQ7,dark_kinome_ppi
Q9UPQ7,prey,Auto-ubiquitinated,2,mT-BRSK2,Q8IWQ3,Q9UPQ7,dark_kinome_ppi
Q9UPQ7,prey,Auto-ubiquitinated,2,PHKG1-mT,Q16816,Q9UPQ7,dark_kinome_ppi
Q9ULF5,prey,Undergoes N-terminal ectodomain shedding,2,mT-MARK3,P27448,Q9ULF5,dark_kinome_ppi
Q8N5A5,prey,"Ubiquitinated in case of infection by HIV-1, leading to its degradation. Ubiquitination is mediated by the CUL4A-RBX1-DDB1-DCAF1/VPRBP complex that is hijacked by HIV-1 via interaction between HIV-1 Vpr and DCAF1/VPRBP",2,mT-CDK19,Q9BWU1,Q8N5A5,dark_kinome_ppi
Q9H4H8,prey,Phosphorylated during mitosis,2,mT-BRSK2,Q8IWQ3,Q9H4H8,dark_kinome_ppi
Q9NYA4,prey,Ubiquitinated. Ubiquitination by NEDD4 probably leads to proteasomal degradation,2,mT-RIOK2,Q9BVS4,Q9NYA4,dark_kinome_ppi
Q9NYA4,prey,Phosphorylated by CDK1 during mitosis,2,mT-RIOK2,Q9BVS4,Q9NYA4,dark_kinome_ppi
Q9NYA4,prey,Ubiquitinated. Ubiquitination by NEDD4 probably leads to proteasomal degradation,2,mT-BRSK2,Q8IWQ3,Q9NYA4,dark_kinome_ppi
Q9NYA4,prey,Phosphorylated by CDK1 during mitosis,2,mT-BRSK2,Q8IWQ3,Q9NYA4,dark_kinome_ppi
Q99459,prey,Phosphorylated on serine and threonine residues. Phosphorylation on Thr-411 and Thr-438 is required for CDC5L-mediated mRNA splicing. Has no effect on subcellular location nor on homodimerization. Phosphorylated in vitro by CDK2. Phosphorylation enhances interaction with PPP1R8,2,mT-PRPF4B,Q13523,Q99459,dark_kinome_ppi
O94964,prey,Proteolytically cleaved in primary hepatocytes into a C-terminal 80 kDa form (By similarity). Proteolytically cleaved into a C-terminal SOGA 25 kDa form that is detected in plasma,2,mT-BRSK1,Q8TDC3,O94964,dark_kinome_ppi
O94964,prey,Phosphorylated during mitosis in a CDK1-dependent manner,2,mT-BRSK1,Q8TDC3,O94964,dark_kinome_ppi
O94964,prey,Proteolytically cleaved in primary hepatocytes into a C-terminal 80 kDa form (By similarity). Proteolytically cleaved into a C-terminal SOGA 25 kDa form that is detected in plasma,2,mT-BRSK2,Q8IWQ3,O94964,dark_kinome_ppi
O94964,prey,Phosphorylated during mitosis in a CDK1-dependent manner,2,mT-BRSK2,Q8IWQ3,O94964,dark_kinome_ppi
O94964,prey,Proteolytically cleaved in primary hepatocytes into a C-terminal 80 kDa form (By similarity). Proteolytically cleaved into a C-terminal SOGA 25 kDa form that is detected in plasma,2,mT-MARK1,Q9P0L2,O94964,dark_kinome_ppi
O94964,prey,Phosphorylated during mitosis in a CDK1-dependent manner,2,mT-MARK1,Q9P0L2,O94964,dark_kinome_ppi
Q96SN8,prey,Phosphorylated in vitro by CDK5,2,mT-BRSK1,Q8TDC3,Q96SN8,dark_kinome_ppi
Q96SN8,prey,Phosphorylated in vitro by CDK5,2,PHKG1-mT,Q16816,Q96SN8,dark_kinome_ppi
Q96SN8,prey,Phosphorylated in vitro by CDK5,2,mT-CAMKK1,Q8N5S9,Q96SN8,dark_kinome_ppi
Q96HS1,prey,Both isoform 1 and isoform 2 are phosphorylated by the RIPK1/RIPK3 complex under necrotic conditions. This phosphorylation increases PGAM5 phosphatase activity,2,mT-BRSK2,Q8IWQ3,Q96HS1,dark_kinome_ppi
Q96HS1,prey,Proteolytically cleaved by PARL in response to loss of mitochondrial membrane potential,2,mT-BRSK2,Q8IWQ3,Q96HS1,dark_kinome_ppi
O00221,prey,Serine phosphorylated; followed by proteasome-dependent degradation,2,mT-CDK16,Q00536,O00221,dark_kinome_ppi
Q6UWZ7,prey,"Phosphorylation of Ser-406 of the pSXXF motif by ATM or ATR constitutes a specific recognition motif for the BRCT domain of BRCA1 (PubMed:17525340, PubMed:17643121, PubMed:17643122). Ionizing radiation promotes rapid phosphorylation at Ser-404 and Ser-406 by ATM; this promotes recruitment of BRCA1 to sites of DNA damage (PubMed:26778126)",2,mT-CDK19,Q9BWU1,Q6UWZ7,dark_kinome_ppi
Q86YF9,prey,"Phosphorylation at Ser-226 by PLK1 before mitosis prevents interaction with PCM1 and localization to centriolar satellites. Thereby, it negatively regulates the localization of the BBSome to centriolar satellites",2,mT-CDK16,Q00536,Q86YF9,dark_kinome_ppi
Q86YF9,prey,"Phosphorylation at Ser-226 by PLK1 before mitosis prevents interaction with PCM1 and localization to centriolar satellites. Thereby, it negatively regulates the localization of the BBSome to centriolar satellites",2,mT-CDK17,Q00537,Q86YF9,dark_kinome_ppi
Q8WXE9,prey,Phosphorylated in vitro by PKD,2,mT-CSNK1G2,P78368,Q8WXE9,dark_kinome_ppi
Q8WXE9,prey,Neddylated; deneddylated via its interaction with the COP9 signalosome (CSN) complex through TOR1A and COPS4,2,mT-CSNK1G2,P78368,Q8WXE9,dark_kinome_ppi
Q8WXE9,prey,Ubiquitinated; leading to its degradation,2,mT-CSNK1G2,P78368,Q8WXE9,dark_kinome_ppi
Q99835,prey,Phosphorylation by GRK kinases is required for interaction with protein kinase A catalytic subunit PRKACA,2,mT-CSNK1G2,P78368,Q99835,dark_kinome_ppi
P98164,prey,"A fraction undergoes proteolytic cleavage of the extracellular domain at the cell membrane to generate a cytoplasmic tail fragment. This is internalized into the early endosome from where it trafficks in an LDLRAP1/ARH-dependent manner to the endocytic recycling compartment (ERC). In the ERC, it is further cleaved by gamma-secretase to release a fragment which translocates to the nucleus and mediates transcriptional repression",2,mT-CDK16,Q00536,P98164,dark_kinome_ppi
P98164,prey,N-glycosylation is required for ligand binding,2,mT-CDK16,Q00536,P98164,dark_kinome_ppi
P98164,prey,"A fraction undergoes proteolytic cleavage of the extracellular domain at the cell membrane to generate a cytoplasmic tail fragment. This is internalized into the early endosome from where it trafficks in an LDLRAP1/ARH-dependent manner to the endocytic recycling compartment (ERC). In the ERC, it is further cleaved by gamma-secretase to release a fragment which translocates to the nucleus and mediates transcriptional repression",2,mT-CDK17,Q00537,P98164,dark_kinome_ppi
P98164,prey,N-glycosylation is required for ligand binding,2,mT-CDK17,Q00537,P98164,dark_kinome_ppi
P98164,prey,"A fraction undergoes proteolytic cleavage of the extracellular domain at the cell membrane to generate a cytoplasmic tail fragment. This is internalized into the early endosome from where it trafficks in an LDLRAP1/ARH-dependent manner to the endocytic recycling compartment (ERC). In the ERC, it is further cleaved by gamma-secretase to release a fragment which translocates to the nucleus and mediates transcriptional repression",2,mT-CDK14,O94921,P98164,dark_kinome_ppi
P98164,prey,N-glycosylation is required for ligand binding,2,mT-CDK14,O94921,P98164,dark_kinome_ppi
Q96JN8,prey,Ubiquitinated; undergoes HERC2-dependent 'Lys-48' ubiquitination. This ubiquitination leads to proteasomal degradation,2,mT-RIOK2,Q9BVS4,Q96JN8,dark_kinome_ppi
Q96BD8,prey,Phosphorylated by AURKB at Thr-157 and Ser-242 which negatively regulates the association of the SKA complex with kinetochores to allow correction of aberrant kinetochore-microtubule interactions and promote mitotic sister chromatid biorientation,2,mT-BRSK2,Q8IWQ3,Q96BD8,dark_kinome_ppi
Q96BD8,prey,Phosphorylated by AURKB at Thr-157 and Ser-242 which negatively regulates the association of the SKA complex with kinetochores to allow correction of aberrant kinetochore-microtubule interactions and promote mitotic sister chromatid biorientation,2,mT-RIOK2,Q9BVS4,Q96BD8,dark_kinome_ppi
Q9UPN4,prey,"Ubiquitinated. Undergoes monoubiquitination catalyzed by the E3 ubiquitin-protein ligase MIB1 in proliferating cells, preventing cilia formation. Monoubiquitination by MIB1 is inhibited in response to cellular stress, such as ultraviolet light (UV) radiation or heat shock, resulting in cilia formation initiation",2,mT-DYRK2,Q92630,Q9UPN4,dark_kinome_ppi
Q9UPN4,prey,MAPKAPK2-dependent phosphorylation at Ser-47 and Ser-78 occurs in response to cellular stress such as exposure to ultraviolet irradiation and promotes binding to 14-3-3 proteins which leads to cytoplasmic sequestration of CEP131 and blocks formation of new centriolar satellites (PubMed:26616734). Phosphorylation at Ser-78 mediated by PLK4 is essential for proper organization and integrity of centriolar satellites but is dispensable for its localization to centrioles and its function in ciliogenesis (PubMed:30804208),2,mT-DYRK2,Q92630,Q9UPN4,dark_kinome_ppi
Q9UPN4,prey,"Ubiquitinated. Undergoes monoubiquitination catalyzed by the E3 ubiquitin-protein ligase MIB1 in proliferating cells, preventing cilia formation. Monoubiquitination by MIB1 is inhibited in response to cellular stress, such as ultraviolet light (UV) radiation or heat shock, resulting in cilia formation initiation",2,mT-CDKL5,O76039,Q9UPN4,dark_kinome_ppi
Q9UPN4,prey,MAPKAPK2-dependent phosphorylation at Ser-47 and Ser-78 occurs in response to cellular stress such as exposure to ultraviolet irradiation and promotes binding to 14-3-3 proteins which leads to cytoplasmic sequestration of CEP131 and blocks formation of new centriolar satellites (PubMed:26616734). Phosphorylation at Ser-78 mediated by PLK4 is essential for proper organization and integrity of centriolar satellites but is dispensable for its localization to centrioles and its function in ciliogenesis (PubMed:30804208),2,mT-CDKL5,O76039,Q9UPN4,dark_kinome_ppi
Q9Y4D2,prey,Phosphorylated at Ser-782 and Ser-808 by CAMK2A; phosphorylation by CAMK2A inhibits diacylglycerol lipase activity,2,mT-CSNK1G2,P78368,Q9Y4D2,dark_kinome_ppi
Q13310,prey,"Arg-518 is dimethylated, probably to asymmetric dimethylarginine",2,mT-HIPK4,Q8NE63,Q13310,dark_kinome_ppi
Q6P1M3,prey,Phosphorylated at Ser-653 by PRKCI. Phosphorylation is enhanced during cell polarization induced by calcium. Phosphorylation may occur during the cell-cell contact-induced cell polarization and may contribute to the segregation of LLGL2 from the PRKCI/aPKC and PARD6B/Par-6 complex,2,mT-CSNK1G1,Q9HCP0,Q6P1M3,dark_kinome_ppi
Q6P1M3,prey,Phosphorylated at Ser-653 by PRKCI. Phosphorylation is enhanced during cell polarization induced by calcium. Phosphorylation may occur during the cell-cell contact-induced cell polarization and may contribute to the segregation of LLGL2 from the PRKCI/aPKC and PARD6B/Par-6 complex,2,mT-CSNK1G2,P78368,Q6P1M3,dark_kinome_ppi
O75688,prey,Isgylation negatively regulates its activity,2,PHKG1-mT,Q16816,O75688,dark_kinome_ppi
O75688,prey,N-myristoylation is essential for the recognition of its substrates for dephosphorylation,2,PHKG1-mT,Q16816,O75688,dark_kinome_ppi
O75688,prey,Isgylation negatively regulates its activity,2,mT-CAMKV,Q8NCB2,O75688,dark_kinome_ppi
O75688,prey,N-myristoylation is essential for the recognition of its substrates for dephosphorylation,2,mT-CAMKV,Q8NCB2,O75688,dark_kinome_ppi
Q6ZMZ3,prey,The disulfid bond with SUN1 or SUN2 is required for stability of the respective LINC complex under tensile forces,2,PKMYT1-mT,Q99640,Q6ZMZ3,dark_kinome_ppi
Q9C0H9,prey,Tyrosine-phosphorylated in response to EGF and to cell adhesion to integrin ligands,2,mT-ICK,Q9UPZ9,Q9C0H9,dark_kinome_ppi
Q5VWQ8,prey,"In response to TNF-induction, phosphorylated at Ser-728; phosphorylation leads to a conformational change, and thus, increases its association with 14-3-3 proteins, MAP3K5, RIPK1 and TRAF2 in endothelial cells; also stimulates regulatory p85 subunit sequestring and PI3K-p85 complex activity inhibition",2,mT-CSNK1G1,Q9HCP0,Q5VWQ8,dark_kinome_ppi
Q14814,prey,"Phosphorylated on Ser-444 by CDK5 is required for Lys-439 sumoylation and inhibits transcriptional activity. In neurons, enhanced CDK5 activity induced by neurotoxins promotes caspase 3-mediated cleavage leading to neuron apoptosis. Phosphorylation on Ser-180 can be enhanced by EGF. Phosphorylated and activated by CaMK4",2,TLK2-mT,Q86UE8,Q14814,dark_kinome_ppi
Q14814,prey,Acetylated on Lys-439 by CREBBP. Acetylated by EP300. Deacetylated by SIRT1 and HDAC3,2,TLK2-mT,Q86UE8,Q14814,dark_kinome_ppi
Q14814,prey,Sumoylated on Lys-439 with SUMO2 but not SUMO1; which inhibits transcriptional activity and myogenic activity. Desumoylated by SENP3,2,TLK2-mT,Q86UE8,Q14814,dark_kinome_ppi
Q14814,prey,Proteolytically cleaved in cerebellar granule neurons on several sites by caspase 7 following neurotoxicity. Preferentially cleaves the CDK5-mediated hyperphosphorylated form which leads to neuron apoptosis and transcriptional inactivation (By similarity),2,TLK2-mT,Q86UE8,Q14814,dark_kinome_ppi
O76039,bait,Autophosphorylated,1,mT-RIOK2,Q9BVS4,O76039,dark_kinome_ppi
O76039,bait,Autophosphorylated,1,mT-CDKL5,O76039,Q9UPN4,dark_kinome_ppi
O76039,bait,Autophosphorylated,1,mT-CDKL5,O76039,Q49A88,dark_kinome_ppi
O76039,bait,Autophosphorylated,1,mT-CDKL5,O76039,Q15154,dark_kinome_ppi
O76039,bait,Autophosphorylated,1,mT-CDKL5,O76039,O75665,dark_kinome_ppi
O76039,bait,Autophosphorylated,1,mT-CDKL5,O76039,Q8WXW3,dark_kinome_ppi
O76039,bait,Autophosphorylated,1,mT-CDKL5,O76039,Q6IQ23,dark_kinome_ppi
O76039,bait,Autophosphorylated,1,mT-CDKL5,O76039,Q9Y2D8,dark_kinome_ppi
O76039,bait,Autophosphorylated,1,mT-CDKL5,O76039,Q8TEP8,dark_kinome_ppi
O76039,bait,Autophosphorylated,1,mT-CDKL5,O76039,P25054,dark_kinome_ppi
Q9Y6J0,prey,Activated through PKC-mediated hyperphosphorylation. Phosphorylation by the DNA damage kinases ATM and CHK2 enhances ubiquitination,2,TLK2-mT,Q86UE8,Q9Y6J0,dark_kinome_ppi
Q9Y6J0,prey,"Upon genotoxic stress, ubiquitination by the DCX(DDB2) E3 ubiquitin-protein ligase complex targets CABIN1 for proteasomal degradation, leading to the release of p53/TP53",2,TLK2-mT,Q86UE8,Q9Y6J0,dark_kinome_ppi
Q9Y6J0,prey,Activated through PKC-mediated hyperphosphorylation. Phosphorylation by the DNA damage kinases ATM and CHK2 enhances ubiquitination,2,mT-TLK1,Q9UKI8,Q9Y6J0,dark_kinome_ppi
Q9Y6J0,prey,"Upon genotoxic stress, ubiquitination by the DCX(DDB2) E3 ubiquitin-protein ligase complex targets CABIN1 for proteasomal degradation, leading to the release of p53/TP53",2,mT-TLK1,Q9UKI8,Q9Y6J0,dark_kinome_ppi
Q13574,prey,Phosphorylation of the MARCKS homology domain by PKC reduces nuclear accumulation of DGK-zeta,2,mT-RIOK2,Q9BVS4,Q13574,dark_kinome_ppi
Q6NYC1,prey,Hydroxylates its own N-terminus; hydroxylation is required for homooligomerization,2,mT-CDK13,Q14004,Q6NYC1,dark_kinome_ppi
P25311,prey,N-glycosylated. N-glycan at Asn-128: Hex5HexNAc4,2,mT-DYRK4,Q9NR20,P25311,dark_kinome_ppi
P63167,prey,"Phosphorylation at Ser-88 promotes recruitment to DNA double-strand breaks (DSBs) by TP53BP1 and ability to inhibit MRE11 (PubMed:37696958). Phosphorylation at Ser-88 appears to control the dimer-monomer transition (PubMed:15193260, PubMed:18650427). According to PubMed:15193260, it is phosphorylated at Ser-88 by PAK1, however, according to PubMed:18650427, the DYNLL1 dimer is not accessible for PAK1 and the phosphorylation could not be demonstrated in vitro (PubMed:15193260, PubMed:18650427)",2,mT-LMTK2,Q8IWU2,P63167,dark_kinome_ppi
Q9BV73,prey,"Differentially phosphorylated during cell cycle. Phosphorylation may regulate association/dissociation from centrosome. During M phase of mitosis, C-terminal part is phosphorylated by NEK2, suggesting that it may trigger the dissociation from the mitotic centrosome. Dephosphorylated in vitro by the PP1 phosphatase",2,mT-RIOK2,Q9BVS4,Q9BV73,dark_kinome_ppi
Q12899,prey,"Autoubiquitinates upon viral infection. In turn, autoubiquitinated TRIM26 recruits NEMO and bridges TBK1-NEMO interaction",2,mT-RIOK2,Q9BVS4,Q12899,dark_kinome_ppi
Q969J3,prey,Myristoylation at Gly-2 mediates attachment to lysosome membranes,2,mT-DSTYK,Q6XUX3,Q969J3,dark_kinome_ppi
P49848,prey,"In cells undergoing apoptosis, cleaved in a caspase-dependent manner to produce a 40 kDa product",2,mT-PSKH1,P11801,P49848,dark_kinome_ppi
P54253,prey,"Ubiquitinated by UBE3A, leading to its degradation by the proteasome. The presence of expanded poly-Gln repeats in spinocerebellar ataxia 1 (SCA1) patients impairs ubiquitination and degradation, leading to accumulation of ATXN1 in neurons and subsequent toxicity",2,mT-CDK10,Q15131,P54253,dark_kinome_ppi
P54253,prey,Phosphorylation at Ser-775 increases the pathogenicity of proteins with an expanded polyglutamine tract,2,mT-CDK10,Q15131,P54253,dark_kinome_ppi
P54253,prey,Sumoylation is dependent on nuclear localization and phosphorylation at Ser-775. It is reduced in the presence of an expanded polyglutamine tract,2,mT-CDK10,Q15131,P54253,dark_kinome_ppi
Q9HAW4,prey,"Phosphorylated. Undergoes ATR-dependent phosphorylation by CHEK1 during activation of DNA replication or damage checkpoints. Phosphorylation by CSNK1G1/CK1 promotes CHEK1 binding (PubMed:12766152, PubMed:15096610, PubMed:16963448, PubMed:21680713). Phosphorylated by CDC7 during DNA replication, phosphorylation inhibits interaction between the acidic patch and N-terminal segments leading to increased binding to DNA and PCNA (PubMed:27401717)",2,mT-TLK1,Q9UKI8,Q9HAW4,dark_kinome_ppi
Q9HAW4,prey,"Ubiquitinated by the anaphase promoting complex/cyclosome (APC/C) during G1 phase, leading to its degradation by the proteasome. Ubiquitination is mediated via its interaction with FZR1/CDH1. Following DNA damage, it is deubiquitinated by USP28 in G2 phase, preventing its degradation",2,mT-TLK1,Q9UKI8,Q9HAW4,dark_kinome_ppi
Q9HAW4,prey,"Proteolytically cleaved by caspase-7 (CASP7) in response to apoptosis, leading to its inactivation",2,mT-TLK1,Q9UKI8,Q9HAW4,dark_kinome_ppi
O43303,prey,Phosphorylated by CDKs,2,mT-RIOK3,O14730,O43303,dark_kinome_ppi
O43303,prey,"Ubiquitinated by the SCF(CCNF) during G2 phase, leading to its degradation by the proteasome and preventing centrosome reduplication (PubMed:20596027). Deubiquitinated by USP33 in S and G2/M phase, leading to stabilize CCP110 during the period which centrioles duplicate and elongate (PubMed:23486064). Ubiquitinated by the EDVP complex, leading to its degradation (PubMed:28242748, PubMed:34259627)",2,mT-RIOK3,O14730,O43303,dark_kinome_ppi
Q9UGH3,prey,Phosphorylated,2,mT-CDK16,Q00536,Q9UGH3,dark_kinome_ppi
Q71F23,prey,"Phosphorylated by PLK1 at Thr-78, creating a self-tethering site that specifically interacts with the polo-box domain of PLK1",2,mT-CDKL3,Q8IVW4,Q71F23,dark_kinome_ppi
Q12904,prey,Cleaved by caspase-7 in response to apoptosis to produce EMAP-II,2,mT-CAMKV,Q8NCB2,Q12904,dark_kinome_ppi
Q8ND76,prey,Ubiquitinated; leading to its degradation,2,mT-CDK17,Q00537,Q8ND76,dark_kinome_ppi
Q8ND76,prey,"Heavily phosphorylated. Phosphorylation at Ser-71 and Ser-73 by CDK14 is enhanced during the G2 and M cell cycle phases, and creates a phosphodegron triggering SCF-dependent ubiquitination",2,mT-CDK17,Q00537,Q8ND76,dark_kinome_ppi
Q8ND76,prey,Ubiquitinated; leading to its degradation,2,mT-CDK16,Q00536,Q8ND76,dark_kinome_ppi
Q8ND76,prey,"Heavily phosphorylated. Phosphorylation at Ser-71 and Ser-73 by CDK14 is enhanced during the G2 and M cell cycle phases, and creates a phosphodegron triggering SCF-dependent ubiquitination",2,mT-CDK16,Q00536,Q8ND76,dark_kinome_ppi
Q8ND76,prey,Ubiquitinated; leading to its degradation,2,mT-CDK18,Q07002,Q8ND76,dark_kinome_ppi
Q8ND76,prey,"Heavily phosphorylated. Phosphorylation at Ser-71 and Ser-73 by CDK14 is enhanced during the G2 and M cell cycle phases, and creates a phosphodegron triggering SCF-dependent ubiquitination",2,mT-CDK18,Q07002,Q8ND76,dark_kinome_ppi
Q8ND76,prey,Ubiquitinated; leading to its degradation,2,mT-CDK14,O94921,Q8ND76,dark_kinome_ppi
Q8ND76,prey,"Heavily phosphorylated. Phosphorylation at Ser-71 and Ser-73 by CDK14 is enhanced during the G2 and M cell cycle phases, and creates a phosphodegron triggering SCF-dependent ubiquitination",2,mT-CDK14,O94921,Q8ND76,dark_kinome_ppi
Q96HN2,prey,Phosphorylated during neuronal differentiation at the LISN domain,2,mT-CAMKV,Q8NCB2,Q96HN2,dark_kinome_ppi
P49454,prey,Hyperphosphorylated during mitosis,2,mT-CDK19,Q9BWU1,P49454,dark_kinome_ppi
O94901,prey,The disulfide bond with KASH domain-containing nesprins is required for stability of the respective LINC complexes under tensile forces,2,mT-VRK2,Q86Y07,O94901,dark_kinome_ppi
Q5T0W9,prey,Phosphorylated in vitro by CSNK1A1,2,mT-CSNK1A1L,Q8N752,Q5T0W9,dark_kinome_ppi
O60658,prey,"Phosphorylated at Ser-359 by PKA under elevated cAMP conditions, this enhances catalytic activity",2,mT-CDK16,Q00536,O60658,dark_kinome_ppi
O60658,prey,"Phosphorylated at Ser-359 by PKA under elevated cAMP conditions, this enhances catalytic activity",2,mT-CAMKV,Q8NCB2,O60658,dark_kinome_ppi
Q6P1N0,prey,Phosphorylation on Ser-208 by CDK1 promotes spindle pole localization and association with SCC1/RAD21,2,mT-RIOK3,O14730,Q6P1N0,dark_kinome_ppi
Q5VT25,prey,Proteolytically cleaved by caspases upon apoptosis induction. The cleavage at Asp-478 by CASP3 increases its kinase activity (in vitro),2,mT-CDK17,Q00537,Q5VT25,dark_kinome_ppi
Q5VT25,prey,Proteolytically cleaved by caspases upon apoptosis induction. The cleavage at Asp-478 by CASP3 increases its kinase activity (in vitro),2,mT-BRSK1,Q8TDC3,Q5VT25,dark_kinome_ppi
P29317,prey,"Autophosphorylates. Phosphorylated on tyrosine upon binding and activation by EFNA1. Phosphorylated residues Tyr-588 and Tyr-594 are required for binding VAV2 and VAV3 while phosphorylated residues Tyr-735 and Tyr-930 are required for binding PI3-kinase p85 subunit (PIK3R1, PIK3R2 or PIK3R3). These phosphorylated residues are critical for recruitment of VAV2 and VAV3 and PI3-kinase p85 subunit which transduce downstream signaling to activate RAC1 GTPase and cell migration. Dephosphorylation of Tyr-930 by PTPRF prevents the interaction of EPHA2 with NCK1. Phosphorylated at Ser-897 by PKB; serum-induced phosphorylation which targets EPHA2 to the cell leading edge and stimulates cell migration. Phosphorylation by PKB is inhibited by EFNA1-activated EPHA2 which regulates PKB activity via a reciprocal regulatory loop. Phosphorylated at Ser-897 in response to TNF by RPS6KA1 and RPS6KA3; RPS6KA-EPHA2 signaling pathway controls cell migration (PubMed:26158630). Phosphorylated at Ser-897 by PKA; blocks cell retraction induced by EPHA2 kinase activity (PubMed:27385333). Dephosphorylated by ACP1",2,mT-CDK17,Q00537,P29317,dark_kinome_ppi
P29317,prey,Ubiquitinated by CHIP/STUB1. Ubiquitination is regulated by the HSP90 chaperone and regulates the receptor stability and activity through proteasomal degradation. ANKS1A prevents ubiquitination and degradation (By similarity),2,mT-CDK17,Q00537,P29317,dark_kinome_ppi
P20700,prey,"B-type lamins undergo a series of modifications, such as farnesylation and phosphorylation. Increased phosphorylation of the lamins occurs before envelope disintegration and probably plays a role in regulating lamin associations",2,mT-CDKL4,Q5MAI5,P20700,dark_kinome_ppi
P20700,prey,"Phosphorylation plays a key role in lamin organization, subcellular localization and nuclear envelope disintegration. Phosphorylation by CDK1 at Ser-23 and Ser-393 at the onset of mitosis drives lamin disassembly and nuclear envelope breakdown",2,mT-CDKL4,Q5MAI5,P20700,dark_kinome_ppi
Q96HY6,prey,"Ubiquitinated. Ubiquitination probably triggers proteasomal degradation and is negatively regulated by UFL1, the enzyme involved in the ufmylation of DDRGK1",2,PRKCQ-mT,Q04759,Q96HY6,dark_kinome_ppi
Q96HY6,prey,"Ufmylated; conjugated to ubiquitin-like protein UFM1, probably at Lys-267 by UFL1 (PubMed:20018847, PubMed:27926783, PubMed:28128204). The relevance of ufmylation is however unclear: as DDRGK1 acts as a substrate adapters for ufmylation, it is uncertain whether ufmylation is a collateral effect of ufmylation process or is required to regulate its activity (PubMed:32160526)",2,PRKCQ-mT,Q04759,Q96HY6,dark_kinome_ppi
O15121,prey,Myristoylation can target the enzyme to the mitochondria leading to an increase in ceramide levels,2,PKMYT1-mT,Q99640,O15121,dark_kinome_ppi
Q9Y294,prey,"Phosphorylated by TLK1 and TLK2 (PubMed:11470414, PubMed:20016786, PubMed:35136069). Highly phosphorylated in S-phase and at lower levels in M-phase (PubMed:11470414). TLK2-mediated phosphorylation at Ser-192 prevents proteasome-dependent degradation (PubMed:20016786). Phosphorylation at Ser-192 by PRKDC in response to DNA damage promotes the histone chaperone activity and ability to replace histones at double-strand breaks (DSBs) at stalled or collapsed replication forks, leading to RAD51 recruitment (PubMed:29478807)",2,TLK2-mT,Q86UE8,Q9Y294,dark_kinome_ppi
Q9ULH7,prey,O-glycosylated,2,mT-CAMKV,Q8NCB2,Q9ULH7,dark_kinome_ppi
P11717,prey,Palmitoylated (PubMed:18817523). Undergoes cysteine S-palmitoylation which promotes interaction with the retromer cargo-selective complex which mediates its retrograde trafficking to the Golgi apparatus (PubMed:18817523),2,PRKCQ-mT,Q04759,P11717,dark_kinome_ppi
P17535,prey,Phosphorylated by MAP kinases MAPK8 and MAPK10; phosphorylation is inhibited in the presence of MEN1,2,mT-CDK14,O94921,P17535,dark_kinome_ppi
Q8TEW0,prey,"Acetylated. Deacetylated by SIRT2, thereby inhibiting Schwann cell peripheral myelination",2,mT-CAMKK2,Q96RR4,Q8TEW0,dark_kinome_ppi
Q8TEW0,prey,Phosphorylation at Ser-827 by PRKCZ and PRKCI occurs at the most apical tip of epithelial cell-cell contacts during the initial phase of tight junction formation and may promote dissociation of the complex with PARD6. EGF-induced Tyr-1127 phosphorylation mediates dissociation from LIMK2 (By similarity). Phosphorylation by AURKA at Ser-962 is required for the normal establishment of neuronal polarity (PubMed:19812038),2,mT-CAMKK2,Q96RR4,Q8TEW0,dark_kinome_ppi
Q6NUN9,prey,Ubiquitinated by PRKN. 'Lys-48'-linked polyubiquitination by PRKN leads to degradation by the proteasome and may play a key role in regulation of neuron death,2,CDK12-mT,Q9NYV4,Q6NUN9,dark_kinome_ppi
Q9BYW2,prey,May be automethylated,2,mT-PRPF4B,Q13523,Q9BYW2,dark_kinome_ppi
P12757,prey,"Ubiquitinated by RNF111 and ARK2C, promoting proteasomal degradation, leading to enhance the BMP-Smad signaling",2,mT-CDK19,Q9BWU1,P12757,dark_kinome_ppi
P48552,prey,Acetylation regulates its nuclear translocation and corepressive activity (By similarity). Acetylation abolishes interaction with CTBP1. Phosphorylation enhances interaction with YWHAH,2,mT-CDK10,Q15131,P48552,dark_kinome_ppi
O75140,prey,"Phosphorylation at Ser-1002 and Ser-1530 by AKT1 and PIM1 inhibit the activity of DEPDC5, releasing inhibition of the mTORC1 pathway",2,mT-CDKL1,Q00532,O75140,dark_kinome_ppi
O75140,prey,Ubiquitinated (PubMed:29769719). Amino acid-induced 'Lys-48'-linked polyubiquitination of DEPDC5 by the BCR(KLHL22) ubiquitin ligase complex leads to DEPDC5 proteasomal degradation and inhibition of the GATOR1 complex (PubMed:29769719). Ubiquitination may occur at multiple lysines (PubMed:29769719),2,mT-CDKL1,Q00532,O75140,dark_kinome_ppi
Q3SY69,prey,Phosphopantetheinylation at Ser-375 by AASDHPPT is required for the formyltetrahydrofolate dehydrogenase activity,2,mT-BRSK2,Q8IWQ3,Q3SY69,dark_kinome_ppi
P29320,prey,Autophosphorylates upon activation by EFNA5. Phosphorylation on Tyr-602 mediates interaction with NCK1. Dephosphorylated by PTPN1,2,mT-PAK6,Q9NQU5,P29320,dark_kinome_ppi
P29320,prey,Autophosphorylates upon activation by EFNA5. Phosphorylation on Tyr-602 mediates interaction with NCK1. Dephosphorylated by PTPN1,2,mT-CDK16,Q00536,P29320,dark_kinome_ppi
O75155,prey,Ubiquitinated and targeted for proteasomal degradation,2,mT-CAMKV,Q8NCB2,O75155,dark_kinome_ppi
Q9UK32,prey,"Phosphorylated at Ser-232, Ser-372, and Ser-389 in serum-starved cells",2,mT-CSNK1G1,Q9HCP0,Q9UK32,dark_kinome_ppi
Q9UH65,prey,Tyrosine-phosphorylated,2,PRKCQ-mT,Q04759,Q9UH65,dark_kinome_ppi
Q9NUB1,prey,Reversibly acetylated on Lys-642 (PubMed:16788062). The acetyl-CoA synthase activity is inhibited by acetylation and activated by deacetylation mediated by the deacetylase SIRT3,2,BCKDK-mT,O14874,Q9NUB1,dark_kinome_ppi
Q9ULH1,prey,Phosphorylated on tyrosine residues by SRC,2,mT-ADCK1,Q86TW2,Q9ULH1,dark_kinome_ppi
Q9Y2K1,prey,Sumoylated with SUMO2 at Lys-328 and to a lesser extent at Lys-265. Sumoylation inhibits its transcriptional repression activity and regulates its subcellular localization,2,mT-BRSK1,Q8TDC3,Q9Y2K1,dark_kinome_ppi
P27361,prey,"Phosphorylated upon KIT and FLT3 signaling (By similarity). Dually phosphorylated on Thr-202 and Tyr-204, which activates the enzyme. Ligand-activated ALK induces tyrosine phosphorylation. Dephosphorylated by PTPRJ at Tyr-204",2,mT-MKNK1,Q9BUB5,P27361,dark_kinome_ppi
P27361,prey,Ubiquitinated by TRIM15 via 'Lys-63'-linked ubiquitination; leading to activation. Deubiquitinated by CYLD,2,mT-MKNK1,Q9BUB5,P27361,dark_kinome_ppi
Q96EV8,prey,Ubiquitinated by TRIM32. Ubiquitination leads to DTNBP1 degradation,2,mT-CDK16,Q00536,Q96EV8,dark_kinome_ppi
Q96EV8,prey,Isoforms 1 and 2 highly phosphorylated by PRKDC in vitro. Isoform 3 only weakly phosphorylated by PRKDC in vitro,2,mT-CDK16,Q00536,Q96EV8,dark_kinome_ppi
Q13370,prey,Phosphorylation at Ser-295 mediates insulin-induced activation of PDE3B,2,PKMYT1-mT,Q99640,Q13370,dark_kinome_ppi
Q9H211,prey,"Two independent E3 ubiquitin ligase complexes, SCF(SKP2) and the DCX(DTL) complex, mediated CDT1 degradation in S phase (PubMed:14993212, PubMed:16861906, PubMed:16949367, PubMed:17085480). Ubiquitinated by the DCX(DTL) complex, in response to DNA damage, leading to its degradation (PubMed:16861906, PubMed:17085480). Ubiquitination by the DCX(DTL) complex is necessary to ensure proper cell cycle regulation and is PCNA-dependent: interacts with PCNA via its PIP-box, while the presence of the containing the 'K+4' motif in the PIP box, recruit the DCX(DTL) complex, leading to its degradation (PubMed:16861906, PubMed:17085480). Phosphorylation at Thr-29 by CDK2 targets CDT1 for ubiquitination by SCF(SKP2) E3 ubiquitin ligase and subsequent degradation (PubMed:14993212). The interaction with GMNN protects it against ubiquitination (PubMed:15257290). Deubiquitinated by USP37 (PubMed:27296872). Ubiquitinated and degraded by the SCF(FBXO31) complex during the G2 phase to prevent re-replication (PubMed:24828503)",2,mT-CDK10,Q15131,Q9H211,dark_kinome_ppi
Q9H211,prey,"Phosphorylation by cyclin A-dependent kinases at Thr-29 targets CDT1 for ubiquitynation by SCF(SKP2) E3 ubiquitin ligase and subsequent degradation (PubMed:14993212). Phosphorylated at Thr-29 by MAPK8/JNK1, which blocks replication licensing in response to stress (PubMed:21856198). Binding to GMNN is not affected by phosphorylation",2,mT-CDK10,Q15131,Q9H211,dark_kinome_ppi
Q13451,prey,"Acetylation impairs ability to promote interaction between Akt/AKT1 and PHLPP1 (PubMed:28147277). Deacetylation by SIRT7 promotes interaction between Akt/AKT1 and PHLPP1, leading to suppress Akt/AKT1 activation (PubMed:28147277)",2,mT-CDK15,Q96Q40,Q13451,dark_kinome_ppi
Q13451,prey,"Ubiquitinated, leading to degradation in a proteasome-dependent manner. Deubiquitinated by USP49, leading to stabilization",2,mT-CDK15,Q96Q40,Q13451,dark_kinome_ppi
Q12986,prey,Isoform 3 is polyubiquitinated in the presence of HPV16 E6 protein; which leads to proteasomal degradation. Isoform 1 is not polyubiquitinated,2,mT-RIOK2,Q9BVS4,Q12986,dark_kinome_ppi
Q14980,prey,"Phosphorylation and dephosphorylation on Thr-2055 regulates the extent of cortical NUMA1 and the dynein-dynactin complex localization during mitotic metaphase and anaphase (PubMed:23921553). In metaphase, phosphorylation on Thr-2055 occurs in a kinase CDK1-dependent manner; this phosphorylation maintains low levels of cortical dynein-dynactin complex at metaphase, and hence proper spindle positioning (PubMed:23921553, PubMed:24371089, PubMed:7769006). In anaphase, dephosphorylated on Thr-2055 by phosphatase PPP2CA; this dephosphorylation stimulates its membrane association and with the dynein-dynactin complex its enrichment at the cell cortex, and hence robust spindle elongation (PubMed:23921553, PubMed:24371089). Probably also phosphorylated on Thr-2015 and Ser-2087 by CDK1; these phosphorylations may regulate its cell cortex recruitment during metaphase and anaphase (PubMed:23870127). Phosphorylated on Thr-1047, Ser-1769, Ser-1772, Ser-1789 and Ser-1834 by PLK1; these phosphorylations induce cortical dynein-dynactin complex dissociation from the NUMA1-GPSM2 complex and negatively regulates cortical dynein-dynactin complex localization (PubMed:22327364)",2,mT-CDKL4,Q5MAI5,Q14980,dark_kinome_ppi
Q14980,prey,ADP-ribosylated by TNKS at the onset of mitosis; ADP-ribosylation is not required for its localization to spindle poles (PubMed:16076287),2,mT-CDKL4,Q5MAI5,Q14980,dark_kinome_ppi
Q14980,prey,"O-glycosylated during cytokinesis at sites identical or close to phosphorylation sites, this interferes with the phosphorylation status (PubMed:20068230)",2,mT-CDKL4,Q5MAI5,Q14980,dark_kinome_ppi
Q14980,prey,"Ubiquitinated with 'Lys-63'-linked polyubiquitin chains. Deubiquitination by the BRISC complex is important for the incorporation of NUMA1 into mitotic spindle poles and normal spindle pole function, probably by modulating interactions between NUMA1, dynein-dynactin complex and importin-beta",2,mT-CDKL4,Q5MAI5,Q14980,dark_kinome_ppi
Q86UZ6,prey,Sumoylated. Desumoylation by DESI1 reverses transcriptional repression activity,2,TLK2-mT,Q86UE8,Q86UZ6,dark_kinome_ppi
O95714,prey,Phosphorylation at Thr-4827 is required for interaction with RNF8,2,mT-RIOK2,Q9BVS4,O95714,dark_kinome_ppi
O95714,prey,"Sumoylated with SUMO1 by PIAS4 in response to double-strand breaks (DSBs), promoting the interaction with RNF8",2,mT-RIOK2,Q9BVS4,O95714,dark_kinome_ppi
Q93100,prey,Ser-701 is probably phosphorylated by PKA,2,mT-PHKG2,P15735,Q93100,dark_kinome_ppi
Q93100,prey,"Although the final Cys may be farnesylated, the terminal tripeptide is probably not removed, and the C-terminus is not methylated",2,mT-PHKG2,P15735,Q93100,dark_kinome_ppi
Q93100,prey,Ser-701 is probably phosphorylated by PKA,2,HIPK3-mT,Q9H422,Q93100,dark_kinome_ppi
Q93100,prey,"Although the final Cys may be farnesylated, the terminal tripeptide is probably not removed, and the C-terminus is not methylated",2,HIPK3-mT,Q9H422,Q93100,dark_kinome_ppi
Q8IY81,prey,Citrullinated by PADI4,2,mT-STK19,P49842,Q8IY81,dark_kinome_ppi
Q8IY81,prey,Citrullinated by PADI4,2,mT-CDKL1,Q00532,Q8IY81,dark_kinome_ppi
Q8IY81,prey,Citrullinated by PADI4,2,mT-CLK4,Q9HAZ1,Q8IY81,dark_kinome_ppi
Q16763,prey,"Autoubiquitinated by the APC/C complex during G1, leading to its degradation by the proteasome",2,mT-BRSK1,Q8TDC3,Q16763,dark_kinome_ppi
Q99758,prey,"N-glycosylated (PubMed:16959783, PubMed:24142515, PubMed:27177387). Localization at intracellular vesicles is accompanied by processing of oligosaccharide from high mannose type to complex type (PubMed:16959783, PubMed:27177387). N-linked glycosylation at Asn-124 and Asn-140 is required for stability and efficient anterograde trafficking and prevents from proteasomal degradation (PubMed:24142515)",2,PKMYT1-mT,Q99640,Q99758,dark_kinome_ppi
Q99758,prey,Proteolytically cleaved by CTSL and to a lower extent by CTSB within multivesicular bodies (MVB) and lamellar bodies (LB) leading to a mature form of 150 kDa,2,PKMYT1-mT,Q99640,Q99758,dark_kinome_ppi
Q8TDC3,bait,"Phosphorylated at Thr-189 by STK11/LKB1 in complex with STE20-related adapter-alpha (STRADA) pseudo kinase and CAB39. Not phosphorylated at Thr-189 by CaMKK2. In contrast, it is phosphorylated and activated by CaMKK1. May be inactivated via dephosphorylation of Thr-189 by PP2C",1,mT-BRSK2,Q8IWQ3,Q8TDC3,dark_kinome_ppi
Q8TDC3,bait,"Phosphorylated at Thr-189 by STK11/LKB1 in complex with STE20-related adapter-alpha (STRADA) pseudo kinase and CAB39. Not phosphorylated at Thr-189 by CaMKK2. In contrast, it is phosphorylated and activated by CaMKK1. May be inactivated via dephosphorylation of Thr-189 by PP2C",1,mT-BRSK1,Q8TDC3,Q9Y2K1,dark_kinome_ppi
Q8TDC3,bait,"Phosphorylated at Thr-189 by STK11/LKB1 in complex with STE20-related adapter-alpha (STRADA) pseudo kinase and CAB39. Not phosphorylated at Thr-189 by CaMKK2. In contrast, it is phosphorylated and activated by CaMKK1. May be inactivated via dephosphorylation of Thr-189 by PP2C",1,mT-BRSK1,Q8TDC3,Q13615,dark_kinome_ppi
Q8TDC3,bait,"Phosphorylated at Thr-189 by STK11/LKB1 in complex with STE20-related adapter-alpha (STRADA) pseudo kinase and CAB39. Not phosphorylated at Thr-189 by CaMKK2. In contrast, it is phosphorylated and activated by CaMKK1. May be inactivated via dephosphorylation of Thr-189 by PP2C",1,mT-BRSK1,Q8TDC3,Q8N1F8,dark_kinome_ppi
Q8TDC3,bait,"Phosphorylated at Thr-189 by STK11/LKB1 in complex with STE20-related adapter-alpha (STRADA) pseudo kinase and CAB39. Not phosphorylated at Thr-189 by CaMKK2. In contrast, it is phosphorylated and activated by CaMKK1. May be inactivated via dephosphorylation of Thr-189 by PP2C",1,mT-BRSK1,Q8TDC3,O94964,dark_kinome_ppi
Q8TDC3,bait,"Phosphorylated at Thr-189 by STK11/LKB1 in complex with STE20-related adapter-alpha (STRADA) pseudo kinase and CAB39. Not phosphorylated at Thr-189 by CaMKK2. In contrast, it is phosphorylated and activated by CaMKK1. May be inactivated via dephosphorylation of Thr-189 by PP2C",1,mT-BRSK1,Q8TDC3,Q9UPY3,dark_kinome_ppi
Q8TDC3,bait,"Phosphorylated at Thr-189 by STK11/LKB1 in complex with STE20-related adapter-alpha (STRADA) pseudo kinase and CAB39. Not phosphorylated at Thr-189 by CaMKK2. In contrast, it is phosphorylated and activated by CaMKK1. May be inactivated via dephosphorylation of Thr-189 by PP2C",1,mT-BRSK1,Q8TDC3,Q9Y5T5,dark_kinome_ppi
Q8TDC3,bait,"Phosphorylated at Thr-189 by STK11/LKB1 in complex with STE20-related adapter-alpha (STRADA) pseudo kinase and CAB39. Not phosphorylated at Thr-189 by CaMKK2. In contrast, it is phosphorylated and activated by CaMKK1. May be inactivated via dephosphorylation of Thr-189 by PP2C",1,mT-BRSK1,Q8TDC3,Q9H1I8,dark_kinome_ppi
Q8TDC3,bait,"Phosphorylated at Thr-189 by STK11/LKB1 in complex with STE20-related adapter-alpha (STRADA) pseudo kinase and CAB39. Not phosphorylated at Thr-189 by CaMKK2. In contrast, it is phosphorylated and activated by CaMKK1. May be inactivated via dephosphorylation of Thr-189 by PP2C",1,mT-BRSK1,Q8TDC3,Q15831,dark_kinome_ppi
Q8TDC3,bait,"Phosphorylated at Thr-189 by STK11/LKB1 in complex with STE20-related adapter-alpha (STRADA) pseudo kinase and CAB39. Not phosphorylated at Thr-189 by CaMKK2. In contrast, it is phosphorylated and activated by CaMKK1. May be inactivated via dephosphorylation of Thr-189 by PP2C",1,mT-BRSK1,Q8TDC3,Q14145,dark_kinome_ppi
Q8TDC3,bait,"Phosphorylated at Thr-189 by STK11/LKB1 in complex with STE20-related adapter-alpha (STRADA) pseudo kinase and CAB39. Not phosphorylated at Thr-189 by CaMKK2. In contrast, it is phosphorylated and activated by CaMKK1. May be inactivated via dephosphorylation of Thr-189 by PP2C",1,mT-BRSK1,Q8TDC3,Q92628,dark_kinome_ppi
Q8TDC3,bait,"Phosphorylated at Thr-189 by STK11/LKB1 in complex with STE20-related adapter-alpha (STRADA) pseudo kinase and CAB39. Not phosphorylated at Thr-189 by CaMKK2. In contrast, it is phosphorylated and activated by CaMKK1. May be inactivated via dephosphorylation of Thr-189 by PP2C",1,mT-BRSK1,Q8TDC3,P00813,dark_kinome_ppi
Q8TDC3,bait,"Phosphorylated at Thr-189 by STK11/LKB1 in complex with STE20-related adapter-alpha (STRADA) pseudo kinase and CAB39. Not phosphorylated at Thr-189 by CaMKK2. In contrast, it is phosphorylated and activated by CaMKK1. May be inactivated via dephosphorylation of Thr-189 by PP2C",1,mT-BRSK1,Q8TDC3,Q9NZL4,dark_kinome_ppi
Q8TDC3,bait,"Phosphorylated at Thr-189 by STK11/LKB1 in complex with STE20-related adapter-alpha (STRADA) pseudo kinase and CAB39. Not phosphorylated at Thr-189 by CaMKK2. In contrast, it is phosphorylated and activated by CaMKK1. May be inactivated via dephosphorylation of Thr-189 by PP2C",1,mT-BRSK1,Q8TDC3,Q96II8,dark_kinome_ppi
Q8TDC3,bait,"Phosphorylated at Thr-189 by STK11/LKB1 in complex with STE20-related adapter-alpha (STRADA) pseudo kinase and CAB39. Not phosphorylated at Thr-189 by CaMKK2. In contrast, it is phosphorylated and activated by CaMKK1. May be inactivated via dephosphorylation of Thr-189 by PP2C",1,mT-BRSK1,Q8TDC3,Q0PNE2,dark_kinome_ppi
Q8TDC3,bait,"Phosphorylated at Thr-189 by STK11/LKB1 in complex with STE20-related adapter-alpha (STRADA) pseudo kinase and CAB39. Not phosphorylated at Thr-189 by CaMKK2. In contrast, it is phosphorylated and activated by CaMKK1. May be inactivated via dephosphorylation of Thr-189 by PP2C",1,mT-BRSK1,Q8TDC3,O75127,dark_kinome_ppi
Q8TDC3,bait,"Phosphorylated at Thr-189 by STK11/LKB1 in complex with STE20-related adapter-alpha (STRADA) pseudo kinase and CAB39. Not phosphorylated at Thr-189 by CaMKK2. In contrast, it is phosphorylated and activated by CaMKK1. May be inactivated via dephosphorylation of Thr-189 by PP2C",1,mT-BRSK1,Q8TDC3,O15084,dark_kinome_ppi
Q8TDC3,bait,"Phosphorylated at Thr-189 by STK11/LKB1 in complex with STE20-related adapter-alpha (STRADA) pseudo kinase and CAB39. Not phosphorylated at Thr-189 by CaMKK2. In contrast, it is phosphorylated and activated by CaMKK1. May be inactivated via dephosphorylation of Thr-189 by PP2C",1,mT-BRSK1,Q8TDC3,O43847,dark_kinome_ppi
Q8TDC3,bait,"Phosphorylated at Thr-189 by STK11/LKB1 in complex with STE20-related adapter-alpha (STRADA) pseudo kinase and CAB39. Not phosphorylated at Thr-189 by CaMKK2. In contrast, it is phosphorylated and activated by CaMKK1. May be inactivated via dephosphorylation of Thr-189 by PP2C",1,mT-BRSK1,Q8TDC3,Q9UHD2,dark_kinome_ppi
Q8TDC3,bait,"Phosphorylated at Thr-189 by STK11/LKB1 in complex with STE20-related adapter-alpha (STRADA) pseudo kinase and CAB39. Not phosphorylated at Thr-189 by CaMKK2. In contrast, it is phosphorylated and activated by CaMKK1. May be inactivated via dephosphorylation of Thr-189 by PP2C",1,mT-BRSK1,Q8TDC3,Q96NW4,dark_kinome_ppi
Q8TDC3,bait,"Phosphorylated at Thr-189 by STK11/LKB1 in complex with STE20-related adapter-alpha (STRADA) pseudo kinase and CAB39. Not phosphorylated at Thr-189 by CaMKK2. In contrast, it is phosphorylated and activated by CaMKK1. May be inactivated via dephosphorylation of Thr-189 by PP2C",1,mT-BRSK1,Q8TDC3,Q14678,dark_kinome_ppi
Q8TDC3,bait,"Phosphorylated at Thr-189 by STK11/LKB1 in complex with STE20-related adapter-alpha (STRADA) pseudo kinase and CAB39. Not phosphorylated at Thr-189 by CaMKK2. In contrast, it is phosphorylated and activated by CaMKK1. May be inactivated via dephosphorylation of Thr-189 by PP2C",1,mT-BRSK1,Q8TDC3,P35219,dark_kinome_ppi
Q8TDC3,bait,"Phosphorylated at Thr-189 by STK11/LKB1 in complex with STE20-related adapter-alpha (STRADA) pseudo kinase and CAB39. Not phosphorylated at Thr-189 by CaMKK2. In contrast, it is phosphorylated and activated by CaMKK1. May be inactivated via dephosphorylation of Thr-189 by PP2C",1,mT-BRSK1,Q8TDC3,Q8N1G4,dark_kinome_ppi
Q8TDC3,bait,"Phosphorylated at Thr-189 by STK11/LKB1 in complex with STE20-related adapter-alpha (STRADA) pseudo kinase and CAB39. Not phosphorylated at Thr-189 by CaMKK2. In contrast, it is phosphorylated and activated by CaMKK1. May be inactivated via dephosphorylation of Thr-189 by PP2C",1,mT-BRSK1,Q8TDC3,P55769,dark_kinome_ppi
Q8TDC3,bait,"Phosphorylated at Thr-189 by STK11/LKB1 in complex with STE20-related adapter-alpha (STRADA) pseudo kinase and CAB39. Not phosphorylated at Thr-189 by CaMKK2. In contrast, it is phosphorylated and activated by CaMKK1. May be inactivated via dephosphorylation of Thr-189 by PP2C",1,mT-BRSK1,Q8TDC3,Q9BRJ7,dark_kinome_ppi
Q8TDC3,bait,"Phosphorylated at Thr-189 by STK11/LKB1 in complex with STE20-related adapter-alpha (STRADA) pseudo kinase and CAB39. Not phosphorylated at Thr-189 by CaMKK2. In contrast, it is phosphorylated and activated by CaMKK1. May be inactivated via dephosphorylation of Thr-189 by PP2C",1,mT-BRSK1,Q8TDC3,Q9NZT2,dark_kinome_ppi
Q8TDC3,bait,"Phosphorylated at Thr-189 by STK11/LKB1 in complex with STE20-related adapter-alpha (STRADA) pseudo kinase and CAB39. Not phosphorylated at Thr-189 by CaMKK2. In contrast, it is phosphorylated and activated by CaMKK1. May be inactivated via dephosphorylation of Thr-189 by PP2C",1,mT-BRSK1,Q8TDC3,Q4KWH8,dark_kinome_ppi
Q8TDC3,bait,"Phosphorylated at Thr-189 by STK11/LKB1 in complex with STE20-related adapter-alpha (STRADA) pseudo kinase and CAB39. Not phosphorylated at Thr-189 by CaMKK2. In contrast, it is phosphorylated and activated by CaMKK1. May be inactivated via dephosphorylation of Thr-189 by PP2C",1,mT-BRSK1,Q8TDC3,Q96SN8,dark_kinome_ppi
Q8TDC3,bait,"Phosphorylated at Thr-189 by STK11/LKB1 in complex with STE20-related adapter-alpha (STRADA) pseudo kinase and CAB39. Not phosphorylated at Thr-189 by CaMKK2. In contrast, it is phosphorylated and activated by CaMKK1. May be inactivated via dephosphorylation of Thr-189 by PP2C",1,mT-BRSK1,Q8TDC3,Q6P087,dark_kinome_ppi
Q8TDC3,bait,"Phosphorylated at Thr-189 by STK11/LKB1 in complex with STE20-related adapter-alpha (STRADA) pseudo kinase and CAB39. Not phosphorylated at Thr-189 by CaMKK2. In contrast, it is phosphorylated and activated by CaMKK1. May be inactivated via dephosphorylation of Thr-189 by PP2C",1,mT-BRSK1,Q8TDC3,Q9H7E9,dark_kinome_ppi
Q8TDC3,bait,"Phosphorylated at Thr-189 by STK11/LKB1 in complex with STE20-related adapter-alpha (STRADA) pseudo kinase and CAB39. Not phosphorylated at Thr-189 by CaMKK2. In contrast, it is phosphorylated and activated by CaMKK1. May be inactivated via dephosphorylation of Thr-189 by PP2C",1,mT-BRSK1,Q8TDC3,Q5VT25,dark_kinome_ppi
Q8TDC3,bait,"Phosphorylated at Thr-189 by STK11/LKB1 in complex with STE20-related adapter-alpha (STRADA) pseudo kinase and CAB39. Not phosphorylated at Thr-189 by CaMKK2. In contrast, it is phosphorylated and activated by CaMKK1. May be inactivated via dephosphorylation of Thr-189 by PP2C",1,mT-BRSK1,Q8TDC3,Q16763,dark_kinome_ppi
Q8TDC3,bait,"Phosphorylated at Thr-189 by STK11/LKB1 in complex with STE20-related adapter-alpha (STRADA) pseudo kinase and CAB39. Not phosphorylated at Thr-189 by CaMKK2. In contrast, it is phosphorylated and activated by CaMKK1. May be inactivated via dephosphorylation of Thr-189 by PP2C",1,mT-BRSK1,Q8TDC3,Q6DKJ4,dark_kinome_ppi
Q9BY12,prey,Phosphorylated in vitro by the CCNA2/CDK2 complex,2,mT-RIOK2,Q9BVS4,Q9BY12,dark_kinome_ppi
P30622,prey,"Phosphorylated. Phosphorylation induces conformational changes by increasing the affinity of the N-terminus for C-terminus, resulting in inhibition of its function thus decreasing its binding to microtubules and DCTN1. Exhibits a folded, autoinhibited conformation when phosphorylated and an open conformation when dephosphorylated with increased binding affinity to microtubules and DCTN1. Phosphorylation regulates its recruitment to tyrosinated microtubules and the recruitment of vesicular cargo to microtubules in neurons (By similarity). Phosphorylation by MTOR may positively regulate CLIP1 association with microtubules (PubMed:12231510)",2,mT-CAMKV,Q8NCB2,P30622,dark_kinome_ppi
P30622,prey,"Phosphorylated. Phosphorylation induces conformational changes by increasing the affinity of the N-terminus for C-terminus, resulting in inhibition of its function thus decreasing its binding to microtubules and DCTN1. Exhibits a folded, autoinhibited conformation when phosphorylated and an open conformation when dephosphorylated with increased binding affinity to microtubules and DCTN1. Phosphorylation regulates its recruitment to tyrosinated microtubules and the recruitment of vesicular cargo to microtubules in neurons (By similarity). Phosphorylation by MTOR may positively regulate CLIP1 association with microtubules (PubMed:12231510)",2,mT-RIOK2,Q9BVS4,P30622,dark_kinome_ppi
Q13615,prey,Phosphorylated by CDK1 during mitosis,2,mT-RIOK2,Q9BVS4,Q13615,dark_kinome_ppi
Q13615,prey,Phosphorylated by CDK1 during mitosis,2,mT-BRSK1,Q8TDC3,Q13615,dark_kinome_ppi
Q15375,prey,Phosphorylated,2,mT-PAK6,Q9NQU5,Q15375,dark_kinome_ppi
Q12913,prey,N- and O-glycosylated,2,mT-CDK16,Q00536,Q12913,dark_kinome_ppi
Q12913,prey,N-glycosylated,2,mT-CDK16,Q00536,Q12913,dark_kinome_ppi
Q12913,prey,N- and O-glycosylated,2,mT-CDK17,Q00537,Q12913,dark_kinome_ppi
Q12913,prey,N-glycosylated,2,mT-CDK17,Q00537,Q12913,dark_kinome_ppi
Q9H2K8,prey,Autophosphorylated (PubMed:10559204). Phosphorylation at Ser-324 by ATM following DNA damage is required for activation of the p38/MAPK14 stress-activated MAPK cascade (PubMed:17396146). Phosphorylated at Ser-324 and on Tyr residues during T cell activation (PubMed:30373850). Phosphorylated by LRRK2 (PubMed:20949042),2,mT-CSNK1G1,Q9HCP0,Q9H2K8,dark_kinome_ppi
P53355,prey,"Ubiquitinated by the BCR(KLHL20) E3 ubiquitin ligase complex, leading to its degradation by the proteasome",2,mT-MARK1,Q9P0L2,P53355,dark_kinome_ppi
P53355,prey,Removal of the C-terminal tail of isoform 2 (corresponding to amino acids 296-337 of isoform 2) by proteolytic cleavage stimulates maximally its membrane-blebbing function,2,mT-MARK1,Q9P0L2,P53355,dark_kinome_ppi
P53355,prey,"In response to mitogenic stimulation (PMA or EGF), phosphorylated at Ser-289; phosphorylation suppresses DAPK1 pro-apoptotic function. Autophosphorylation at Ser-308 inhibits its catalytic activity. Phosphorylation at Ser-734 by MAPK1 increases its catalytic activity and promotes cytoplasmic retention of MAPK1. Endoplasmic-stress can cause dephosphorylation at Ser-308",2,mT-MARK1,Q9P0L2,P53355,dark_kinome_ppi
Q9UJV9,prey,Acetylation at Lys-9 regulates the nuclear/cytoplasmic localization,2,mT-CLK3,P49761,Q9UJV9,dark_kinome_ppi
Q9UJV9,prey,Phosphorylated by BTK; phosphorylation induces binding to dsDNA and STING1,2,mT-CLK3,P49761,Q9UJV9,dark_kinome_ppi
Q9UJV9,prey,'Lys-48'-linked ubiquitinated and degraded by TRIM21 leading to negative regulation of the innate immune response to intracellular dsDNA,2,mT-CLK3,P49761,Q9UJV9,dark_kinome_ppi
Q00613,prey,"Phosphorylated (PubMed:10359787, PubMed:11583998, PubMed:26159920, PubMed:9499401). Phosphorylated in unstressed cells; this phosphorylation is constitutive and implicated in the repression of HSF1 transcriptional activity (PubMed:16278218, PubMed:8940068, PubMed:8946918, PubMed:9121459). Phosphorylated on Ser-121 by MAPKAPK2; this phosphorylation promotes interaction with HSP90 proteins and inhibits HSF1 homotrimerization, DNA-binding and transactivation activities (PubMed:16278218). Phosphorylation on Ser-303 by GSK3B/GSK3-beta and on Ser-307 by MAPK3 within the regulatory domain is involved in the repression of HSF1 transcriptional activity and occurs in a RAF1-dependent manner (PubMed:10747973, PubMed:12646186, PubMed:8940068, PubMed:8946918, PubMed:9121459, PubMed:9535852). Phosphorylation on Ser-303 and Ser-307 increases HSF1 nuclear export in a YWHAE- and XPO1/CRM1-dependent manner (PubMed:12917326). Phosphorylation on Ser-307 is a prerequisite for phosphorylation on Ser-303 (PubMed:8940068). According to PubMed:9535852, Ser-303 is not phosphorylated in unstressed cells. Phosphorylated on Ser-419 by PLK1; phosphorylation promotes nuclear translocation upon heat shock (PubMed:15661742). Hyperphosphorylated upon heat shock and during the attenuation and recovery phase period of the heat shock response (PubMed:11447121, PubMed:12659875, PubMed:24581496). Phosphorylated on Thr-142; this phosphorylation increases HSF1 transactivation activity upon heat shock (PubMed:12659875). Phosphorylation on Ser-230 by CAMK2A; this phosphorylation enhances HSF1 transactivation activity upon heat shock (PubMed:11447121). Phosphorylation on Ser-326 by MAPK12; this phosphorylation enhances HSF1 nuclear translocation, homotrimerization and transactivation activities upon heat shock (PubMed:15760475, PubMed:27354066). Phosphorylated on Ser-320 by PRKACA/PKA; this phosphorylation promotes nuclear localization and transcriptional activity upon heat shock (PubMed:21085490). Phosphorylated on Ser-363 by MAPK8; this phosphorylation occurs upon heat shock, induces HSF1 translocation into nuclear stress bodies and negatively regulates transactivation activity (PubMed:10747973). Neither basal nor stress-inducible phosphorylation on Ser-230, Ser-292, Ser-303, Ser-307, Ser-314, Ser-319, Ser-320, Thr-323, Ser-326, Ser-338, Ser-344, Ser-363, Thr-367, Ser-368 and Thr-369 within the regulatory domain is involved in the regulation of HSF1 subcellular localization or DNA-binding activity; however, it negatively regulates HSF1 transactivation activity (PubMed:25963659). Phosphorylated on Ser-216 by PLK1 in the early mitotic period; this phosphorylation regulates HSF1 localization to the spindle pole, the recruitment of the SCF(BTRC) ubiquitin ligase complex inducing HSF1 degradation, and hence mitotic progression (PubMed:18794143). Dephosphorylated on Ser-121, Ser-307, Ser-314, Thr-323 and Thr-367 by phosphatase PPP2CA in an IER5-dependent manner, leading to HSF1-mediated transactivation activity (PubMed:26754925)",2,mT-CDK19,Q9BWU1,Q00613,dark_kinome_ppi
Q00613,prey,"Sumoylated with SUMO1 and SUMO2 upon heat shock in a ERK2-dependent manner (PubMed:12646186, PubMed:12665592). Sumoylated by SUMO1 on Lys-298; sumoylation occurs upon heat shock and promotes its localization to nuclear stress bodies and DNA-binding activity (PubMed:11514557). Phosphorylation on Ser-303 and Ser-307 is probably a prerequisite for sumoylation (PubMed:12646186, PubMed:12665592)",2,mT-CDK19,Q9BWU1,Q00613,dark_kinome_ppi
Q00613,prey,"Acetylated on Lys-118; this acetylation is decreased in a IER5-dependent manner (PubMed:26754925). Acetylated on Lys-118, Lys-208 and Lys-298; these acetylations occur in a EP300-dependent manner (PubMed:24581496, PubMed:27189267). Acetylated on Lys-80; this acetylation inhibits DNA-binding activity upon heat shock (PubMed:19229036). Deacetylated on Lys-80 by SIRT1; this deacetylation increases DNA-binding activity (PubMed:19229036)",2,mT-CDK19,Q9BWU1,Q00613,dark_kinome_ppi
Q00613,prey,Ubiquitinated by SCF(BTRC) and degraded following stimulus-dependent phosphorylation at Ser-216 by PLK1 in mitosis (PubMed:18794143). Polyubiquitinated (PubMed:24581496). Undergoes proteasomal degradation upon heat shock and during the attenuation and recovery phase period of the heat shock response (PubMed:24581496),2,mT-CDK19,Q9BWU1,Q00613,dark_kinome_ppi
Q9UIQ6,prey,The pregnancy serum form is derived from the membrane-bound form by proteolytic processing,2,mT-CDK16,Q00536,Q9UIQ6,dark_kinome_ppi
Q9UIQ6,prey,N-glycosylated,2,mT-CDK16,Q00536,Q9UIQ6,dark_kinome_ppi
Q08999,prey,"During G0 and early G1 phase of the cell cycle, phosphorylated on Ser-639 and on 5 sites within the domain B. Phosphorylation on Ser-672 in G1 leads to its ubiquitin-dependent proteolysis",2,mT-DYRK1B,Q9Y463,Q08999,dark_kinome_ppi
Q96JH7,prey,Phosphorylated at Ser-1207 by ATM or ATR following induction of covalent DNA-protein cross-links (DPCs),2,mT-RIOK3,O14730,Q96JH7,dark_kinome_ppi
Q9UPX0,prey,N-glycosylated and sialylated. Not significantly O-glycosylated,2,mT-PAK6,Q9NQU5,Q9UPX0,dark_kinome_ppi
P23229,prey,"Isoforms containing segment A, but not segment B, are the major targets for PMA-induced phosphorylation. Phosphorylation occurs on 'Ser-1103' of isoform alpha-6X1X2A. Phosphorylation is not required for the induction of integrin alpha-6A/beta-1 high affinity but may reduce the affinity for ligand",2,mT-CDK16,Q00536,P23229,dark_kinome_ppi
P23229,prey,"Undergoes PLAU-mediated cleavage at residues Arg-634-635-Arg in a time-dependent manner to produce processed integrin alpha-6 (alpha6p) (PubMed:11359780, PubMed:15023541, PubMed:17303120). Production of alpha6p enhances prostate cancer cell invasion and migration (PubMed:17303120)",2,mT-CDK16,Q00536,P23229,dark_kinome_ppi
P23229,prey,Palmitoylation by DHHC3 enhances stability and cell surface expression,2,mT-CDK16,Q00536,P23229,dark_kinome_ppi
P23229,prey,"Isoforms containing segment A, but not segment B, are the major targets for PMA-induced phosphorylation. Phosphorylation occurs on 'Ser-1103' of isoform alpha-6X1X2A. Phosphorylation is not required for the induction of integrin alpha-6A/beta-1 high affinity but may reduce the affinity for ligand",2,mT-CAMKV,Q8NCB2,P23229,dark_kinome_ppi
P23229,prey,"Undergoes PLAU-mediated cleavage at residues Arg-634-635-Arg in a time-dependent manner to produce processed integrin alpha-6 (alpha6p) (PubMed:11359780, PubMed:15023541, PubMed:17303120). Production of alpha6p enhances prostate cancer cell invasion and migration (PubMed:17303120)",2,mT-CAMKV,Q8NCB2,P23229,dark_kinome_ppi
P23229,prey,Palmitoylation by DHHC3 enhances stability and cell surface expression,2,mT-CAMKV,Q8NCB2,P23229,dark_kinome_ppi
P23229,prey,"Isoforms containing segment A, but not segment B, are the major targets for PMA-induced phosphorylation. Phosphorylation occurs on 'Ser-1103' of isoform alpha-6X1X2A. Phosphorylation is not required for the induction of integrin alpha-6A/beta-1 high affinity but may reduce the affinity for ligand",2,mT-CDK17,Q00537,P23229,dark_kinome_ppi
P23229,prey,"Undergoes PLAU-mediated cleavage at residues Arg-634-635-Arg in a time-dependent manner to produce processed integrin alpha-6 (alpha6p) (PubMed:11359780, PubMed:15023541, PubMed:17303120). Production of alpha6p enhances prostate cancer cell invasion and migration (PubMed:17303120)",2,mT-CDK17,Q00537,P23229,dark_kinome_ppi
P23229,prey,Palmitoylation by DHHC3 enhances stability and cell surface expression,2,mT-CDK17,Q00537,P23229,dark_kinome_ppi
Q96R06,prey,Phosphorylated by AURKA,2,mT-CAMKK1,Q8N5S9,Q96R06,dark_kinome_ppi
Q13309,prey,"Phosphorylated on serine and threonine resudues in response to DNA damage, promoting 'Lys-63'-linked ubiquitination of NBN",2,mT-CDK19,Q9BWU1,Q13309,dark_kinome_ppi
Q13309,prey,"Ubiquitinated by the APC/C complex, leading to its degradation by the proteasome. Deubiquitinated by USP13",2,mT-CDK19,Q9BWU1,Q13309,dark_kinome_ppi
Q13309,prey,Acetylation at Lys-68 and Lys-71 increases stability through impairment of APC/C-mediated proteolysis and promotes cytoplasmic retention. Deacetylated by SIRT3,2,mT-CDK19,Q9BWU1,Q13309,dark_kinome_ppi
Q96SB8,prey,Phosphorylated,2,TLK2-mT,Q86UE8,Q96SB8,dark_kinome_ppi
Q96SB8,prey,Sumoylated by NSMCE2/MMS21,2,TLK2-mT,Q86UE8,Q96SB8,dark_kinome_ppi
Q96SB8,prey,Ubiquitinated,2,TLK2-mT,Q86UE8,Q96SB8,dark_kinome_ppi
Q96SB8,prey,(Microbial infection) SMC5-SMC6 complex is degraded by the activity of Hepatitis B X protein,2,TLK2-mT,Q86UE8,Q96SB8,dark_kinome_ppi
Q15906,prey,Phosphorylation is enhanced by ZNHIT1 and promotes the interaction of VPS72 with histone H2AZ1,2,mT-CDK19,Q9BWU1,Q15906,dark_kinome_ppi
Q5TC82,prey,"Proteolytically cleaved after Arg-510 and Arg-579 by MALT1 in activated CD4(+) T cells; cleavage at Arg-510 and Arg-579 is critical for promoting RC3H1 degradation in response to T-cell receptor (TCR) stimulation, and hence is necessary for prolonging the stability of a set of mRNAs controlling Th17 cell differentiation",2,mT-HIPK4,Q8NE63,Q5TC82,dark_kinome_ppi
Q14517,prey,Undergoes proteolytic cleavage. The extracellular domain is cleaved off and the cytoplasmic domain (about 400 AA) shuttles to the nucleus,2,mT-CSNK1G1,Q9HCP0,Q14517,dark_kinome_ppi
O95297,prey,Phosphorylated on tyrosine residues upon stimulation with pervanadate and concanavalin-A (ConA). Phosphorylation at Tyr-241 and Tyr-263 is required for interaction with PTPN11/SHP-2. Dephosphorylated by PTPN11/SHP-2 (in vitro),2,mT-CDK17,Q00537,O95297,dark_kinome_ppi
O95297,prey,N-glycosylated. N-glycosylation is required for concanavalin A binding (PubMed:30392906),2,mT-CDK17,Q00537,O95297,dark_kinome_ppi
Q6NZI2,prey,Phosphorylated. Present in active and inactive forms. Changes in phosphorylation pattern may alter activity. Phosphorylation at Tyr-156 is essential for its functionin the regulation of ribosomal transcriptional activity,2,mT-CSNK1G1,Q9HCP0,Q6NZI2,dark_kinome_ppi
Q6NZI2,prey,Five truncated forms are found in the caveolae. These are thought to be the result of proteolysis and may be phosphorylation-dependent,2,mT-CSNK1G1,Q9HCP0,Q6NZI2,dark_kinome_ppi
Q6NZI2,prey,Monoubiquitinated,2,mT-CSNK1G1,Q9HCP0,Q6NZI2,dark_kinome_ppi
Q6NZI2,prey,Phosphorylated. Present in active and inactive forms. Changes in phosphorylation pattern may alter activity. Phosphorylation at Tyr-156 is essential for its functionin the regulation of ribosomal transcriptional activity,2,mT-CSNK1G2,P78368,Q6NZI2,dark_kinome_ppi
Q6NZI2,prey,Five truncated forms are found in the caveolae. These are thought to be the result of proteolysis and may be phosphorylation-dependent,2,mT-CSNK1G2,P78368,Q6NZI2,dark_kinome_ppi
Q6NZI2,prey,Monoubiquitinated,2,mT-CSNK1G2,P78368,Q6NZI2,dark_kinome_ppi
P12270,prey,Phosphorylated. Phosphorylation occurs on serine and threonine residues (comprised in the C-terminal region) by MAPK1/ERK2 and stabilizes the interaction between these two proteins,2,mT-HIPK4,Q8NE63,P12270,dark_kinome_ppi
P12270,prey,Proteolytically degraded after poliovirus (PV) infection; degradation is restricted to its unfolded C-terminal tail domain whereas its coiled-coil domain containing NCP- and NUP153-binding domains withstand degradation,2,mT-HIPK4,Q8NE63,P12270,dark_kinome_ppi
Q15154,prey,"Ubiquitinated. Undergoes monoubiquitination catalyzed by the E3 ubiquitin-protein ligase MIB1 in proliferating cells, preventing cilia formation (PubMed:24121310). Monoubiquitination by MIB1 is inhibited in response to cellular stress, such as ultraviolet light (UV) radiation or heat shock, resulting in cilia formation initiation (PubMed:24121310)",2,mT-CDKL5,O76039,Q15154,dark_kinome_ppi
Q15154,prey,Variant Ser-159 is phosphorylated,2,mT-CDKL5,O76039,Q15154,dark_kinome_ppi
Q15154,prey,"Phosphorylated on multiple serine and threonine residues by DYRK3 during the G2-to-M transition, after the nuclear-envelope breakdown (PubMed:29973724). Phosphorylation by DYRK3 promotes disassembly of pericentriolar material (PubMed:29973724). Phosphorylation at Ser-372 mediated by PLK4 is required to maintain the integrity of centriolar satellites (PubMed:30804208)",2,mT-CDKL5,O76039,Q15154,dark_kinome_ppi
Q15154,prey,"Ubiquitinated. Undergoes monoubiquitination catalyzed by the E3 ubiquitin-protein ligase MIB1 in proliferating cells, preventing cilia formation (PubMed:24121310). Monoubiquitination by MIB1 is inhibited in response to cellular stress, such as ultraviolet light (UV) radiation or heat shock, resulting in cilia formation initiation (PubMed:24121310)",2,DYRK3-mT,O43781,Q15154,dark_kinome_ppi
Q15154,prey,Variant Ser-159 is phosphorylated,2,DYRK3-mT,O43781,Q15154,dark_kinome_ppi
Q15154,prey,"Phosphorylated on multiple serine and threonine residues by DYRK3 during the G2-to-M transition, after the nuclear-envelope breakdown (PubMed:29973724). Phosphorylation by DYRK3 promotes disassembly of pericentriolar material (PubMed:29973724). Phosphorylation at Ser-372 mediated by PLK4 is required to maintain the integrity of centriolar satellites (PubMed:30804208)",2,DYRK3-mT,O43781,Q15154,dark_kinome_ppi
P46776,prey,Hydroxylated on His-39 by MINA,2,STK17A-mT,Q9UEE5,P46776,dark_kinome_ppi
Q96NX5,bait,May be prenylated on Cys-473,1,mT-CAMK1G,Q96NX5,Q9P1W9,dark_kinome_ppi
Q96NX5,bait,May be prenylated on Cys-473,1,mT-CAMK1G,Q96NX5,Q92896,dark_kinome_ppi
Q96NX5,bait,May be prenylated on Cys-473,1,mT-CAMK1G,Q96NX5,O94898,dark_kinome_ppi
Q96NX5,bait,May be prenylated on Cys-473,1,mT-CAMK1G,Q96NX5,Q5TEU4,dark_kinome_ppi
Q96NX5,bait,May be prenylated on Cys-473,1,mT-CDK17,Q00537,Q96NX5,dark_kinome_ppi
Q96NX5,bait,May be prenylated on Cys-473,1,mT-CAMK1G,Q96NX5,Q96B96,dark_kinome_ppi
Q96NX5,bait,May be prenylated on Cys-473,1,mT-CAMK1G,Q96NX5,Q9BVS5,dark_kinome_ppi
Q96NX5,bait,May be prenylated on Cys-473,1,mT-CAMK1G,Q96NX5,Q8NAN2,dark_kinome_ppi
Q96NX5,bait,May be prenylated on Cys-473,1,mT-CAMK1G,Q96NX5,P46199,dark_kinome_ppi
Q96NX5,bait,May be prenylated on Cys-473,1,mT-CAMK1G,Q96NX5,P14927,dark_kinome_ppi
Q96NX5,bait,May be prenylated on Cys-473,1,mT-CAMK1G,Q96NX5,Q9H0R6,dark_kinome_ppi
Q96NX5,bait,May be prenylated on Cys-473,1,mT-CAMK1G,Q96NX5,Q8NC60,dark_kinome_ppi
Q96NX5,bait,May be prenylated on Cys-473,1,mT-CAMK1G,Q96NX5,Q9NRP4,dark_kinome_ppi
Q96NX5,bait,May be prenylated on Cys-473,1,mT-CAMK1G,Q96NX5,Q5XG99,dark_kinome_ppi
Q96NX5,bait,May be prenylated on Cys-473,1,mT-CAMK1G,Q96NX5,P23786,dark_kinome_ppi
Q96NX5,bait,May be prenylated on Cys-473,1,mT-CAMK1G,Q96NX5,Q6IPR1,dark_kinome_ppi
Q96NX5,bait,May be prenylated on Cys-473,1,mT-CAMK1G,Q96NX5,Q9Y276,dark_kinome_ppi
Q96NX5,bait,May be prenylated on Cys-473,1,mT-CAMK1G,Q96NX5,Q9Y3P4,dark_kinome_ppi
Q96NX5,bait,May be prenylated on Cys-473,1,mT-CAMK1G,Q96NX5,Q5ST30,dark_kinome_ppi
Q96NX5,bait,May be prenylated on Cys-473,1,mT-CAMK1G,Q96NX5,Q9NYM9,dark_kinome_ppi
Q96NX5,bait,May be prenylated on Cys-473,1,mT-CAMK1G,Q96NX5,P18850,dark_kinome_ppi
Q96NX5,bait,May be prenylated on Cys-473,1,mT-CAMK1G,Q96NX5,Q8N5M1,dark_kinome_ppi
Q96NX5,bait,May be prenylated on Cys-473,1,mT-CAMK1G,Q96NX5,P82650,dark_kinome_ppi
Q96NX5,bait,May be prenylated on Cys-473,1,mT-CAMK1G,Q96NX5,Q8IYB8,dark_kinome_ppi
Q96NX5,bait,May be prenylated on Cys-473,1,mT-CAMK1G,Q96NX5,Q6PML9,dark_kinome_ppi
Q96NX5,bait,May be prenylated on Cys-473,1,mT-CAMK1G,Q96NX5,P21912,dark_kinome_ppi
Q96NX5,bait,May be prenylated on Cys-473,1,mT-CAMK1G,Q96NX5,Q96EY8,dark_kinome_ppi
Q96NX5,bait,May be prenylated on Cys-473,1,mT-CAMK1G,Q96NX5,Q92968,dark_kinome_ppi
Q96NX5,bait,May be prenylated on Cys-473,1,mT-CAMK1G,Q96NX5,Q9NRK6,dark_kinome_ppi
P35573,prey,The N-terminus is blocked,2,mT-PHKG2,P15735,P35573,dark_kinome_ppi
P35573,prey,Ubiquitinated,2,mT-PHKG2,P15735,P35573,dark_kinome_ppi
P35573,prey,The N-terminus is blocked,2,PHKG1-mT,Q16816,P35573,dark_kinome_ppi
P35573,prey,Ubiquitinated,2,PHKG1-mT,Q16816,P35573,dark_kinome_ppi
Q07065,prey,Reversibly palmitoylated. Palmitoylation at Cys-100 by ZDHHC2 is required for its trafficking from the ER to the plasma membrane and for its perinuclear localization. Palmitoylation by ZDHHC2 is also required for its function in APF-mediated antiproliferative signaling (PubMed:19144824),2,mT-VRK2,Q86Y07,Q07065,dark_kinome_ppi
Q07065,prey,Increased phosphorylation during mitosis prevents binding to microtubules,2,mT-VRK2,Q86Y07,Q07065,dark_kinome_ppi
Q8TEP8,prey,Hydroxylation by PHD1/EGLN2 at Pro-2313 promotes ubiquitination,2,mT-CDKL5,O76039,Q8TEP8,dark_kinome_ppi
Q8TEP8,prey,Ubiquitinated by a SCF(SKP2) complex following proline hydroxylation,2,mT-CDKL5,O76039,Q8TEP8,dark_kinome_ppi
Q8TEP8,prey,"Ubiquitinated in a FBXL13-dependent manner, leading to proteasomal degradation",2,mT-CDKL5,O76039,Q8TEP8,dark_kinome_ppi
Q96J84,prey,"Phosphorylation probably regulates the interaction with NSH2. Phosphorylated at Tyr-605 and Tyr-606 by FYN, leading to GRB2 binding (By similarity)",2,mT-PAK6,Q9NQU5,Q96J84,dark_kinome_ppi
Q96J84,prey,N-glycosylated,2,mT-PAK6,Q9NQU5,Q96J84,dark_kinome_ppi
Q96J84,prey,"Phosphorylation probably regulates the interaction with NSH2. Phosphorylated at Tyr-605 and Tyr-606 by FYN, leading to GRB2 binding (By similarity)",2,mT-PIP5K1A,Q99755,Q96J84,dark_kinome_ppi
Q96J84,prey,N-glycosylated,2,mT-PIP5K1A,Q99755,Q96J84,dark_kinome_ppi
P21127,prey,"During FAS- or TNF-induced apoptosis, isoform SV9 is cleaved by caspases to produce p110C, a fragment that contains the C-terminal kinase domain",2,mT-PRPF4B,Q13523,P21127,dark_kinome_ppi
P21127,prey,Phosphorylation at Ser-115 creates a binding site for 14-3-3 proteins. p110C can be autophosphorylated,2,mT-PRPF4B,Q13523,P21127,dark_kinome_ppi
P19838,prey,"Generation of the NF-kappa-B p50 (Nuclear factor NF-kappa-B p50 subunit) transcription factor takes place both cotranslationally and post-translationally via non-mutually exclusive mechanisms (PubMed:10970863, PubMed:25860612, PubMed:8628291, PubMed:9529257). A cotranslational processing allows the production of both p50 and p105 (Nuclear factor NF-kappa-B p105 subunit) from a single NFKB1 mRNA (PubMed:10970863, PubMed:8628291, PubMed:9529257). While translation occurs, the particular unfolded structure after the GRR repeat region acts as a substrate for the proteasome, promoting degradation of the C-terminus (PubMed:10970863, PubMed:9529257). The GRR acts as a proteasomal 'stop signal', protecting the region upstream of the GRR from degradation and promoting generation of p50 (PubMed:10970863, PubMed:9529257). It is unclear if limited proteasome degradation during cotranslational processing depends on ubiquitination (PubMed:10970863, PubMed:9529257). NF-kappa-B p50 is also generated post-translationally following ubiquitination by the KPC complex, leading to limited processing by the proteasome downstream of the GRR region, thereby generating p50 (PubMed:25860612)",2,PHKG1-mT,Q16816,P19838,dark_kinome_ppi
P19838,prey,"Phosphorylation at the C-terminus by IKBKB/IKKB acts as a signal for ubiquitination and promotes either complete degradation or processing to generate the NF-kappa-B p50 (Nuclear factor NF-kappa-B p50 subunit) (PubMed:10835356, PubMed:11158290, PubMed:11297557, PubMed:12482991, PubMed:14673179, PubMed:25860612, PubMed:8626394). Phosphorylation at Ser-903 and Ser-907 primes p105 for proteolytic processing in response to TNF stimulation (PubMed:12871932). Phosphorylation at Ser-923, Ser-927 and Ser-932 are required for BTRC/BTRCP-mediated ubiquitination and proteolysis (PubMed:10835356, PubMed:11158290, PubMed:11297557, PubMed:12482991, PubMed:14673179). Phosphorylation at Ser-927 is also required for ubiquitination by the KPC complex and limited processing to generate NF-kappa-B p50 (Nuclear factor NF-kappa-B p50 subunit) (PubMed:25860612)",2,PHKG1-mT,Q16816,P19838,dark_kinome_ppi
P19838,prey,"Polyubiquitinated at multiple Lys residues in the C-terminus (PubMed:11158290, PubMed:14673179, PubMed:25860612). Polyubiquitinated by the SCF(FBXW11) and SCF(BTRC) complexes following phosphorylation at Ser-923, Ser-927 and Ser-932, leading to its complete degradation (PubMed:11158290). In contrast, polyubiquitination by the KPC complex following phosphorylation at Ser-927 leads to limited proteosomal processing and generation of the active NF-kappa-B p50 (Nuclear factor NF-kappa-B p50 subunit) (PubMed:25860612)",2,PHKG1-mT,Q16816,P19838,dark_kinome_ppi
P19838,prey,S-nitrosylation of Cys-61 affects DNA binding,2,PHKG1-mT,Q16816,P19838,dark_kinome_ppi
P19838,prey,"The covalent modification of cysteine by 15-deoxy-Delta12,14-prostaglandin-J2 is autocatalytic and reversible. It may occur as an alternative to other cysteine modifications, such as S-nitrosylation and S-palmitoylation",2,PHKG1-mT,Q16816,P19838,dark_kinome_ppi
Q13425,prey,Phosphorylated. Partially dephosphorylated upon insulin stimulation,2,mT-BRSK2,Q8IWQ3,Q13425,dark_kinome_ppi
Q9P1W9,prey,Autophosphorylated,2,mT-CAMK1G,Q96NX5,Q9P1W9,dark_kinome_ppi
Q14207,prey,"Phosphorylated at Ser-775, Ser-779, Ser-1100, Thr-1270 and Thr-1350 by CCNE1/CDK2 at G1-S transition and until prophase, which promotes association with histone gene clusters and stimulates activation of histone transcription. Also phosphorylated by CCNA1/CDK2 in vitro",2,mT-CDK14,O94921,Q14207,dark_kinome_ppi
A6ND36,prey,Phosphorylated in vitro by CSNK1A1,2,mT-CSNK1A1L,Q8N752,A6ND36,dark_kinome_ppi
A6ND36,prey,"BMP signaling induces the phosphorylation by BMPR1A at Ser-610, Ser-614 and Ser-616. Phosphorylation at Ser-610 is necessary for the activation of SMAD4-independent BMP target genes such as NEDD9 and ASNS",2,mT-CSNK1A1L,Q8N752,A6ND36,dark_kinome_ppi
P51153,prey,"(Microbial infection) Stearoylated By S.flexneri N-epsilon-fatty acyltransferase IcsB, thereby disrupting the host actin cytoskeleton",2,mT-BRSK2,Q8IWQ3,P51153,dark_kinome_ppi
P51153,prey,Ubiquitinated via 'Lys-11'-linked ubiquitination on Lys-46 and Lys-58; impairing the recruitment of guanosine diphosphate (GDP) dissociation inhibitor 1/GDI1,2,mT-BRSK2,Q8IWQ3,P51153,dark_kinome_ppi
Q8N4C6,prey,Phosphorylated by AURKA/Aurora kinase A and PKA kinases but not CK2 or AURKB/ Aurora kinase B,2,mT-CDK17,Q00537,Q8N4C6,dark_kinome_ppi
O95905,prey,Phosphorylated predominantly by CK2 on two serine-containing clusters; involved in cell cycle regulation activity,2,mT-RIOK2,Q9BVS4,O95905,dark_kinome_ppi
O95905,prey,Phosphorylated predominantly by CK2 on two serine-containing clusters; involved in cell cycle regulation activity,2,mT-CAMKV,Q8NCB2,O95905,dark_kinome_ppi
Q1MSJ5,prey,Phosphorylated. Phosphorylation increases in colcemide-treated cells,2,mT-DYRK2,Q92630,Q1MSJ5,dark_kinome_ppi
Q9Y2K6,prey,Ubiquitinated via a VHL-dependent pathway for proteasomal degradation,2,PKMYT1-mT,Q99640,Q9Y2K6,dark_kinome_ppi
Q9Y6D5,prey,In vitro phosphorylated by PKA reducing its GEF activity and dephosphorylated by phosphatase PP1,2,mT-CSNK1A1L,Q8N752,Q9Y6D5,dark_kinome_ppi
Q96PU8,prey,Methylated by PRMT1,2,mT-CDK15,Q96Q40,Q96PU8,dark_kinome_ppi
Q96PU8,prey,"Tyrosine phosphorylated at its C-terminus, probably by FYN. Phosphorylation leads to decreased mRNA-binding affinity, affecting transport and/or stabilization of MBP mRNA (By similarity)",2,mT-CDK15,Q96Q40,Q96PU8,dark_kinome_ppi
Q96PU8,prey,"Ubiquitinated by RNF6 in macrophages, leading to its degradation",2,mT-CDK15,Q96Q40,Q96PU8,dark_kinome_ppi
Q13884,prey,Phosphorylated by CaM-kinase II,2,mT-CSNK1G1,Q9HCP0,Q13884,dark_kinome_ppi
Q13884,prey,Phosphorylated by CaM-kinase II,2,mT-CSNK1G2,P78368,Q13884,dark_kinome_ppi
Q14573,prey,Phosphorylated by AKT1 on serine and/or threonine residues (By similarity),2,PKMYT1-mT,Q99640,Q14573,dark_kinome_ppi
P25054,prey,Phosphorylated; phosphorylation enhances the F-actin bundling activity (PubMed:17293347). Phosphorylated by GSK3B,2,mT-DYRK2,Q92630,P25054,dark_kinome_ppi
P25054,prey,"Ubiquitinated, leading to its degradation by the proteasome. Ubiquitination is facilitated by Axin. Deubiquitinated by ZRANB1/TRABID",2,mT-DYRK2,Q92630,P25054,dark_kinome_ppi
P25054,prey,Phosphorylated; phosphorylation enhances the F-actin bundling activity (PubMed:17293347). Phosphorylated by GSK3B,2,mT-CDKL5,O76039,P25054,dark_kinome_ppi
P25054,prey,"Ubiquitinated, leading to its degradation by the proteasome. Ubiquitination is facilitated by Axin. Deubiquitinated by ZRANB1/TRABID",2,mT-CDKL5,O76039,P25054,dark_kinome_ppi
Q9UHD2,prey,"Autophosphorylation at Ser-172 activates the kinase, and is an essential step for virus-triggered signaling. Phosphorylated by IKBKB/IKKB at Ser-172. Phosphorylation requires homodimerization and ubiquitination at Lys-30 and Lys-401. Dephosphorylated at Ser-172 by PPM1B and this negatively regulates its role in mediating antiviral response",2,mT-BRSK2,Q8IWQ3,Q9UHD2,dark_kinome_ppi
Q9UHD2,prey,"'Lys-63'-linked polyubiquitination by MIB1 after RNA virus infection, or by NRDP1 after LPS stimulation at Lys-30 and Lys-401, participates in kinase activation. 'Lys-48'-linked polyubiquitination at Lys-670 by DTX4 leads to proteasomal degradation. 'Lys-48'-linked polyubiquitination by TRAIP also leads to proteasomal degradation. 'Lys-48'-linked polyubiquitination by TRAF7; leading to proteasomal degradation (PubMed:37086853). 'Lys-63'-linked polyubiquitination by RNF128 at Lys-30 and Lys-401 leads to the activation of antiviral responses. 'Lys-48'-linked polyubiquitination after 'lys-33'-linked deubiquitination by USP38 promotes TBK1 degradation (PubMed:27692986)",2,mT-BRSK2,Q8IWQ3,Q9UHD2,dark_kinome_ppi
Q9UHD2,prey,(Microbial infection) Interaction with SARS-CoV-2 M protein induces 'Lys-48'-linked ubiquitination which leads to proteasomal degradation,2,mT-BRSK2,Q8IWQ3,Q9UHD2,dark_kinome_ppi
Q9UHD2,prey,(Microbial infection) Deubiquitinated by Epstein-Barr virus BPLF1 on both 'Lys-48' and 'Lys-63'-linked ubiquitin chains; leading to inhibition of type I interfewron production,2,mT-BRSK2,Q8IWQ3,Q9UHD2,dark_kinome_ppi
Q9UHD2,prey,Monomethylation at Lys-607 by SETD4 maximizes TBK1 activation and promotes efficient interferon signaling,2,mT-BRSK2,Q8IWQ3,Q9UHD2,dark_kinome_ppi
Q9UHD2,prey,"Autophosphorylation at Ser-172 activates the kinase, and is an essential step for virus-triggered signaling. Phosphorylated by IKBKB/IKKB at Ser-172. Phosphorylation requires homodimerization and ubiquitination at Lys-30 and Lys-401. Dephosphorylated at Ser-172 by PPM1B and this negatively regulates its role in mediating antiviral response",2,mT-BRSK1,Q8TDC3,Q9UHD2,dark_kinome_ppi
Q9UHD2,prey,"'Lys-63'-linked polyubiquitination by MIB1 after RNA virus infection, or by NRDP1 after LPS stimulation at Lys-30 and Lys-401, participates in kinase activation. 'Lys-48'-linked polyubiquitination at Lys-670 by DTX4 leads to proteasomal degradation. 'Lys-48'-linked polyubiquitination by TRAIP also leads to proteasomal degradation. 'Lys-48'-linked polyubiquitination by TRAF7; leading to proteasomal degradation (PubMed:37086853). 'Lys-63'-linked polyubiquitination by RNF128 at Lys-30 and Lys-401 leads to the activation of antiviral responses. 'Lys-48'-linked polyubiquitination after 'lys-33'-linked deubiquitination by USP38 promotes TBK1 degradation (PubMed:27692986)",2,mT-BRSK1,Q8TDC3,Q9UHD2,dark_kinome_ppi
Q9UHD2,prey,(Microbial infection) Interaction with SARS-CoV-2 M protein induces 'Lys-48'-linked ubiquitination which leads to proteasomal degradation,2,mT-BRSK1,Q8TDC3,Q9UHD2,dark_kinome_ppi
Q9UHD2,prey,(Microbial infection) Deubiquitinated by Epstein-Barr virus BPLF1 on both 'Lys-48' and 'Lys-63'-linked ubiquitin chains; leading to inhibition of type I interfewron production,2,mT-BRSK1,Q8TDC3,Q9UHD2,dark_kinome_ppi
Q9UHD2,prey,Monomethylation at Lys-607 by SETD4 maximizes TBK1 activation and promotes efficient interferon signaling,2,mT-BRSK1,Q8TDC3,Q9UHD2,dark_kinome_ppi
Q9BUQ8,prey,In vitro phosphorylated by CLK1 and U1 snRNP-associated protein kinase (PubMed:9409622). Phosphorylated by SRPK2 and this phosphorylation is required for its association with the tri-snRNP (U4/U6-U5 tri-small nuclear ribonucleoproteins) and subsequent spliceosomal B complex formation (PubMed:18425142). May be phosphorylated by SRPK2 on Ser residues in the SR domain; the phosphorylation is required for the removal of inappropriate R-loops during transcription (PubMed:28076779),2,mT-PRPF4B,Q13523,Q9BUQ8,dark_kinome_ppi
Q9BUQ8,prey,In vitro phosphorylated by CLK1 and U1 snRNP-associated protein kinase (PubMed:9409622). Phosphorylated by SRPK2 and this phosphorylation is required for its association with the tri-snRNP (U4/U6-U5 tri-small nuclear ribonucleoproteins) and subsequent spliceosomal B complex formation (PubMed:18425142). May be phosphorylated by SRPK2 on Ser residues in the SR domain; the phosphorylation is required for the removal of inappropriate R-loops during transcription (PubMed:28076779),2,mT-CLK3,P49761,Q9BUQ8,dark_kinome_ppi
Q13233,prey,Autophosphorylated,2,mT-DYRK1B,Q9Y463,Q13233,dark_kinome_ppi
Q9H2G9,prey,"ADP-ribosylated by tankyrase TNKS and TNKS2. Poly-ADP-ribosylated protein is recognized by RNF146, followed by ubiquitination",2,PKMYT1-mT,Q99640,Q9H2G9,dark_kinome_ppi
Q9H2G9,prey,"Ubiquitinated by RNF146 when poly-ADP-ribosylated, leading to its degradation",2,PKMYT1-mT,Q99640,Q9H2G9,dark_kinome_ppi
Q16543,prey,Constitutively sumoylated by UBE2I,2,mT-CDKL2,Q92772,Q16543,dark_kinome_ppi
P28290,prey,A 33 kDa peptide corresponding to the C-terminus of this protein is found in the testis and seems to be cleaved into 2 peptides of 14 kDa and 18 kDa found on the surface of mature sperm cells. This sperm surface antigen may be involved in some step of early cleavage of the fertilized oocyte,2,mT-CSNK1A1L,Q8N752,P28290,dark_kinome_ppi
P08708,prey,Ubiquitinated at Lys-103 by RNF14 and RNF25 in response to ribosome collisions (ribosome stalling),2,mT-LMTK2,Q8IWU2,P08708,dark_kinome_ppi
Q15223,prey,"(Microbial infection) Ubiquitinated by CBL following infection by herpes simplex virus 1/HHV-1 and association with HHV-1 envelope glycoprotein D, leading to its removal from cell surface",2,mT-PAK6,Q9NQU5,Q15223,dark_kinome_ppi
P13056,prey,"Sumoylation requires both PIAS1 and UBE2I. Sumoylation appears to dissociate NR2C1 from the PML nuclear bodies. Enhances the interaction with NRIP1 but inhibits interaction with KAT2B. In proliferating cells, stimulation by all-trans retinoic acid, activation of MAPK1-mediated phosphorylation and recruitment to PML bodies with subsequent sumoylation, suppresses OCT4 expression (By similarity)",2,mT-CDK19,Q9BWU1,P13056,dark_kinome_ppi
P13056,prey,"Phosphorylated on several serine and threonine residues. Phosphorylation on Thr-222, stimulated by all-trans retinoic acid (atRA) mediates PML location and sumoylation in proliferating cells which then modulates its association with effector molecules, KAT2B and NRIP1. Phosphorylation on Ser-581 by PKC is important for protein stability and function as activator of RARB (By similarity)",2,mT-CDK19,Q9BWU1,P13056,dark_kinome_ppi
O60331,prey,Phosphorylation on Ser-650 negatively regulates binding to TLN2 and is strongly stimulated in mitosis. Phosphorylation on Tyr-649 is necessary for targeting to focal adhesions. Phosphorylation on Ser-650 and Tyr-649 are mutually exclusive. Phosphorylated by SYK and CSK (By similarity). Tyrosine phosphorylation is enhanced by PTK2 signaling. Phosphorylated at Tyr-639 upon EGF stimulation. Some studies suggest that phosphorylation on Tyr-649 enhances binding to tailins (TLN1 and TLN2). According to PubMed:15738269 phosphorylation at Tyr-649 does not directly enhance binding to tailins (TLN1 and TLN2) but may act indirectly by inhibiting phosphorylation at Ser-650,2,mT-PIP5K1A,Q99755,O60331,dark_kinome_ppi
O60331,prey,Acetylation at Lys-265 and Lys-268 seems to decrease lipid 1-phosphatidylinositol-4-phosphate 5-kinase activity. Deacetylation of these sites by SIRT1 positively regulates the exocytosis of TSH-containing granules from pituitary cells,2,mT-PIP5K1A,Q99755,O60331,dark_kinome_ppi
Q9NQU5,bait,"Autophosphorylated. Phosphorylated by MAP2K6//MAPKK6, leading to PAK6 activation",1,mT-PAK6,Q9NQU5,Q9UPX0,dark_kinome_ppi
Q9NQU5,bait,"Autophosphorylated. Phosphorylated by MAP2K6//MAPKK6, leading to PAK6 activation",1,mT-PAK6,Q9NQU5,Q9P219,dark_kinome_ppi
Q9NQU5,bait,"Autophosphorylated. Phosphorylated by MAP2K6//MAPKK6, leading to PAK6 activation",1,mT-PAK6,Q9NQU5,O15049,dark_kinome_ppi
Q9NQU5,bait,"Autophosphorylated. Phosphorylated by MAP2K6//MAPKK6, leading to PAK6 activation",1,mT-PAK6,Q9NQU5,Q15223,dark_kinome_ppi
Q9NQU5,bait,"Autophosphorylated. Phosphorylated by MAP2K6//MAPKK6, leading to PAK6 activation",1,mT-PAK6,Q9NQU5,Q15375,dark_kinome_ppi
Q9NQU5,bait,"Autophosphorylated. Phosphorylated by MAP2K6//MAPKK6, leading to PAK6 activation",1,mT-PAK6,Q9NQU5,P29320,dark_kinome_ppi
Q9NQU5,bait,"Autophosphorylated. Phosphorylated by MAP2K6//MAPKK6, leading to PAK6 activation",1,mT-PAK6,Q9NQU5,Q7Z5N4,dark_kinome_ppi
Q9NQU5,bait,"Autophosphorylated. Phosphorylated by MAP2K6//MAPKK6, leading to PAK6 activation",1,mT-PAK6,Q9NQU5,Q96J84,dark_kinome_ppi
Q9NQU5,bait,"Autophosphorylated. Phosphorylated by MAP2K6//MAPKK6, leading to PAK6 activation",1,mT-PAK6,Q9NQU5,O75054,dark_kinome_ppi
P27448,bait,Phosphorylated at Thr-211 by STK11/LKB1 in complex with STE20-related adapter-alpha (STRADA) pseudo kinase and CAB39 (PubMed:14976552). Phosphorylation at Thr-564 by PRKCZ/aPKC inhibits the kinase activity (PubMed:15084291),1,mT-MARK3,P27448,Q7Z5H3,dark_kinome_ppi
P27448,bait,Phosphorylated at Thr-211 by STK11/LKB1 in complex with STE20-related adapter-alpha (STRADA) pseudo kinase and CAB39 (PubMed:14976552). Phosphorylation at Thr-564 by PRKCZ/aPKC inhibits the kinase activity (PubMed:15084291),1,mT-MARK3,P27448,Q96NE9,dark_kinome_ppi
P27448,bait,Phosphorylated at Thr-211 by STK11/LKB1 in complex with STE20-related adapter-alpha (STRADA) pseudo kinase and CAB39 (PubMed:14976552). Phosphorylation at Thr-564 by PRKCZ/aPKC inhibits the kinase activity (PubMed:15084291),1,mT-MARK3,P27448,Q8TDM6,dark_kinome_ppi
P27448,bait,Phosphorylated at Thr-211 by STK11/LKB1 in complex with STE20-related adapter-alpha (STRADA) pseudo kinase and CAB39 (PubMed:14976552). Phosphorylation at Thr-564 by PRKCZ/aPKC inhibits the kinase activity (PubMed:15084291),1,mT-MARK3,P27448,Q86X29,dark_kinome_ppi
P27448,bait,Phosphorylated at Thr-211 by STK11/LKB1 in complex with STE20-related adapter-alpha (STRADA) pseudo kinase and CAB39 (PubMed:14976552). Phosphorylation at Thr-564 by PRKCZ/aPKC inhibits the kinase activity (PubMed:15084291),1,mT-MARK3,P27448,Q9ULC8,dark_kinome_ppi
P27448,bait,Phosphorylated at Thr-211 by STK11/LKB1 in complex with STE20-related adapter-alpha (STRADA) pseudo kinase and CAB39 (PubMed:14976552). Phosphorylation at Thr-564 by PRKCZ/aPKC inhibits the kinase activity (PubMed:15084291),1,mT-MARK3,P27448,P46939,dark_kinome_ppi
P27448,bait,Phosphorylated at Thr-211 by STK11/LKB1 in complex with STE20-related adapter-alpha (STRADA) pseudo kinase and CAB39 (PubMed:14976552). Phosphorylation at Thr-564 by PRKCZ/aPKC inhibits the kinase activity (PubMed:15084291),1,mT-MARK3,P27448,Q86SQ0,dark_kinome_ppi
P27448,bait,Phosphorylated at Thr-211 by STK11/LKB1 in complex with STE20-related adapter-alpha (STRADA) pseudo kinase and CAB39 (PubMed:14976552). Phosphorylation at Thr-564 by PRKCZ/aPKC inhibits the kinase activity (PubMed:15084291),1,mT-MARK3,P27448,Q9ULF5,dark_kinome_ppi
P27448,bait,Phosphorylated at Thr-211 by STK11/LKB1 in complex with STE20-related adapter-alpha (STRADA) pseudo kinase and CAB39 (PubMed:14976552). Phosphorylation at Thr-564 by PRKCZ/aPKC inhibits the kinase activity (PubMed:15084291),1,mT-MARK3,P27448,Q13585,dark_kinome_ppi
Q00536,bait,"Phosphorylation of CDK16 is essential for the binding of CCNY, but also essential for the regulation of CDK16 kinase activity (PubMed:22798068). Phosphorylation of CDK16 is essential for the binding of CCNYl1, but also essential for the regulation of CDK16 kinase activity (By similarity). Ser-146 and Ser-153 are the most critical sites for the binding of CCNYL1 and for modulating CDK16 kinase activity (By similarity). Phosphorylation at Ser-153 inhibits kinase activity (PubMed:22798068)",1,mT-CDK16,Q00536,Q12913,dark_kinome_ppi
Q00536,bait,"Phosphorylation of CDK16 is essential for the binding of CCNY, but also essential for the regulation of CDK16 kinase activity (PubMed:22798068). Phosphorylation of CDK16 is essential for the binding of CCNYl1, but also essential for the regulation of CDK16 kinase activity (By similarity). Ser-146 and Ser-153 are the most critical sites for the binding of CCNYL1 and for modulating CDK16 kinase activity (By similarity). Phosphorylation at Ser-153 inhibits kinase activity (PubMed:22798068)",1,mT-CDK16,Q00536,Q66GS9,dark_kinome_ppi
Q00536,bait,"Phosphorylation of CDK16 is essential for the binding of CCNY, but also essential for the regulation of CDK16 kinase activity (PubMed:22798068). Phosphorylation of CDK16 is essential for the binding of CCNYl1, but also essential for the regulation of CDK16 kinase activity (By similarity). Ser-146 and Ser-153 are the most critical sites for the binding of CCNYL1 and for modulating CDK16 kinase activity (By similarity). Phosphorylation at Ser-153 inhibits kinase activity (PubMed:22798068)",1,mT-CDK16,Q00536,P98164,dark_kinome_ppi
Q00536,bait,"Phosphorylation of CDK16 is essential for the binding of CCNY, but also essential for the regulation of CDK16 kinase activity (PubMed:22798068). Phosphorylation of CDK16 is essential for the binding of CCNYl1, but also essential for the regulation of CDK16 kinase activity (By similarity). Ser-146 and Ser-153 are the most critical sites for the binding of CCNYL1 and for modulating CDK16 kinase activity (By similarity). Phosphorylation at Ser-153 inhibits kinase activity (PubMed:22798068)",1,mT-CDK16,Q00536,P23786,dark_kinome_ppi
Q00536,bait,"Phosphorylation of CDK16 is essential for the binding of CCNY, but also essential for the regulation of CDK16 kinase activity (PubMed:22798068). Phosphorylation of CDK16 is essential for the binding of CCNYl1, but also essential for the regulation of CDK16 kinase activity (By similarity). Ser-146 and Ser-153 are the most critical sites for the binding of CCNYL1 and for modulating CDK16 kinase activity (By similarity). Phosphorylation at Ser-153 inhibits kinase activity (PubMed:22798068)",1,mT-CDK16,Q00536,Q96EV8,dark_kinome_ppi
Q00536,bait,"Phosphorylation of CDK16 is essential for the binding of CCNY, but also essential for the regulation of CDK16 kinase activity (PubMed:22798068). Phosphorylation of CDK16 is essential for the binding of CCNYl1, but also essential for the regulation of CDK16 kinase activity (By similarity). Ser-146 and Ser-153 are the most critical sites for the binding of CCNYL1 and for modulating CDK16 kinase activity (By similarity). Phosphorylation at Ser-153 inhibits kinase activity (PubMed:22798068)",1,mT-CDK16,Q00536,P23229,dark_kinome_ppi
Q00536,bait,"Phosphorylation of CDK16 is essential for the binding of CCNY, but also essential for the regulation of CDK16 kinase activity (PubMed:22798068). Phosphorylation of CDK16 is essential for the binding of CCNYl1, but also essential for the regulation of CDK16 kinase activity (By similarity). Ser-146 and Ser-153 are the most critical sites for the binding of CCNYL1 and for modulating CDK16 kinase activity (By similarity). Phosphorylation at Ser-153 inhibits kinase activity (PubMed:22798068)",1,mT-CDK16,Q00536,A1XBS5,dark_kinome_ppi
Q00536,bait,"Phosphorylation of CDK16 is essential for the binding of CCNY, but also essential for the regulation of CDK16 kinase activity (PubMed:22798068). Phosphorylation of CDK16 is essential for the binding of CCNYl1, but also essential for the regulation of CDK16 kinase activity (By similarity). Ser-146 and Ser-153 are the most critical sites for the binding of CCNYL1 and for modulating CDK16 kinase activity (By similarity). Phosphorylation at Ser-153 inhibits kinase activity (PubMed:22798068)",1,mT-CDK16,Q00536,P08069,dark_kinome_ppi
Q00536,bait,"Phosphorylation of CDK16 is essential for the binding of CCNY, but also essential for the regulation of CDK16 kinase activity (PubMed:22798068). Phosphorylation of CDK16 is essential for the binding of CCNYl1, but also essential for the regulation of CDK16 kinase activity (By similarity). Ser-146 and Ser-153 are the most critical sites for the binding of CCNYL1 and for modulating CDK16 kinase activity (By similarity). Phosphorylation at Ser-153 inhibits kinase activity (PubMed:22798068)",1,mT-CDK16,Q00536,P82650,dark_kinome_ppi
Q00536,bait,"Phosphorylation of CDK16 is essential for the binding of CCNY, but also essential for the regulation of CDK16 kinase activity (PubMed:22798068). Phosphorylation of CDK16 is essential for the binding of CCNYl1, but also essential for the regulation of CDK16 kinase activity (By similarity). Ser-146 and Ser-153 are the most critical sites for the binding of CCNYL1 and for modulating CDK16 kinase activity (By similarity). Phosphorylation at Ser-153 inhibits kinase activity (PubMed:22798068)",1,mT-CDK16,Q00536,O75054,dark_kinome_ppi
Q00536,bait,"Phosphorylation of CDK16 is essential for the binding of CCNY, but also essential for the regulation of CDK16 kinase activity (PubMed:22798068). Phosphorylation of CDK16 is essential for the binding of CCNYl1, but also essential for the regulation of CDK16 kinase activity (By similarity). Ser-146 and Ser-153 are the most critical sites for the binding of CCNYL1 and for modulating CDK16 kinase activity (By similarity). Phosphorylation at Ser-153 inhibits kinase activity (PubMed:22798068)",1,mT-CDK16,Q00536,Q96GP6,dark_kinome_ppi
Q00536,bait,"Phosphorylation of CDK16 is essential for the binding of CCNY, but also essential for the regulation of CDK16 kinase activity (PubMed:22798068). Phosphorylation of CDK16 is essential for the binding of CCNYl1, but also essential for the regulation of CDK16 kinase activity (By similarity). Ser-146 and Ser-153 are the most critical sites for the binding of CCNYL1 and for modulating CDK16 kinase activity (By similarity). Phosphorylation at Ser-153 inhibits kinase activity (PubMed:22798068)",1,mT-CDK16,Q00536,Q9UGH3,dark_kinome_ppi
Q00536,bait,"Phosphorylation of CDK16 is essential for the binding of CCNY, but also essential for the regulation of CDK16 kinase activity (PubMed:22798068). Phosphorylation of CDK16 is essential for the binding of CCNYl1, but also essential for the regulation of CDK16 kinase activity (By similarity). Ser-146 and Ser-153 are the most critical sites for the binding of CCNYL1 and for modulating CDK16 kinase activity (By similarity). Phosphorylation at Ser-153 inhibits kinase activity (PubMed:22798068)",1,mT-CDK16,Q00536,Q13576,dark_kinome_ppi
Q00536,bait,"Phosphorylation of CDK16 is essential for the binding of CCNY, but also essential for the regulation of CDK16 kinase activity (PubMed:22798068). Phosphorylation of CDK16 is essential for the binding of CCNYl1, but also essential for the regulation of CDK16 kinase activity (By similarity). Ser-146 and Ser-153 are the most critical sites for the binding of CCNYL1 and for modulating CDK16 kinase activity (By similarity). Phosphorylation at Ser-153 inhibits kinase activity (PubMed:22798068)",1,mT-CDK16,Q00536,Q5ZPR3,dark_kinome_ppi
Q00536,bait,"Phosphorylation of CDK16 is essential for the binding of CCNY, but also essential for the regulation of CDK16 kinase activity (PubMed:22798068). Phosphorylation of CDK16 is essential for the binding of CCNYl1, but also essential for the regulation of CDK16 kinase activity (By similarity). Ser-146 and Ser-153 are the most critical sites for the binding of CCNYL1 and for modulating CDK16 kinase activity (By similarity). Phosphorylation at Ser-153 inhibits kinase activity (PubMed:22798068)",1,mT-CDK16,Q00536,Q8ND76,dark_kinome_ppi
Q00536,bait,"Phosphorylation of CDK16 is essential for the binding of CCNY, but also essential for the regulation of CDK16 kinase activity (PubMed:22798068). Phosphorylation of CDK16 is essential for the binding of CCNYl1, but also essential for the regulation of CDK16 kinase activity (By similarity). Ser-146 and Ser-153 are the most critical sites for the binding of CCNYL1 and for modulating CDK16 kinase activity (By similarity). Phosphorylation at Ser-153 inhibits kinase activity (PubMed:22798068)",1,mT-CDK16,Q00536,Q01974,dark_kinome_ppi
Q00536,bait,"Phosphorylation of CDK16 is essential for the binding of CCNY, but also essential for the regulation of CDK16 kinase activity (PubMed:22798068). Phosphorylation of CDK16 is essential for the binding of CCNYl1, but also essential for the regulation of CDK16 kinase activity (By similarity). Ser-146 and Ser-153 are the most critical sites for the binding of CCNYL1 and for modulating CDK16 kinase activity (By similarity). Phosphorylation at Ser-153 inhibits kinase activity (PubMed:22798068)",1,mT-CDK16,Q00536,Q9Y276,dark_kinome_ppi
Q00536,bait,"Phosphorylation of CDK16 is essential for the binding of CCNY, but also essential for the regulation of CDK16 kinase activity (PubMed:22798068). Phosphorylation of CDK16 is essential for the binding of CCNYl1, but also essential for the regulation of CDK16 kinase activity (By similarity). Ser-146 and Ser-153 are the most critical sites for the binding of CCNYL1 and for modulating CDK16 kinase activity (By similarity). Phosphorylation at Ser-153 inhibits kinase activity (PubMed:22798068)",1,mT-CDK16,Q00536,Q9P273,dark_kinome_ppi
Q00536,bait,"Phosphorylation of CDK16 is essential for the binding of CCNY, but also essential for the regulation of CDK16 kinase activity (PubMed:22798068). Phosphorylation of CDK16 is essential for the binding of CCNYl1, but also essential for the regulation of CDK16 kinase activity (By similarity). Ser-146 and Ser-153 are the most critical sites for the binding of CCNYL1 and for modulating CDK16 kinase activity (By similarity). Phosphorylation at Ser-153 inhibits kinase activity (PubMed:22798068)",1,mT-CDK16,Q00536,Q8N7R7,dark_kinome_ppi
Q00536,bait,"Phosphorylation of CDK16 is essential for the binding of CCNY, but also essential for the regulation of CDK16 kinase activity (PubMed:22798068). Phosphorylation of CDK16 is essential for the binding of CCNYl1, but also essential for the regulation of CDK16 kinase activity (By similarity). Ser-146 and Ser-153 are the most critical sites for the binding of CCNYL1 and for modulating CDK16 kinase activity (By similarity). Phosphorylation at Ser-153 inhibits kinase activity (PubMed:22798068)",1,mT-CDK16,Q00536,Q86YF9,dark_kinome_ppi
Q00536,bait,"Phosphorylation of CDK16 is essential for the binding of CCNY, but also essential for the regulation of CDK16 kinase activity (PubMed:22798068). Phosphorylation of CDK16 is essential for the binding of CCNYl1, but also essential for the regulation of CDK16 kinase activity (By similarity). Ser-146 and Ser-153 are the most critical sites for the binding of CCNYL1 and for modulating CDK16 kinase activity (By similarity). Phosphorylation at Ser-153 inhibits kinase activity (PubMed:22798068)",1,mT-CDK16,Q00536,Q86YQ8,dark_kinome_ppi
Q00536,bait,"Phosphorylation of CDK16 is essential for the binding of CCNY, but also essential for the regulation of CDK16 kinase activity (PubMed:22798068). Phosphorylation of CDK16 is essential for the binding of CCNYl1, but also essential for the regulation of CDK16 kinase activity (By similarity). Ser-146 and Ser-153 are the most critical sites for the binding of CCNYL1 and for modulating CDK16 kinase activity (By similarity). Phosphorylation at Ser-153 inhibits kinase activity (PubMed:22798068)",1,mT-CDK16,Q00536,Q9UHN6,dark_kinome_ppi
Q00536,bait,"Phosphorylation of CDK16 is essential for the binding of CCNY, but also essential for the regulation of CDK16 kinase activity (PubMed:22798068). Phosphorylation of CDK16 is essential for the binding of CCNYl1, but also essential for the regulation of CDK16 kinase activity (By similarity). Ser-146 and Ser-153 are the most critical sites for the binding of CCNYL1 and for modulating CDK16 kinase activity (By similarity). Phosphorylation at Ser-153 inhibits kinase activity (PubMed:22798068)",1,mT-CDK16,Q00536,Q9HCM3,dark_kinome_ppi
Q00536,bait,"Phosphorylation of CDK16 is essential for the binding of CCNY, but also essential for the regulation of CDK16 kinase activity (PubMed:22798068). Phosphorylation of CDK16 is essential for the binding of CCNYl1, but also essential for the regulation of CDK16 kinase activity (By similarity). Ser-146 and Ser-153 are the most critical sites for the binding of CCNYL1 and for modulating CDK16 kinase activity (By similarity). Phosphorylation at Ser-153 inhibits kinase activity (PubMed:22798068)",1,mT-CDK16,Q00536,Q7Z5N4,dark_kinome_ppi
Q00536,bait,"Phosphorylation of CDK16 is essential for the binding of CCNY, but also essential for the regulation of CDK16 kinase activity (PubMed:22798068). Phosphorylation of CDK16 is essential for the binding of CCNYl1, but also essential for the regulation of CDK16 kinase activity (By similarity). Ser-146 and Ser-153 are the most critical sites for the binding of CCNYL1 and for modulating CDK16 kinase activity (By similarity). Phosphorylation at Ser-153 inhibits kinase activity (PubMed:22798068)",1,mT-CDK16,Q00536,Q8TD43,dark_kinome_ppi
Q00536,bait,"Phosphorylation of CDK16 is essential for the binding of CCNY, but also essential for the regulation of CDK16 kinase activity (PubMed:22798068). Phosphorylation of CDK16 is essential for the binding of CCNYl1, but also essential for the regulation of CDK16 kinase activity (By similarity). Ser-146 and Ser-153 are the most critical sites for the binding of CCNYL1 and for modulating CDK16 kinase activity (By similarity). Phosphorylation at Ser-153 inhibits kinase activity (PubMed:22798068)",1,mT-CDK16,Q00536,Q8N8Z6,dark_kinome_ppi
Q00536,bait,"Phosphorylation of CDK16 is essential for the binding of CCNY, but also essential for the regulation of CDK16 kinase activity (PubMed:22798068). Phosphorylation of CDK16 is essential for the binding of CCNYl1, but also essential for the regulation of CDK16 kinase activity (By similarity). Ser-146 and Ser-153 are the most critical sites for the binding of CCNYL1 and for modulating CDK16 kinase activity (By similarity). Phosphorylation at Ser-153 inhibits kinase activity (PubMed:22798068)",1,mT-CDK16,Q00536,P29320,dark_kinome_ppi
Q00536,bait,"Phosphorylation of CDK16 is essential for the binding of CCNY, but also essential for the regulation of CDK16 kinase activity (PubMed:22798068). Phosphorylation of CDK16 is essential for the binding of CCNYl1, but also essential for the regulation of CDK16 kinase activity (By similarity). Ser-146 and Ser-153 are the most critical sites for the binding of CCNYL1 and for modulating CDK16 kinase activity (By similarity). Phosphorylation at Ser-153 inhibits kinase activity (PubMed:22798068)",1,mT-CDK16,Q00536,O00221,dark_kinome_ppi
Q00536,bait,"Phosphorylation of CDK16 is essential for the binding of CCNY, but also essential for the regulation of CDK16 kinase activity (PubMed:22798068). Phosphorylation of CDK16 is essential for the binding of CCNYl1, but also essential for the regulation of CDK16 kinase activity (By similarity). Ser-146 and Ser-153 are the most critical sites for the binding of CCNYL1 and for modulating CDK16 kinase activity (By similarity). Phosphorylation at Ser-153 inhibits kinase activity (PubMed:22798068)",1,mT-CDK16,Q00536,Q9UHW9,dark_kinome_ppi
Q00536,bait,"Phosphorylation of CDK16 is essential for the binding of CCNY, but also essential for the regulation of CDK16 kinase activity (PubMed:22798068). Phosphorylation of CDK16 is essential for the binding of CCNYl1, but also essential for the regulation of CDK16 kinase activity (By similarity). Ser-146 and Ser-153 are the most critical sites for the binding of CCNYL1 and for modulating CDK16 kinase activity (By similarity). Phosphorylation at Ser-153 inhibits kinase activity (PubMed:22798068)",1,mT-CDK16,Q00536,O60779,dark_kinome_ppi
Q00536,bait,"Phosphorylation of CDK16 is essential for the binding of CCNY, but also essential for the regulation of CDK16 kinase activity (PubMed:22798068). Phosphorylation of CDK16 is essential for the binding of CCNYl1, but also essential for the regulation of CDK16 kinase activity (By similarity). Ser-146 and Ser-153 are the most critical sites for the binding of CCNYL1 and for modulating CDK16 kinase activity (By similarity). Phosphorylation at Ser-153 inhibits kinase activity (PubMed:22798068)",1,mT-CDK16,Q00536,P24588,dark_kinome_ppi
Q00536,bait,"Phosphorylation of CDK16 is essential for the binding of CCNY, but also essential for the regulation of CDK16 kinase activity (PubMed:22798068). Phosphorylation of CDK16 is essential for the binding of CCNYl1, but also essential for the regulation of CDK16 kinase activity (By similarity). Ser-146 and Ser-153 are the most critical sites for the binding of CCNYL1 and for modulating CDK16 kinase activity (By similarity). Phosphorylation at Ser-153 inhibits kinase activity (PubMed:22798068)",1,mT-CDK16,Q00536,O60658,dark_kinome_ppi
Q00536,bait,"Phosphorylation of CDK16 is essential for the binding of CCNY, but also essential for the regulation of CDK16 kinase activity (PubMed:22798068). Phosphorylation of CDK16 is essential for the binding of CCNYl1, but also essential for the regulation of CDK16 kinase activity (By similarity). Ser-146 and Ser-153 are the most critical sites for the binding of CCNYL1 and for modulating CDK16 kinase activity (By similarity). Phosphorylation at Ser-153 inhibits kinase activity (PubMed:22798068)",1,mT-CDK16,Q00536,Q6N022,dark_kinome_ppi
Q00536,bait,"Phosphorylation of CDK16 is essential for the binding of CCNY, but also essential for the regulation of CDK16 kinase activity (PubMed:22798068). Phosphorylation of CDK16 is essential for the binding of CCNYl1, but also essential for the regulation of CDK16 kinase activity (By similarity). Ser-146 and Ser-153 are the most critical sites for the binding of CCNYL1 and for modulating CDK16 kinase activity (By similarity). Phosphorylation at Ser-153 inhibits kinase activity (PubMed:22798068)",1,mT-CDK16,Q00536,O15440,dark_kinome_ppi
Q00536,bait,"Phosphorylation of CDK16 is essential for the binding of CCNY, but also essential for the regulation of CDK16 kinase activity (PubMed:22798068). Phosphorylation of CDK16 is essential for the binding of CCNYl1, but also essential for the regulation of CDK16 kinase activity (By similarity). Ser-146 and Ser-153 are the most critical sites for the binding of CCNYL1 and for modulating CDK16 kinase activity (By similarity). Phosphorylation at Ser-153 inhibits kinase activity (PubMed:22798068)",1,mT-CDK16,Q00536,Q8TCG2,dark_kinome_ppi
Q00536,bait,"Phosphorylation of CDK16 is essential for the binding of CCNY, but also essential for the regulation of CDK16 kinase activity (PubMed:22798068). Phosphorylation of CDK16 is essential for the binding of CCNYl1, but also essential for the regulation of CDK16 kinase activity (By similarity). Ser-146 and Ser-153 are the most critical sites for the binding of CCNYL1 and for modulating CDK16 kinase activity (By similarity). Phosphorylation at Ser-153 inhibits kinase activity (PubMed:22798068)",1,mT-CDK16,Q00536,Q5VWJ9,dark_kinome_ppi
Q00536,bait,"Phosphorylation of CDK16 is essential for the binding of CCNY, but also essential for the regulation of CDK16 kinase activity (PubMed:22798068). Phosphorylation of CDK16 is essential for the binding of CCNYl1, but also essential for the regulation of CDK16 kinase activity (By similarity). Ser-146 and Ser-153 are the most critical sites for the binding of CCNYL1 and for modulating CDK16 kinase activity (By similarity). Phosphorylation at Ser-153 inhibits kinase activity (PubMed:22798068)",1,mT-CDK16,Q00536,Q58EX2,dark_kinome_ppi
Q00536,bait,"Phosphorylation of CDK16 is essential for the binding of CCNY, but also essential for the regulation of CDK16 kinase activity (PubMed:22798068). Phosphorylation of CDK16 is essential for the binding of CCNYl1, but also essential for the regulation of CDK16 kinase activity (By similarity). Ser-146 and Ser-153 are the most critical sites for the binding of CCNYL1 and for modulating CDK16 kinase activity (By similarity). Phosphorylation at Ser-153 inhibits kinase activity (PubMed:22798068)",1,mT-CDK16,Q00536,Q9UIQ6,dark_kinome_ppi
Q00536,bait,"Phosphorylation of CDK16 is essential for the binding of CCNY, but also essential for the regulation of CDK16 kinase activity (PubMed:22798068). Phosphorylation of CDK16 is essential for the binding of CCNYl1, but also essential for the regulation of CDK16 kinase activity (By similarity). Ser-146 and Ser-153 are the most critical sites for the binding of CCNYL1 and for modulating CDK16 kinase activity (By similarity). Phosphorylation at Ser-153 inhibits kinase activity (PubMed:22798068)",1,mT-CDK16,Q00536,A4D1S0,dark_kinome_ppi
Q00536,bait,"Phosphorylation of CDK16 is essential for the binding of CCNY, but also essential for the regulation of CDK16 kinase activity (PubMed:22798068). Phosphorylation of CDK16 is essential for the binding of CCNYl1, but also essential for the regulation of CDK16 kinase activity (By similarity). Ser-146 and Ser-153 are the most critical sites for the binding of CCNYL1 and for modulating CDK16 kinase activity (By similarity). Phosphorylation at Ser-153 inhibits kinase activity (PubMed:22798068)",1,mT-CDK16,Q00536,Q9NQ84,dark_kinome_ppi
Q00536,bait,"Phosphorylation of CDK16 is essential for the binding of CCNY, but also essential for the regulation of CDK16 kinase activity (PubMed:22798068). Phosphorylation of CDK16 is essential for the binding of CCNYl1, but also essential for the regulation of CDK16 kinase activity (By similarity). Ser-146 and Ser-153 are the most critical sites for the binding of CCNYL1 and for modulating CDK16 kinase activity (By similarity). Phosphorylation at Ser-153 inhibits kinase activity (PubMed:22798068)",1,mT-CDK16,Q00536,P26045,dark_kinome_ppi
Q00536,bait,"Phosphorylation of CDK16 is essential for the binding of CCNY, but also essential for the regulation of CDK16 kinase activity (PubMed:22798068). Phosphorylation of CDK16 is essential for the binding of CCNYl1, but also essential for the regulation of CDK16 kinase activity (By similarity). Ser-146 and Ser-153 are the most critical sites for the binding of CCNYL1 and for modulating CDK16 kinase activity (By similarity). Phosphorylation at Ser-153 inhibits kinase activity (PubMed:22798068)",1,mT-CDK16,Q00536,P23634,dark_kinome_ppi
Q9BUB5,bait,Dual phosphorylation of Thr-250 and Thr-255 activates the kinase. Phosphorylation of Thr-385 activates the kinase. MAPK3/ERK1 is one of the kinases which activate MKNK1/MNK1. Phosphorylation by PAK2 leads to a reduced phosphorylation of EIF4G1,1,mT-MKNK1,Q9BUB5,Q9UG01,dark_kinome_ppi
Q9BUB5,bait,Dual phosphorylation of Thr-250 and Thr-255 activates the kinase. Phosphorylation of Thr-385 activates the kinase. MAPK3/ERK1 is one of the kinases which activate MKNK1/MNK1. Phosphorylation by PAK2 leads to a reduced phosphorylation of EIF4G1,1,mT-MKNK1,Q9BUB5,P27361,dark_kinome_ppi
Q9NR20,bait,Autophosphorylation on Tyr-264 in the activation loop is required for kinase activity,1,mT-DYRK4,Q9NR20,O75342,dark_kinome_ppi
Q9NR20,bait,Autophosphorylation on Tyr-264 in the activation loop is required for kinase activity,1,mT-DYRK4,Q9NR20,P25311,dark_kinome_ppi
Q9NR20,bait,Autophosphorylation on Tyr-264 in the activation loop is required for kinase activity,1,mT-DYRK4,Q9NR20,Q9NZT1,dark_kinome_ppi
Q9NR20,bait,Autophosphorylation on Tyr-264 in the activation loop is required for kinase activity,1,mT-DYRK4,Q9NR20,Q96P63,dark_kinome_ppi
Q9NR20,bait,Autophosphorylation on Tyr-264 in the activation loop is required for kinase activity,1,mT-DYRK4,Q9NR20,O14802,dark_kinome_ppi
Q9NR20,bait,Autophosphorylation on Tyr-264 in the activation loop is required for kinase activity,1,mT-DYRK4,Q9NR20,Q9H3U1,dark_kinome_ppi
Q9NR20,bait,Autophosphorylation on Tyr-264 in the activation loop is required for kinase activity,1,mT-DYRK4,Q9NR20,Q9UNF1,dark_kinome_ppi
Q9NR20,bait,Autophosphorylation on Tyr-264 in the activation loop is required for kinase activity,1,mT-DYRK4,Q9NR20,Q8TCU4,dark_kinome_ppi
Q9NR20,bait,Autophosphorylation on Tyr-264 in the activation loop is required for kinase activity,1,mT-DYRK4,Q9NR20,O94966,dark_kinome_ppi
Q8N5S9,bait,"Appears to be autophosphorylated in a Ca(2+)/calmodulin-dependent manner. Phosphorylated at multiple sites by PRCAKA/PKA. Phosphorylation of Ser-458 is blocked upon binding to Ca(2+)/calmodulin. In vitro, phosphorylated by CAMK1 and CAMK4 (By similarity)",1,mT-CAMKK1,Q8N5S9,O15066,dark_kinome_ppi
Q8N5S9,bait,"Appears to be autophosphorylated in a Ca(2+)/calmodulin-dependent manner. Phosphorylated at multiple sites by PRCAKA/PKA. Phosphorylation of Ser-458 is blocked upon binding to Ca(2+)/calmodulin. In vitro, phosphorylated by CAMK1 and CAMK4 (By similarity)",1,mT-CAMKK1,Q8N5S9,O75342,dark_kinome_ppi
Q8N5S9,bait,"Appears to be autophosphorylated in a Ca(2+)/calmodulin-dependent manner. Phosphorylated at multiple sites by PRCAKA/PKA. Phosphorylation of Ser-458 is blocked upon binding to Ca(2+)/calmodulin. In vitro, phosphorylated by CAMK1 and CAMK4 (By similarity)",1,mT-CAMKK1,Q8N5S9,Q15517,dark_kinome_ppi
Q8N5S9,bait,"Appears to be autophosphorylated in a Ca(2+)/calmodulin-dependent manner. Phosphorylated at multiple sites by PRCAKA/PKA. Phosphorylation of Ser-458 is blocked upon binding to Ca(2+)/calmodulin. In vitro, phosphorylated by CAMK1 and CAMK4 (By similarity)",1,mT-CAMKK1,Q8N5S9,Q9NZT1,dark_kinome_ppi
Q8N5S9,bait,"Appears to be autophosphorylated in a Ca(2+)/calmodulin-dependent manner. Phosphorylated at multiple sites by PRCAKA/PKA. Phosphorylation of Ser-458 is blocked upon binding to Ca(2+)/calmodulin. In vitro, phosphorylated by CAMK1 and CAMK4 (By similarity)",1,mT-CAMKK1,Q8N5S9,Q8TCU4,dark_kinome_ppi
Q8N5S9,bait,"Appears to be autophosphorylated in a Ca(2+)/calmodulin-dependent manner. Phosphorylated at multiple sites by PRCAKA/PKA. Phosphorylation of Ser-458 is blocked upon binding to Ca(2+)/calmodulin. In vitro, phosphorylated by CAMK1 and CAMK4 (By similarity)",1,mT-CAMKK1,Q8N5S9,Q96SN8,dark_kinome_ppi
Q8N5S9,bait,"Appears to be autophosphorylated in a Ca(2+)/calmodulin-dependent manner. Phosphorylated at multiple sites by PRCAKA/PKA. Phosphorylation of Ser-458 is blocked upon binding to Ca(2+)/calmodulin. In vitro, phosphorylated by CAMK1 and CAMK4 (By similarity)",1,mT-CAMKK1,Q8N5S9,Q14789,dark_kinome_ppi
Q8N5S9,bait,"Appears to be autophosphorylated in a Ca(2+)/calmodulin-dependent manner. Phosphorylated at multiple sites by PRCAKA/PKA. Phosphorylation of Ser-458 is blocked upon binding to Ca(2+)/calmodulin. In vitro, phosphorylated by CAMK1 and CAMK4 (By similarity)",1,mT-CAMKK1,Q8N5S9,Q96AY4,dark_kinome_ppi
Q8N5S9,bait,"Appears to be autophosphorylated in a Ca(2+)/calmodulin-dependent manner. Phosphorylated at multiple sites by PRCAKA/PKA. Phosphorylation of Ser-458 is blocked upon binding to Ca(2+)/calmodulin. In vitro, phosphorylated by CAMK1 and CAMK4 (By similarity)",1,mT-CAMKK1,Q8N5S9,Q96R06,dark_kinome_ppi
Q9UEE5,bait,Autophosphorylated,1,STK17A-mT,Q9UEE5,Q9Y4C1,dark_kinome_ppi
Q9UEE5,bait,Autophosphorylated,1,STK17A-mT,Q9UEE5,Q8NDV7,dark_kinome_ppi
Q9UEE5,bait,Autophosphorylated,1,STK17A-mT,Q9UEE5,P46776,dark_kinome_ppi
Q9UPZ9,bait,Autophosphorylated on serine and threonine residues. Phosphorylation at Thr-157 increases kinase activity,1,mT-ICK,Q9UPZ9,Q96BN6,dark_kinome_ppi
Q9UPZ9,bait,Autophosphorylated on serine and threonine residues. Phosphorylation at Thr-157 increases kinase activity,1,mT-ICK,Q9UPZ9,O60303,dark_kinome_ppi
Q9UPZ9,bait,Autophosphorylated on serine and threonine residues. Phosphorylation at Thr-157 increases kinase activity,1,mT-ICK,Q9UPZ9,Q8N960,dark_kinome_ppi
Q9UPZ9,bait,Autophosphorylated on serine and threonine residues. Phosphorylation at Thr-157 increases kinase activity,1,mT-ICK,Q9UPZ9,Q9C0H9,dark_kinome_ppi
Q9UPZ9,bait,Autophosphorylated on serine and threonine residues. Phosphorylation at Thr-157 increases kinase activity,1,mT-ICK,Q9UPZ9,Q96DN5,dark_kinome_ppi
Q9UPZ9,bait,Autophosphorylated on serine and threonine residues. Phosphorylation at Thr-157 increases kinase activity,1,mT-ICK,Q9UPZ9,O75342,dark_kinome_ppi
Q9UPZ9,bait,Autophosphorylated on serine and threonine residues. Phosphorylation at Thr-157 increases kinase activity,1,mT-ICK,Q9UPZ9,Q99959,dark_kinome_ppi
Q9UPZ9,bait,Autophosphorylated on serine and threonine residues. Phosphorylation at Thr-157 increases kinase activity,1,mT-ICK,Q9UPZ9,Q6UWP8,dark_kinome_ppi
Q9UPZ9,bait,Autophosphorylated on serine and threonine residues. Phosphorylation at Thr-157 increases kinase activity,1,mT-ICK,Q9UPZ9,Q9NZT1,dark_kinome_ppi
P78368,bait,Autophosphorylated (PubMed:18794808). Phosphorylated by aPKC which promotes dissociation from the cell cortex (PubMed:26481050),1,mT-CSNK1G2,P78368,Q9Y5H2,dark_kinome_ppi
P78368,bait,Autophosphorylated (PubMed:18794808). Phosphorylated by aPKC which promotes dissociation from the cell cortex (PubMed:26481050),1,mT-CSNK1G2,P78368,Q6ZNJ1,dark_kinome_ppi
P78368,bait,Autophosphorylated (PubMed:18794808). Phosphorylated by aPKC which promotes dissociation from the cell cortex (PubMed:26481050),1,mT-CSNK1G2,P78368,Q14644,dark_kinome_ppi
P78368,bait,Autophosphorylated (PubMed:18794808). Phosphorylated by aPKC which promotes dissociation from the cell cortex (PubMed:26481050),1,mT-CSNK1G2,P78368,Q86SJ2,dark_kinome_ppi
P78368,bait,Autophosphorylated (PubMed:18794808). Phosphorylated by aPKC which promotes dissociation from the cell cortex (PubMed:26481050),1,mT-CSNK1G2,P78368,Q6P1M3,dark_kinome_ppi
P78368,bait,Autophosphorylated (PubMed:18794808). Phosphorylated by aPKC which promotes dissociation from the cell cortex (PubMed:26481050),1,mT-CSNK1G2,P78368,O60347,dark_kinome_ppi
P78368,bait,Autophosphorylated (PubMed:18794808). Phosphorylated by aPKC which promotes dissociation from the cell cortex (PubMed:26481050),1,mT-CSNK1G2,P78368,P80723,dark_kinome_ppi
P78368,bait,Autophosphorylated (PubMed:18794808). Phosphorylated by aPKC which promotes dissociation from the cell cortex (PubMed:26481050),1,mT-CSNK1G2,P78368,Q96NL1,dark_kinome_ppi
P78368,bait,Autophosphorylated (PubMed:18794808). Phosphorylated by aPKC which promotes dissociation from the cell cortex (PubMed:26481050),1,mT-CSNK1G2,P78368,Q99835,dark_kinome_ppi
P78368,bait,Autophosphorylated (PubMed:18794808). Phosphorylated by aPKC which promotes dissociation from the cell cortex (PubMed:26481050),1,mT-CSNK1G2,P78368,Q96NL0,dark_kinome_ppi
P78368,bait,Autophosphorylated (PubMed:18794808). Phosphorylated by aPKC which promotes dissociation from the cell cortex (PubMed:26481050),1,mT-CSNK1G2,P78368,Q2LD37,dark_kinome_ppi
P78368,bait,Autophosphorylated (PubMed:18794808). Phosphorylated by aPKC which promotes dissociation from the cell cortex (PubMed:26481050),1,mT-CSNK1G2,P78368,Q12767,dark_kinome_ppi
P78368,bait,Autophosphorylated (PubMed:18794808). Phosphorylated by aPKC which promotes dissociation from the cell cortex (PubMed:26481050),1,mT-CSNK1G2,P78368,Q5T5P2,dark_kinome_ppi
P78368,bait,Autophosphorylated (PubMed:18794808). Phosphorylated by aPKC which promotes dissociation from the cell cortex (PubMed:26481050),1,mT-CSNK1G2,P78368,Q9BSQ5,dark_kinome_ppi
P78368,bait,Autophosphorylated (PubMed:18794808). Phosphorylated by aPKC which promotes dissociation from the cell cortex (PubMed:26481050),1,mT-CSNK1G2,P78368,Q9Y4D2,dark_kinome_ppi
P78368,bait,Autophosphorylated (PubMed:18794808). Phosphorylated by aPKC which promotes dissociation from the cell cortex (PubMed:26481050),1,mT-CSNK1G2,P78368,Q13884,dark_kinome_ppi
P78368,bait,Autophosphorylated (PubMed:18794808). Phosphorylated by aPKC which promotes dissociation from the cell cortex (PubMed:26481050),1,mT-CSNK1G2,P78368,Q96ST8,dark_kinome_ppi
P78368,bait,Autophosphorylated (PubMed:18794808). Phosphorylated by aPKC which promotes dissociation from the cell cortex (PubMed:26481050),1,mT-CSNK1G2,P78368,Q9Y2H5,dark_kinome_ppi
P78368,bait,Autophosphorylated (PubMed:18794808). Phosphorylated by aPKC which promotes dissociation from the cell cortex (PubMed:26481050),1,mT-CSNK1G2,P78368,Q9HCS5,dark_kinome_ppi
P78368,bait,Autophosphorylated (PubMed:18794808). Phosphorylated by aPKC which promotes dissociation from the cell cortex (PubMed:26481050),1,mT-CSNK1G2,P78368,Q9ULI3,dark_kinome_ppi
P78368,bait,Autophosphorylated (PubMed:18794808). Phosphorylated by aPKC which promotes dissociation from the cell cortex (PubMed:26481050),1,mT-CSNK1G2,P78368,Q7L9B9,dark_kinome_ppi
P78368,bait,Autophosphorylated (PubMed:18794808). Phosphorylated by aPKC which promotes dissociation from the cell cortex (PubMed:26481050),1,mT-CSNK1G2,P78368,Q8WXE9,dark_kinome_ppi
P78368,bait,Autophosphorylated (PubMed:18794808). Phosphorylated by aPKC which promotes dissociation from the cell cortex (PubMed:26481050),1,mT-CSNK1G2,P78368,Q8IVH8,dark_kinome_ppi
P78368,bait,Autophosphorylated (PubMed:18794808). Phosphorylated by aPKC which promotes dissociation from the cell cortex (PubMed:26481050),1,mT-CSNK1G2,P78368,Q6NZI2,dark_kinome_ppi
P78368,bait,Autophosphorylated (PubMed:18794808). Phosphorylated by aPKC which promotes dissociation from the cell cortex (PubMed:26481050),1,mT-CSNK1G2,P78368,Q5T2T1,dark_kinome_ppi
P78368,bait,Autophosphorylated (PubMed:18794808). Phosphorylated by aPKC which promotes dissociation from the cell cortex (PubMed:26481050),1,mT-CSNK1G2,P78368,Q86VW2,dark_kinome_ppi
P78368,bait,Autophosphorylated (PubMed:18794808). Phosphorylated by aPKC which promotes dissociation from the cell cortex (PubMed:26481050),1,mT-CSNK1G2,P78368,Q96DX4,dark_kinome_ppi
P78368,bait,Autophosphorylated (PubMed:18794808). Phosphorylated by aPKC which promotes dissociation from the cell cortex (PubMed:26481050),1,mT-CSNK1G2,P78368,Q7Z5N4,dark_kinome_ppi
P78368,bait,Autophosphorylated (PubMed:18794808). Phosphorylated by aPKC which promotes dissociation from the cell cortex (PubMed:26481050),1,mT-CSNK1G2,P78368,Q14114,dark_kinome_ppi
Q8NE63,bait,Autophosphorylated,1,mT-HIPK4,Q8NE63,Q5TC82,dark_kinome_ppi
Q8NE63,bait,Autophosphorylated,1,mT-HIPK4,Q8NE63,O43765,dark_kinome_ppi
Q8NE63,bait,Autophosphorylated,1,mT-HIPK4,Q8NE63,Q99700,dark_kinome_ppi
Q8NE63,bait,Autophosphorylated,1,mT-HIPK4,Q8NE63,Q13310,dark_kinome_ppi
Q8NE63,bait,Autophosphorylated,1,mT-HIPK4,Q8NE63,Q96RS6,dark_kinome_ppi
Q8NE63,bait,Autophosphorylated,1,mT-HIPK4,Q8NE63,P46020,dark_kinome_ppi
Q8NE63,bait,Autophosphorylated,1,mT-HIPK4,Q8NE63,P12270,dark_kinome_ppi
Q8NE63,bait,Autophosphorylated,1,mT-HIPK4,Q8NE63,Q8N684,dark_kinome_ppi
Q8NE63,bait,Autophosphorylated,1,mT-HIPK4,Q8NE63,Q15032,dark_kinome_ppi
Q8NE63,bait,Autophosphorylated,1,mT-HIPK4,Q8NE63,Q15785,dark_kinome_ppi
Q13523,bait,"Phosphorylated by CLK1 (PubMed:11418604). Autophosphorylated; phosphorylation inhibits interaction with its targets, such as PRPF6 or SMARCA4 (PubMed:12077342)",1,mT-PRPF4B,Q13523,Q9BUQ8,dark_kinome_ppi
Q13523,bait,"Phosphorylated by CLK1 (PubMed:11418604). Autophosphorylated; phosphorylation inhibits interaction with its targets, such as PRPF6 or SMARCA4 (PubMed:12077342)",1,mT-PRPF4B,Q13523,Q8TA86,dark_kinome_ppi
Q13523,bait,"Phosphorylated by CLK1 (PubMed:11418604). Autophosphorylated; phosphorylation inhibits interaction with its targets, such as PRPF6 or SMARCA4 (PubMed:12077342)",1,mT-PRPF4B,Q13523,Q9HCG8,dark_kinome_ppi
Q13523,bait,"Phosphorylated by CLK1 (PubMed:11418604). Autophosphorylated; phosphorylation inhibits interaction with its targets, such as PRPF6 or SMARCA4 (PubMed:12077342)",1,mT-PRPF4B,Q13523,Q15287,dark_kinome_ppi
Q13523,bait,"Phosphorylated by CLK1 (PubMed:11418604). Autophosphorylated; phosphorylation inhibits interaction with its targets, such as PRPF6 or SMARCA4 (PubMed:12077342)",1,mT-PRPF4B,Q13523,Q86VM9,dark_kinome_ppi
Q13523,bait,"Phosphorylated by CLK1 (PubMed:11418604). Autophosphorylated; phosphorylation inhibits interaction with its targets, such as PRPF6 or SMARCA4 (PubMed:12077342)",1,mT-PRPF4B,Q13523,P21127,dark_kinome_ppi
Q13523,bait,"Phosphorylated by CLK1 (PubMed:11418604). Autophosphorylated; phosphorylation inhibits interaction with its targets, such as PRPF6 or SMARCA4 (PubMed:12077342)",1,mT-PRPF4B,Q13523,Q14562,dark_kinome_ppi
Q13523,bait,"Phosphorylated by CLK1 (PubMed:11418604). Autophosphorylated; phosphorylation inhibits interaction with its targets, such as PRPF6 or SMARCA4 (PubMed:12077342)",1,mT-PRPF4B,Q13523,Q9BYW2,dark_kinome_ppi
Q13523,bait,"Phosphorylated by CLK1 (PubMed:11418604). Autophosphorylated; phosphorylation inhibits interaction with its targets, such as PRPF6 or SMARCA4 (PubMed:12077342)",1,mT-PRPF4B,Q13523,Q99459,dark_kinome_ppi
Q92630,bait,"Autophosphorylates cotranslationally on the second tyrosine residue in the Tyr-X-Tyr motif in the activation loop, but once mature, does not have any protein tyrosine kinase activity. Phosphorylated at Thr-106 and Ser-442 by ATM in response to genotoxic stress",1,mT-DYRK2,Q92630,Q3V6T2,dark_kinome_ppi
Q92630,bait,"Under normal conditions, polyubiquitinated in the nucleus by MDM2, leading to its proteasomal degradation. Phosphorylation on Thr-106 and Ser-442 by ATM in response to genotoxic stress disrupts MDM2 binding and prevents MDM2-mediated ubiquitination and subsequent proteasomal degradation. Polyubiquitinated by SIAH2, leading to its proteasomal degradation. Polyubiquitinated by SIAH2 occurs under normal conditions, and is enhanced in response to hypoxia",1,mT-DYRK2,Q92630,Q3V6T2,dark_kinome_ppi
Q92630,bait,"Autophosphorylates cotranslationally on the second tyrosine residue in the Tyr-X-Tyr motif in the activation loop, but once mature, does not have any protein tyrosine kinase activity. Phosphorylated at Thr-106 and Ser-442 by ATM in response to genotoxic stress",1,mT-DYRK2,Q92630,Q9P209,dark_kinome_ppi
Q92630,bait,"Under normal conditions, polyubiquitinated in the nucleus by MDM2, leading to its proteasomal degradation. Phosphorylation on Thr-106 and Ser-442 by ATM in response to genotoxic stress disrupts MDM2 binding and prevents MDM2-mediated ubiquitination and subsequent proteasomal degradation. Polyubiquitinated by SIAH2, leading to its proteasomal degradation. Polyubiquitinated by SIAH2 occurs under normal conditions, and is enhanced in response to hypoxia",1,mT-DYRK2,Q92630,Q9P209,dark_kinome_ppi
Q92630,bait,"Autophosphorylates cotranslationally on the second tyrosine residue in the Tyr-X-Tyr motif in the activation loop, but once mature, does not have any protein tyrosine kinase activity. Phosphorylated at Thr-106 and Ser-442 by ATM in response to genotoxic stress",1,mT-DYRK2,Q92630,O15084,dark_kinome_ppi
Q92630,bait,"Under normal conditions, polyubiquitinated in the nucleus by MDM2, leading to its proteasomal degradation. Phosphorylation on Thr-106 and Ser-442 by ATM in response to genotoxic stress disrupts MDM2 binding and prevents MDM2-mediated ubiquitination and subsequent proteasomal degradation. Polyubiquitinated by SIAH2, leading to its proteasomal degradation. Polyubiquitinated by SIAH2 occurs under normal conditions, and is enhanced in response to hypoxia",1,mT-DYRK2,Q92630,O15084,dark_kinome_ppi
Q92630,bait,"Autophosphorylates cotranslationally on the second tyrosine residue in the Tyr-X-Tyr motif in the activation loop, but once mature, does not have any protein tyrosine kinase activity. Phosphorylated at Thr-106 and Ser-442 by ATM in response to genotoxic stress",1,mT-DYRK2,Q92630,Q9UPN4,dark_kinome_ppi
Q92630,bait,"Under normal conditions, polyubiquitinated in the nucleus by MDM2, leading to its proteasomal degradation. Phosphorylation on Thr-106 and Ser-442 by ATM in response to genotoxic stress disrupts MDM2 binding and prevents MDM2-mediated ubiquitination and subsequent proteasomal degradation. Polyubiquitinated by SIAH2, leading to its proteasomal degradation. Polyubiquitinated by SIAH2 occurs under normal conditions, and is enhanced in response to hypoxia",1,mT-DYRK2,Q92630,Q9UPN4,dark_kinome_ppi
Q92630,bait,"Autophosphorylates cotranslationally on the second tyrosine residue in the Tyr-X-Tyr motif in the activation loop, but once mature, does not have any protein tyrosine kinase activity. Phosphorylated at Thr-106 and Ser-442 by ATM in response to genotoxic stress",1,mT-DYRK2,Q92630,Q14678,dark_kinome_ppi
Q92630,bait,"Under normal conditions, polyubiquitinated in the nucleus by MDM2, leading to its proteasomal degradation. Phosphorylation on Thr-106 and Ser-442 by ATM in response to genotoxic stress disrupts MDM2 binding and prevents MDM2-mediated ubiquitination and subsequent proteasomal degradation. Polyubiquitinated by SIAH2, leading to its proteasomal degradation. Polyubiquitinated by SIAH2 occurs under normal conditions, and is enhanced in response to hypoxia",1,mT-DYRK2,Q92630,Q14678,dark_kinome_ppi
Q92630,bait,"Autophosphorylates cotranslationally on the second tyrosine residue in the Tyr-X-Tyr motif in the activation loop, but once mature, does not have any protein tyrosine kinase activity. Phosphorylated at Thr-106 and Ser-442 by ATM in response to genotoxic stress",1,mT-DYRK2,Q92630,Q9UKA4,dark_kinome_ppi
Q92630,bait,"Under normal conditions, polyubiquitinated in the nucleus by MDM2, leading to its proteasomal degradation. Phosphorylation on Thr-106 and Ser-442 by ATM in response to genotoxic stress disrupts MDM2 binding and prevents MDM2-mediated ubiquitination and subsequent proteasomal degradation. Polyubiquitinated by SIAH2, leading to its proteasomal degradation. Polyubiquitinated by SIAH2 occurs under normal conditions, and is enhanced in response to hypoxia",1,mT-DYRK2,Q92630,Q9UKA4,dark_kinome_ppi
Q92630,bait,"Autophosphorylates cotranslationally on the second tyrosine residue in the Tyr-X-Tyr motif in the activation loop, but once mature, does not have any protein tyrosine kinase activity. Phosphorylated at Thr-106 and Ser-442 by ATM in response to genotoxic stress",1,mT-DYRK2,Q92630,Q1MSJ5,dark_kinome_ppi
Q92630,bait,"Under normal conditions, polyubiquitinated in the nucleus by MDM2, leading to its proteasomal degradation. Phosphorylation on Thr-106 and Ser-442 by ATM in response to genotoxic stress disrupts MDM2 binding and prevents MDM2-mediated ubiquitination and subsequent proteasomal degradation. Polyubiquitinated by SIAH2, leading to its proteasomal degradation. Polyubiquitinated by SIAH2 occurs under normal conditions, and is enhanced in response to hypoxia",1,mT-DYRK2,Q92630,Q1MSJ5,dark_kinome_ppi
Q92630,bait,"Autophosphorylates cotranslationally on the second tyrosine residue in the Tyr-X-Tyr motif in the activation loop, but once mature, does not have any protein tyrosine kinase activity. Phosphorylated at Thr-106 and Ser-442 by ATM in response to genotoxic stress",1,mT-DYRK2,Q92630,P25054,dark_kinome_ppi
Q92630,bait,"Under normal conditions, polyubiquitinated in the nucleus by MDM2, leading to its proteasomal degradation. Phosphorylation on Thr-106 and Ser-442 by ATM in response to genotoxic stress disrupts MDM2 binding and prevents MDM2-mediated ubiquitination and subsequent proteasomal degradation. Polyubiquitinated by SIAH2, leading to its proteasomal degradation. Polyubiquitinated by SIAH2 occurs under normal conditions, and is enhanced in response to hypoxia",1,mT-DYRK2,Q92630,P25054,dark_kinome_ppi
Q92630,bait,"Autophosphorylates cotranslationally on the second tyrosine residue in the Tyr-X-Tyr motif in the activation loop, but once mature, does not have any protein tyrosine kinase activity. Phosphorylated at Thr-106 and Ser-442 by ATM in response to genotoxic stress",1,mT-DYRK2,Q92630,O75665,dark_kinome_ppi
Q92630,bait,"Under normal conditions, polyubiquitinated in the nucleus by MDM2, leading to its proteasomal degradation. Phosphorylation on Thr-106 and Ser-442 by ATM in response to genotoxic stress disrupts MDM2 binding and prevents MDM2-mediated ubiquitination and subsequent proteasomal degradation. Polyubiquitinated by SIAH2, leading to its proteasomal degradation. Polyubiquitinated by SIAH2 occurs under normal conditions, and is enhanced in response to hypoxia",1,mT-DYRK2,Q92630,O75665,dark_kinome_ppi
P49761,bait,Autophosphorylates on all three types of residues,1,mT-CLK3,P49761,Q9BUQ8,dark_kinome_ppi
P49761,bait,Autophosphorylates on all three types of residues,1,mT-CLK3,P49761,Q8IXT5,dark_kinome_ppi
P49761,bait,Autophosphorylates on all three types of residues,1,mT-CLK3,P49761,Q8TF01,dark_kinome_ppi
P49761,bait,Autophosphorylates on all three types of residues,1,mT-CLK3,P49761,Q9NV06,dark_kinome_ppi
P49761,bait,Autophosphorylates on all three types of residues,1,mT-CLK3,P49761,Q92804,dark_kinome_ppi
P49761,bait,Autophosphorylates on all three types of residues,1,mT-CLK3,P49761,Q9UJV9,dark_kinome_ppi
P49761,bait,Autophosphorylates on all three types of residues,1,mT-CLK3,P49761,Q8TA86,dark_kinome_ppi
P49761,bait,Autophosphorylates on all three types of residues,1,mT-CLK3,P49761,Q9Y3B9,dark_kinome_ppi
P49761,bait,Autophosphorylates on all three types of residues,1,mT-CLK3,P49761,Q14562,dark_kinome_ppi
Q04759,bait,"Autophosphorylation at Thr-219 is required for targeting to the TCR and cellular function of PRKCQ upon antigen receptor ligation. Following TCR stimulation, phosphorylated at Tyr-90 and Ser-685",1,PRKCQ-mT,Q04759,Q9NYU2,dark_kinome_ppi
Q04759,bait,"Autophosphorylation at Thr-219 is required for targeting to the TCR and cellular function of PRKCQ upon antigen receptor ligation. Following TCR stimulation, phosphorylated at Tyr-90 and Ser-685",1,PRKCQ-mT,Q04759,Q04656,dark_kinome_ppi
Q04759,bait,"Autophosphorylation at Thr-219 is required for targeting to the TCR and cellular function of PRKCQ upon antigen receptor ligation. Following TCR stimulation, phosphorylated at Tyr-90 and Ser-685",1,PRKCQ-mT,Q04759,P11717,dark_kinome_ppi
Q04759,bait,"Autophosphorylation at Thr-219 is required for targeting to the TCR and cellular function of PRKCQ upon antigen receptor ligation. Following TCR stimulation, phosphorylated at Tyr-90 and Ser-685",1,PRKCQ-mT,Q04759,P18206,dark_kinome_ppi
Q04759,bait,"Autophosphorylation at Thr-219 is required for targeting to the TCR and cellular function of PRKCQ upon antigen receptor ligation. Following TCR stimulation, phosphorylated at Tyr-90 and Ser-685",1,PRKCQ-mT,Q04759,Q96AG4,dark_kinome_ppi
Q04759,bait,"Autophosphorylation at Thr-219 is required for targeting to the TCR and cellular function of PRKCQ upon antigen receptor ligation. Following TCR stimulation, phosphorylated at Tyr-90 and Ser-685",1,PRKCQ-mT,Q04759,Q9UH65,dark_kinome_ppi
Q04759,bait,"Autophosphorylation at Thr-219 is required for targeting to the TCR and cellular function of PRKCQ upon antigen receptor ligation. Following TCR stimulation, phosphorylated at Tyr-90 and Ser-685",1,PRKCQ-mT,Q04759,O95292,dark_kinome_ppi
Q04759,bait,"Autophosphorylation at Thr-219 is required for targeting to the TCR and cellular function of PRKCQ upon antigen receptor ligation. Following TCR stimulation, phosphorylated at Tyr-90 and Ser-685",1,PRKCQ-mT,Q04759,Q96HY6,dark_kinome_ppi
Q04759,bait,"Autophosphorylation at Thr-219 is required for targeting to the TCR and cellular function of PRKCQ upon antigen receptor ligation. Following TCR stimulation, phosphorylated at Tyr-90 and Ser-685",1,PRKCQ-mT,Q04759,Q96KR1,dark_kinome_ppi
O43781,bait,"Ubiquitinated at anaphase by the anaphase-promoting complex (APC/C), leading to its degradation by the proteasome",1,DYRK3-mT,O43781,Q6UWP8,dark_kinome_ppi
O43781,bait,Protein kinase activity is activated following autophosphorylation at Tyr-369 (Probable). Autophosphorylation at Ser-350 stabilizes the protein and enhances the protein kinase activity (PubMed:9748265),1,DYRK3-mT,O43781,Q6UWP8,dark_kinome_ppi
O43781,bait,"Ubiquitinated at anaphase by the anaphase-promoting complex (APC/C), leading to its degradation by the proteasome",1,DYRK3-mT,O43781,Q5T749,dark_kinome_ppi
O43781,bait,Protein kinase activity is activated following autophosphorylation at Tyr-369 (Probable). Autophosphorylation at Ser-350 stabilizes the protein and enhances the protein kinase activity (PubMed:9748265),1,DYRK3-mT,O43781,Q5T749,dark_kinome_ppi
O43781,bait,"Ubiquitinated at anaphase by the anaphase-promoting complex (APC/C), leading to its degradation by the proteasome",1,DYRK3-mT,O43781,Q96P63,dark_kinome_ppi
O43781,bait,Protein kinase activity is activated following autophosphorylation at Tyr-369 (Probable). Autophosphorylation at Ser-350 stabilizes the protein and enhances the protein kinase activity (PubMed:9748265),1,DYRK3-mT,O43781,Q96P63,dark_kinome_ppi
O43781,bait,"Ubiquitinated at anaphase by the anaphase-promoting complex (APC/C), leading to its degradation by the proteasome",1,DYRK3-mT,O43781,O15027,dark_kinome_ppi
O43781,bait,Protein kinase activity is activated following autophosphorylation at Tyr-369 (Probable). Autophosphorylation at Ser-350 stabilizes the protein and enhances the protein kinase activity (PubMed:9748265),1,DYRK3-mT,O43781,O15027,dark_kinome_ppi
O43781,bait,"Ubiquitinated at anaphase by the anaphase-promoting complex (APC/C), leading to its degradation by the proteasome",1,DYRK3-mT,O43781,Q15154,dark_kinome_ppi
O43781,bait,Protein kinase activity is activated following autophosphorylation at Tyr-369 (Probable). Autophosphorylation at Ser-350 stabilizes the protein and enhances the protein kinase activity (PubMed:9748265),1,DYRK3-mT,O43781,Q15154,dark_kinome_ppi
Q9Y6M4,bait,Autophosphorylated,1,mT-CSNK1G3,Q9Y6M4,Q96NL0,dark_kinome_ppi
Q9Y6M4,bait,Autophosphorylated,1,mT-CSNK1G3,Q9Y6M4,Q2LD37,dark_kinome_ppi
Q9Y6M4,bait,Autophosphorylated,1,mT-CSNK1G3,Q9Y6M4,Q6ZMZ0,dark_kinome_ppi
Q9Y6M4,bait,Autophosphorylated,1,mT-CSNK1G3,Q9Y6M4,Q5T5P2,dark_kinome_ppi
Q9Y6M4,bait,Autophosphorylated,1,mT-CSNK1G3,Q9Y6M4,Q9HCS5,dark_kinome_ppi
Q9Y6M4,bait,Autophosphorylated,1,mT-CSNK1G3,Q9Y6M4,Q12767,dark_kinome_ppi
Q9Y6M4,bait,Autophosphorylated,1,mT-CSNK1G3,Q9Y6M4,Q14644,dark_kinome_ppi
Q9Y6M4,bait,Autophosphorylated,1,mT-CSNK1G3,Q9Y6M4,Q9ULI3,dark_kinome_ppi
Q9Y6M4,bait,Autophosphorylated,1,mT-CSNK1G3,Q9Y6M4,Q9NPG1,dark_kinome_ppi
Q9Y6M4,bait,Autophosphorylated,1,mT-CSNK1G3,Q9Y6M4,Q7Z5H3,dark_kinome_ppi
Q9Y6M4,bait,Autophosphorylated,1,mT-CSNK1G3,Q9Y6M4,Q9BSQ5,dark_kinome_ppi
Q9Y6M4,bait,Autophosphorylated,1,mT-CSNK1G3,Q9Y6M4,Q86VW2,dark_kinome_ppi
Q9Y6M4,bait,Autophosphorylated,1,mT-CSNK1G3,Q9Y6M4,Q01973,dark_kinome_ppi
Q9Y6M4,bait,Autophosphorylated,1,mT-CSNK1G3,Q9Y6M4,Q5T2T1,dark_kinome_ppi
Q9Y6M4,bait,Autophosphorylated,1,mT-CSNK1G3,Q9Y6M4,Q7Z5N4,dark_kinome_ppi
Q9Y6M4,bait,Autophosphorylated,1,mT-CSNK1G3,Q9Y6M4,Q9NV58,dark_kinome_ppi
Q9Y6M4,bait,Autophosphorylated,1,mT-CSNK1G3,Q9Y6M4,P36383,dark_kinome_ppi
Q9Y6M4,bait,Autophosphorylated,1,mT-CSNK1G3,Q9Y6M4,Q14114,dark_kinome_ppi
Q9Y6M4,bait,Autophosphorylated,1,mT-CSNK1G3,Q9Y6M4,Q14439,dark_kinome_ppi
Q8TD08,bait,Autophosphorylated on Thr-175 and Tyr-177; activates the enzyme,1,mT-MAPK15,Q8TD08,Q8IVD9,dark_kinome_ppi
Q8TD08,bait,Ubiquitinated (PubMed:19166846). Ubiquitination may allow its tight kinase activity regulation and rapid turnover. May be ubiquitinated by a SCF E3 ligase (By similarity),1,mT-MAPK15,Q8TD08,Q8IVD9,dark_kinome_ppi
Q8TD08,bait,Autophosphorylated on Thr-175 and Tyr-177; activates the enzyme,1,mT-MAPK15,Q8TD08,O00170,dark_kinome_ppi
Q8TD08,bait,Ubiquitinated (PubMed:19166846). Ubiquitination may allow its tight kinase activity regulation and rapid turnover. May be ubiquitinated by a SCF E3 ligase (By similarity),1,mT-MAPK15,Q8TD08,O00170,dark_kinome_ppi
Q9H422,bait,"Autophosphorylated, but autophosphorylation is not required for catalytic activity",1,HIPK3-mT,Q9H422,P15735,dark_kinome_ppi
Q9H422,bait,May be sumoylated,1,HIPK3-mT,Q9H422,P15735,dark_kinome_ppi
Q9H422,bait,"Autophosphorylated, but autophosphorylation is not required for catalytic activity",1,HIPK3-mT,Q9H422,Q93100,dark_kinome_ppi
Q9H422,bait,May be sumoylated,1,HIPK3-mT,Q9H422,Q93100,dark_kinome_ppi
Q9H422,bait,"Autophosphorylated, but autophosphorylation is not required for catalytic activity",1,HIPK3-mT,Q9H422,Q16816,dark_kinome_ppi
Q9H422,bait,May be sumoylated,1,HIPK3-mT,Q9H422,Q16816,dark_kinome_ppi
Q9H422,bait,"Autophosphorylated, but autophosphorylation is not required for catalytic activity",1,HIPK3-mT,Q9H422,P46019,dark_kinome_ppi
Q9H422,bait,May be sumoylated,1,HIPK3-mT,Q9H422,P46019,dark_kinome_ppi
Q9H422,bait,"Autophosphorylated, but autophosphorylation is not required for catalytic activity",1,HIPK3-mT,Q9H422,P46020,dark_kinome_ppi
Q9H422,bait,May be sumoylated,1,HIPK3-mT,Q9H422,P46020,dark_kinome_ppi
Q9H422,bait,"Autophosphorylated, but autophosphorylation is not required for catalytic activity",1,HIPK3-mT,Q9H422,Q9UHQ1,dark_kinome_ppi
Q9H422,bait,May be sumoylated,1,HIPK3-mT,Q9H422,Q9UHQ1,dark_kinome_ppi
Q9H422,bait,"Autophosphorylated, but autophosphorylation is not required for catalytic activity",1,HIPK3-mT,Q9H422,O43847,dark_kinome_ppi
Q9H422,bait,May be sumoylated,1,HIPK3-mT,Q9H422,O43847,dark_kinome_ppi
Q9H422,bait,"Autophosphorylated, but autophosphorylation is not required for catalytic activity",1,HIPK3-mT,Q9H422,Q9BRJ7,dark_kinome_ppi
Q9H422,bait,May be sumoylated,1,HIPK3-mT,Q9H422,Q9BRJ7,dark_kinome_ppi
Q9H422,bait,"Autophosphorylated, but autophosphorylation is not required for catalytic activity",1,HIPK3-mT,Q9H422,O60547,dark_kinome_ppi
Q9H422,bait,May be sumoylated,1,HIPK3-mT,Q9H422,O60547,dark_kinome_ppi
P11801,bait,Autophosphorylated on serine residues,1,mT-PSKH1,P11801,Q6UX07,dark_kinome_ppi
P11801,bait,Myristoylated. Required for membrane association. Prerequisite for palmitoylation to occur,1,mT-PSKH1,P11801,Q6UX07,dark_kinome_ppi
P11801,bait,Palmitoylated,1,mT-PSKH1,P11801,Q6UX07,dark_kinome_ppi
P11801,bait,Autophosphorylated on serine residues,1,mT-PSKH1,P11801,Q8IYH5,dark_kinome_ppi
P11801,bait,Myristoylated. Required for membrane association. Prerequisite for palmitoylation to occur,1,mT-PSKH1,P11801,Q8IYH5,dark_kinome_ppi
P11801,bait,Palmitoylated,1,mT-PSKH1,P11801,Q8IYH5,dark_kinome_ppi
P11801,bait,Autophosphorylated on serine residues,1,mT-PSKH1,P11801,Q9ULM3,dark_kinome_ppi
P11801,bait,Myristoylated. Required for membrane association. Prerequisite for palmitoylation to occur,1,mT-PSKH1,P11801,Q9ULM3,dark_kinome_ppi
P11801,bait,Palmitoylated,1,mT-PSKH1,P11801,Q9ULM3,dark_kinome_ppi
P11801,bait,Autophosphorylated on serine residues,1,mT-PSKH1,P11801,Q9H8E8,dark_kinome_ppi
P11801,bait,Myristoylated. Required for membrane association. Prerequisite for palmitoylation to occur,1,mT-PSKH1,P11801,Q9H8E8,dark_kinome_ppi
P11801,bait,Palmitoylated,1,mT-PSKH1,P11801,Q9H8E8,dark_kinome_ppi
P11801,bait,Autophosphorylated on serine residues,1,mT-PSKH1,P11801,Q9H501,dark_kinome_ppi
P11801,bait,Myristoylated. Required for membrane association. Prerequisite for palmitoylation to occur,1,mT-PSKH1,P11801,Q9H501,dark_kinome_ppi
P11801,bait,Palmitoylated,1,mT-PSKH1,P11801,Q9H501,dark_kinome_ppi
P11801,bait,Autophosphorylated on serine residues,1,mT-PSKH1,P11801,O14981,dark_kinome_ppi
P11801,bait,Myristoylated. Required for membrane association. Prerequisite for palmitoylation to occur,1,mT-PSKH1,P11801,O14981,dark_kinome_ppi
P11801,bait,Palmitoylated,1,mT-PSKH1,P11801,O14981,dark_kinome_ppi
P11801,bait,Autophosphorylated on serine residues,1,mT-PSKH1,P11801,Q92793,dark_kinome_ppi
P11801,bait,Myristoylated. Required for membrane association. Prerequisite for palmitoylation to occur,1,mT-PSKH1,P11801,Q92793,dark_kinome_ppi
P11801,bait,Palmitoylated,1,mT-PSKH1,P11801,Q92793,dark_kinome_ppi
P11801,bait,Autophosphorylated on serine residues,1,mT-PSKH1,P11801,P51948,dark_kinome_ppi
P11801,bait,Myristoylated. Required for membrane association. Prerequisite for palmitoylation to occur,1,mT-PSKH1,P11801,P51948,dark_kinome_ppi
P11801,bait,Palmitoylated,1,mT-PSKH1,P11801,P51948,dark_kinome_ppi
P11801,bait,Autophosphorylated on serine residues,1,mT-PSKH1,P11801,P49848,dark_kinome_ppi
P11801,bait,Myristoylated. Required for membrane association. Prerequisite for palmitoylation to occur,1,mT-PSKH1,P11801,P49848,dark_kinome_ppi
P11801,bait,Palmitoylated,1,mT-PSKH1,P11801,P49848,dark_kinome_ppi
Q86Y07,bait,Autophosphorylated,1,mT-VRK2,Q86Y07,O94901,dark_kinome_ppi
Q86Y07,bait,Autophosphorylated,1,mT-VRK2,Q86Y07,O94901,dark_kinome_ppi
Q86Y07,bait,Autophosphorylated,1,mT-VRK2,Q86Y07,Q07065,dark_kinome_ppi
Q86Y07,bait,Autophosphorylated,1,mT-VRK2,Q86Y07,Q07065,dark_kinome_ppi
Q86Y07,bait,Autophosphorylated,1,mT-VRK2,Q86Y07,P49069,dark_kinome_ppi
Q86Y07,bait,Autophosphorylated,1,mT-VRK2,Q86Y07,P49069,dark_kinome_ppi
Q86Y07,bait,Autophosphorylated,1,mT-VRK2,Q86Y07,Q96KC8,dark_kinome_ppi
Q86Y07,bait,Autophosphorylated,1,mT-VRK2,Q86Y07,Q96KC8,dark_kinome_ppi
Q86Y07,bait,Autophosphorylated,1,mT-VRK2,Q86Y07,P84157,dark_kinome_ppi
Q86Y07,bait,Autophosphorylated,1,mT-VRK2,Q86Y07,P84157,dark_kinome_ppi
Q86Y07,bait,Autophosphorylated,1,mT-VRK2,Q86Y07,Q6NUQ4,dark_kinome_ppi
Q86Y07,bait,Autophosphorylated,1,mT-VRK2,Q86Y07,Q6NUQ4,dark_kinome_ppi
Q86Y07,bait,Autophosphorylated,1,mT-VRK2,Q86Y07,Q92545,dark_kinome_ppi
Q86Y07,bait,Autophosphorylated,1,mT-VRK2,Q86Y07,Q92545,dark_kinome_ppi
Q86Y07,bait,Autophosphorylated,1,mT-VRK2,Q86Y07,Q9HBM0,dark_kinome_ppi
Q86Y07,bait,Autophosphorylated,1,mT-VRK2,Q86Y07,Q9HBM0,dark_kinome_ppi
Q86Y07,bait,Autophosphorylated,1,mT-VRK2,Q86Y07,Q86UP2,dark_kinome_ppi
Q86Y07,bait,Autophosphorylated,1,mT-VRK2,Q86Y07,Q86UP2,dark_kinome_ppi
Q9HAZ1,bait,Autophosphorylates on all three types of residues,1,mT-CLK4,Q9HAZ1,Q13490,dark_kinome_ppi
Q9HAZ1,bait,Autophosphorylates on all three types of residues,1,mT-CLK4,Q9HAZ1,Q14966,dark_kinome_ppi
Q9HAZ1,bait,Autophosphorylates on all three types of residues,1,mT-CLK4,Q9HAZ1,Q8IY81,dark_kinome_ppi
Q9HAZ1,bait,Autophosphorylates on all three types of residues,1,mT-CLK4,Q9HAZ1,Q5VTL8,dark_kinome_ppi
Q9HAZ1,bait,Autophosphorylates on all three types of residues,1,mT-CLK4,Q9HAZ1,Q2TBE0,dark_kinome_ppi
Q9HAZ1,bait,Autophosphorylates on all three types of residues,1,mT-CLK4,Q9HAZ1,Q9UKJ3,dark_kinome_ppi
Q9HAZ1,bait,Autophosphorylates on all three types of residues,1,mT-CLK4,Q9HAZ1,Q15596,dark_kinome_ppi
Q9HAZ1,bait,Autophosphorylates on all three types of residues,1,mT-CLK4,Q9HAZ1,O94913,dark_kinome_ppi
O14730,bait,Autophosphorylated (in vitro),1,mT-RIOK3,O14730,Q68CZ6,dark_kinome_ppi
O14730,bait,Autophosphorylated (in vitro),1,mT-RIOK3,O14730,O14802,dark_kinome_ppi
O14730,bait,Autophosphorylated (in vitro),1,mT-RIOK3,O14730,Q96JH7,dark_kinome_ppi
O14730,bait,Autophosphorylated (in vitro),1,mT-RIOK3,O14730,Q9H0W8,dark_kinome_ppi
O14730,bait,Autophosphorylated (in vitro),1,mT-RIOK3,O14730,Q9H3U1,dark_kinome_ppi
O14730,bait,Autophosphorylated (in vitro),1,mT-RIOK3,O14730,Q86TB9,dark_kinome_ppi
O14730,bait,Autophosphorylated (in vitro),1,mT-RIOK3,O14730,Q15942,dark_kinome_ppi
O14730,bait,Autophosphorylated (in vitro),1,mT-RIOK3,O14730,Q6P1N0,dark_kinome_ppi
O14730,bait,Autophosphorylated (in vitro),1,mT-RIOK3,O14730,O43303,dark_kinome_ppi
Q9P0L2,bait,"Phosphorylation at Thr-613 by PRKCZ/aPKC in polarized epithelial cells inhibits the kinase activity (By similarity). Phosphorylated at Thr-215 by STK11/LKB1 in complex with STE20-related adapter-alpha (STRADA) pseudo kinase and CAB39. Phosphorylation at Thr-215 by TAOK1 activates the kinase activity, leading to phosphorylation and detachment of MAPT/TAU from microtubules. Phosphorylation at Ser-219 by GSK3-beta (GSK3B) inhibits the kinase activity",1,mT-MARK1,Q9P0L2,P53355,dark_kinome_ppi
Q9P0L2,bait,"Phosphorylation at Thr-613 by PRKCZ/aPKC in polarized epithelial cells inhibits the kinase activity (By similarity). Phosphorylated at Thr-215 by STK11/LKB1 in complex with STE20-related adapter-alpha (STRADA) pseudo kinase and CAB39. Phosphorylation at Thr-215 by TAOK1 activates the kinase activity, leading to phosphorylation and detachment of MAPT/TAU from microtubules. Phosphorylation at Ser-219 by GSK3-beta (GSK3B) inhibits the kinase activity",1,mT-MARK1,Q9P0L2,Q9Y4B5,dark_kinome_ppi
Q9P0L2,bait,"Phosphorylation at Thr-613 by PRKCZ/aPKC in polarized epithelial cells inhibits the kinase activity (By similarity). Phosphorylated at Thr-215 by STK11/LKB1 in complex with STE20-related adapter-alpha (STRADA) pseudo kinase and CAB39. Phosphorylation at Thr-215 by TAOK1 activates the kinase activity, leading to phosphorylation and detachment of MAPT/TAU from microtubules. Phosphorylation at Ser-219 by GSK3-beta (GSK3B) inhibits the kinase activity",1,mT-MARK1,Q9P0L2,O94964,dark_kinome_ppi
Q9P0L2,bait,"Phosphorylation at Thr-613 by PRKCZ/aPKC in polarized epithelial cells inhibits the kinase activity (By similarity). Phosphorylated at Thr-215 by STK11/LKB1 in complex with STE20-related adapter-alpha (STRADA) pseudo kinase and CAB39. Phosphorylation at Thr-215 by TAOK1 activates the kinase activity, leading to phosphorylation and detachment of MAPT/TAU from microtubules. Phosphorylation at Ser-219 by GSK3-beta (GSK3B) inhibits the kinase activity",1,mT-MARK1,Q9P0L2,Q9NSK0,dark_kinome_ppi
Q9P0L2,bait,"Phosphorylation at Thr-613 by PRKCZ/aPKC in polarized epithelial cells inhibits the kinase activity (By similarity). Phosphorylated at Thr-215 by STK11/LKB1 in complex with STE20-related adapter-alpha (STRADA) pseudo kinase and CAB39. Phosphorylation at Thr-215 by TAOK1 activates the kinase activity, leading to phosphorylation and detachment of MAPT/TAU from microtubules. Phosphorylation at Ser-219 by GSK3-beta (GSK3B) inhibits the kinase activity",1,mT-MARK1,Q9P0L2,Q96NE9,dark_kinome_ppi
Q9P0L2,bait,"Phosphorylation at Thr-613 by PRKCZ/aPKC in polarized epithelial cells inhibits the kinase activity (By similarity). Phosphorylated at Thr-215 by STK11/LKB1 in complex with STE20-related adapter-alpha (STRADA) pseudo kinase and CAB39. Phosphorylation at Thr-215 by TAOK1 activates the kinase activity, leading to phosphorylation and detachment of MAPT/TAU from microtubules. Phosphorylation at Ser-219 by GSK3-beta (GSK3B) inhibits the kinase activity",1,mT-MARK1,Q9P0L2,Q15678,dark_kinome_ppi
Q9P0L2,bait,"Phosphorylation at Thr-613 by PRKCZ/aPKC in polarized epithelial cells inhibits the kinase activity (By similarity). Phosphorylated at Thr-215 by STK11/LKB1 in complex with STE20-related adapter-alpha (STRADA) pseudo kinase and CAB39. Phosphorylation at Thr-215 by TAOK1 activates the kinase activity, leading to phosphorylation and detachment of MAPT/TAU from microtubules. Phosphorylation at Ser-219 by GSK3-beta (GSK3B) inhibits the kinase activity",1,mT-MARK1,Q9P0L2,P46939,dark_kinome_ppi
Q9P0L2,bait,"Phosphorylation at Thr-613 by PRKCZ/aPKC in polarized epithelial cells inhibits the kinase activity (By similarity). Phosphorylated at Thr-215 by STK11/LKB1 in complex with STE20-related adapter-alpha (STRADA) pseudo kinase and CAB39. Phosphorylation at Thr-215 by TAOK1 activates the kinase activity, leading to phosphorylation and detachment of MAPT/TAU from microtubules. Phosphorylation at Ser-219 by GSK3-beta (GSK3B) inhibits the kinase activity",1,mT-MARK1,Q9P0L2,Q9C0H5,dark_kinome_ppi
Q9P0L2,bait,"Phosphorylation at Thr-613 by PRKCZ/aPKC in polarized epithelial cells inhibits the kinase activity (By similarity). Phosphorylated at Thr-215 by STK11/LKB1 in complex with STE20-related adapter-alpha (STRADA) pseudo kinase and CAB39. Phosphorylation at Thr-215 by TAOK1 activates the kinase activity, leading to phosphorylation and detachment of MAPT/TAU from microtubules. Phosphorylation at Ser-219 by GSK3-beta (GSK3B) inhibits the kinase activity",1,mT-MARK1,Q9P0L2,Q8TDM6,dark_kinome_ppi
Q96RR4,bait,Autophosphorylated and phosphorylated by PKA. Each isoform may show a different pattern of phosphorylation,1,mT-CAMKK2,Q96RR4,Q14789,dark_kinome_ppi
Q96RR4,bait,Autophosphorylated and phosphorylated by PKA. Each isoform may show a different pattern of phosphorylation,1,mT-CAMKK2,Q96RR4,Q8TEW0,dark_kinome_ppi
Q9BVS4,bait,"Autophosphorylated (in vitro) (PubMed:19564402, PubMed:21880710). Phosphorylation at Ser-335, Ser-380, Ser-548 by PLK1 affects the timing of the metaphase-anaphase transition (PubMed:21880710)",1,mT-RIOK2,Q9BVS4,Q96JN8,dark_kinome_ppi
Q9BVS4,bait,"Autophosphorylated (in vitro) (PubMed:19564402, PubMed:21880710). Phosphorylation at Ser-335, Ser-380, Ser-548 by PLK1 affects the timing of the metaphase-anaphase transition (PubMed:21880710)",1,mT-RIOK2,Q9BVS4,Q8WVS4,dark_kinome_ppi
Q9BVS4,bait,"Autophosphorylated (in vitro) (PubMed:19564402, PubMed:21880710). Phosphorylation at Ser-335, Ser-380, Ser-548 by PLK1 affects the timing of the metaphase-anaphase transition (PubMed:21880710)",1,mT-RIOK2,Q9BVS4,Q6IPM2,dark_kinome_ppi
Q9BVS4,bait,"Autophosphorylated (in vitro) (PubMed:19564402, PubMed:21880710). Phosphorylation at Ser-335, Ser-380, Ser-548 by PLK1 affects the timing of the metaphase-anaphase transition (PubMed:21880710)",1,mT-RIOK2,Q9BVS4,Q13574,dark_kinome_ppi
Q9BVS4,bait,"Autophosphorylated (in vitro) (PubMed:19564402, PubMed:21880710). Phosphorylation at Ser-335, Ser-380, Ser-548 by PLK1 affects the timing of the metaphase-anaphase transition (PubMed:21880710)",1,mT-RIOK2,Q9BVS4,Q9Y5T5,dark_kinome_ppi
Q9BVS4,bait,"Autophosphorylated (in vitro) (PubMed:19564402, PubMed:21880710). Phosphorylation at Ser-335, Ser-380, Ser-548 by PLK1 affects the timing of the metaphase-anaphase transition (PubMed:21880710)",1,mT-RIOK2,Q9BVS4,Q86US8,dark_kinome_ppi
Q9BVS4,bait,"Autophosphorylated (in vitro) (PubMed:19564402, PubMed:21880710). Phosphorylation at Ser-335, Ser-380, Ser-548 by PLK1 affects the timing of the metaphase-anaphase transition (PubMed:21880710)",1,mT-RIOK2,Q9BVS4,Q2NL82,dark_kinome_ppi
Q9BVS4,bait,"Autophosphorylated (in vitro) (PubMed:19564402, PubMed:21880710). Phosphorylation at Ser-335, Ser-380, Ser-548 by PLK1 affects the timing of the metaphase-anaphase transition (PubMed:21880710)",1,mT-RIOK2,Q9BVS4,Q2TB18,dark_kinome_ppi
Q9BVS4,bait,"Autophosphorylated (in vitro) (PubMed:19564402, PubMed:21880710). Phosphorylation at Ser-335, Ser-380, Ser-548 by PLK1 affects the timing of the metaphase-anaphase transition (PubMed:21880710)",1,mT-RIOK2,Q9BVS4,P62841,dark_kinome_ppi
Q9BVS4,bait,"Autophosphorylated (in vitro) (PubMed:19564402, PubMed:21880710). Phosphorylation at Ser-335, Ser-380, Ser-548 by PLK1 affects the timing of the metaphase-anaphase transition (PubMed:21880710)",1,mT-RIOK2,Q9BVS4,Q9BV73,dark_kinome_ppi
Q9BVS4,bait,"Autophosphorylated (in vitro) (PubMed:19564402, PubMed:21880710). Phosphorylation at Ser-335, Ser-380, Ser-548 by PLK1 affects the timing of the metaphase-anaphase transition (PubMed:21880710)",1,mT-RIOK2,Q9BVS4,Q12899,dark_kinome_ppi
Q9BVS4,bait,"Autophosphorylated (in vitro) (PubMed:19564402, PubMed:21880710). Phosphorylation at Ser-335, Ser-380, Ser-548 by PLK1 affects the timing of the metaphase-anaphase transition (PubMed:21880710)",1,mT-RIOK2,Q9BVS4,Q9P2D0,dark_kinome_ppi
Q9BVS4,bait,"Autophosphorylated (in vitro) (PubMed:19564402, PubMed:21880710). Phosphorylation at Ser-335, Ser-380, Ser-548 by PLK1 affects the timing of the metaphase-anaphase transition (PubMed:21880710)",1,mT-RIOK2,Q9BVS4,Q13615,dark_kinome_ppi
Q9BVS4,bait,"Autophosphorylated (in vitro) (PubMed:19564402, PubMed:21880710). Phosphorylation at Ser-335, Ser-380, Ser-548 by PLK1 affects the timing of the metaphase-anaphase transition (PubMed:21880710)",1,mT-RIOK2,Q9BVS4,O95714,dark_kinome_ppi
Q9BVS4,bait,"Autophosphorylated (in vitro) (PubMed:19564402, PubMed:21880710). Phosphorylation at Ser-335, Ser-380, Ser-548 by PLK1 affects the timing of the metaphase-anaphase transition (PubMed:21880710)",1,mT-RIOK2,Q9BVS4,Q5VYS8,dark_kinome_ppi
Q9BVS4,bait,"Autophosphorylated (in vitro) (PubMed:19564402, PubMed:21880710). Phosphorylation at Ser-335, Ser-380, Ser-548 by PLK1 affects the timing of the metaphase-anaphase transition (PubMed:21880710)",1,mT-RIOK2,Q9BVS4,Q5VW36,dark_kinome_ppi
Q9BVS4,bait,"Autophosphorylated (in vitro) (PubMed:19564402, PubMed:21880710). Phosphorylation at Ser-335, Ser-380, Ser-548 by PLK1 affects the timing of the metaphase-anaphase transition (PubMed:21880710)",1,mT-RIOK2,Q9BVS4,Q96GA3,dark_kinome_ppi
Q9BVS4,bait,"Autophosphorylated (in vitro) (PubMed:19564402, PubMed:21880710). Phosphorylation at Ser-335, Ser-380, Ser-548 by PLK1 affects the timing of the metaphase-anaphase transition (PubMed:21880710)",1,mT-RIOK2,Q9BVS4,Q8N9N2,dark_kinome_ppi
Q9BVS4,bait,"Autophosphorylated (in vitro) (PubMed:19564402, PubMed:21880710). Phosphorylation at Ser-335, Ser-380, Ser-548 by PLK1 affects the timing of the metaphase-anaphase transition (PubMed:21880710)",1,mT-RIOK2,Q9BVS4,Q9NZJ4,dark_kinome_ppi
Q9BVS4,bait,"Autophosphorylated (in vitro) (PubMed:19564402, PubMed:21880710). Phosphorylation at Ser-335, Ser-380, Ser-548 by PLK1 affects the timing of the metaphase-anaphase transition (PubMed:21880710)",1,mT-RIOK2,Q9BVS4,Q02833,dark_kinome_ppi
Q9BVS4,bait,"Autophosphorylated (in vitro) (PubMed:19564402, PubMed:21880710). Phosphorylation at Ser-335, Ser-380, Ser-548 by PLK1 affects the timing of the metaphase-anaphase transition (PubMed:21880710)",1,mT-RIOK2,Q9BVS4,Q8IYA6,dark_kinome_ppi
Q9BVS4,bait,"Autophosphorylated (in vitro) (PubMed:19564402, PubMed:21880710). Phosphorylation at Ser-335, Ser-380, Ser-548 by PLK1 affects the timing of the metaphase-anaphase transition (PubMed:21880710)",1,mT-RIOK2,Q9BVS4,Q9UKV8,dark_kinome_ppi
Q9BVS4,bait,"Autophosphorylated (in vitro) (PubMed:19564402, PubMed:21880710). Phosphorylation at Ser-335, Ser-380, Ser-548 by PLK1 affects the timing of the metaphase-anaphase transition (PubMed:21880710)",1,mT-RIOK2,Q9BVS4,O95985,dark_kinome_ppi
Q9BVS4,bait,"Autophosphorylated (in vitro) (PubMed:19564402, PubMed:21880710). Phosphorylation at Ser-335, Ser-380, Ser-548 by PLK1 affects the timing of the metaphase-anaphase transition (PubMed:21880710)",1,mT-RIOK2,Q9BVS4,Q96BD8,dark_kinome_ppi
Q9BVS4,bait,"Autophosphorylated (in vitro) (PubMed:19564402, PubMed:21880710). Phosphorylation at Ser-335, Ser-380, Ser-548 by PLK1 affects the timing of the metaphase-anaphase transition (PubMed:21880710)",1,mT-RIOK2,Q9BVS4,Q9H7E2,dark_kinome_ppi
Q9BVS4,bait,"Autophosphorylated (in vitro) (PubMed:19564402, PubMed:21880710). Phosphorylation at Ser-335, Ser-380, Ser-548 by PLK1 affects the timing of the metaphase-anaphase transition (PubMed:21880710)",1,mT-RIOK2,Q9BVS4,Q9BY12,dark_kinome_ppi
Q9BVS4,bait,"Autophosphorylated (in vitro) (PubMed:19564402, PubMed:21880710). Phosphorylation at Ser-335, Ser-380, Ser-548 by PLK1 affects the timing of the metaphase-anaphase transition (PubMed:21880710)",1,mT-RIOK2,Q9BVS4,Q12986,dark_kinome_ppi
Q9BVS4,bait,"Autophosphorylated (in vitro) (PubMed:19564402, PubMed:21880710). Phosphorylation at Ser-335, Ser-380, Ser-548 by PLK1 affects the timing of the metaphase-anaphase transition (PubMed:21880710)",1,mT-RIOK2,Q9BVS4,Q9UPY3,dark_kinome_ppi
Q9BVS4,bait,"Autophosphorylated (in vitro) (PubMed:19564402, PubMed:21880710). Phosphorylation at Ser-335, Ser-380, Ser-548 by PLK1 affects the timing of the metaphase-anaphase transition (PubMed:21880710)",1,mT-RIOK2,Q9BVS4,Q2M389,dark_kinome_ppi
Q9BVS4,bait,"Autophosphorylated (in vitro) (PubMed:19564402, PubMed:21880710). Phosphorylation at Ser-335, Ser-380, Ser-548 by PLK1 affects the timing of the metaphase-anaphase transition (PubMed:21880710)",1,mT-RIOK2,Q9BVS4,Q9UPQ7,dark_kinome_ppi
Q9BVS4,bait,"Autophosphorylated (in vitro) (PubMed:19564402, PubMed:21880710). Phosphorylation at Ser-335, Ser-380, Ser-548 by PLK1 affects the timing of the metaphase-anaphase transition (PubMed:21880710)",1,mT-RIOK2,Q9BVS4,Q9ULD2,dark_kinome_ppi
Q9BVS4,bait,"Autophosphorylated (in vitro) (PubMed:19564402, PubMed:21880710). Phosphorylation at Ser-335, Ser-380, Ser-548 by PLK1 affects the timing of the metaphase-anaphase transition (PubMed:21880710)",1,mT-RIOK2,Q9BVS4,Q5SZL2,dark_kinome_ppi
Q9BVS4,bait,"Autophosphorylated (in vitro) (PubMed:19564402, PubMed:21880710). Phosphorylation at Ser-335, Ser-380, Ser-548 by PLK1 affects the timing of the metaphase-anaphase transition (PubMed:21880710)",1,mT-RIOK2,Q9BVS4,Q9NYA4,dark_kinome_ppi
Q9BVS4,bait,"Autophosphorylated (in vitro) (PubMed:19564402, PubMed:21880710). Phosphorylation at Ser-335, Ser-380, Ser-548 by PLK1 affects the timing of the metaphase-anaphase transition (PubMed:21880710)",1,mT-RIOK2,Q9BVS4,O76039,dark_kinome_ppi
Q9BVS4,bait,"Autophosphorylated (in vitro) (PubMed:19564402, PubMed:21880710). Phosphorylation at Ser-335, Ser-380, Ser-548 by PLK1 affects the timing of the metaphase-anaphase transition (PubMed:21880710)",1,mT-RIOK2,Q9BVS4,Q9HAP2,dark_kinome_ppi
Q9BVS4,bait,"Autophosphorylated (in vitro) (PubMed:19564402, PubMed:21880710). Phosphorylation at Ser-335, Ser-380, Ser-548 by PLK1 affects the timing of the metaphase-anaphase transition (PubMed:21880710)",1,mT-RIOK2,Q9BVS4,Q14679,dark_kinome_ppi
Q9BVS4,bait,"Autophosphorylated (in vitro) (PubMed:19564402, PubMed:21880710). Phosphorylation at Ser-335, Ser-380, Ser-548 by PLK1 affects the timing of the metaphase-anaphase transition (PubMed:21880710)",1,mT-RIOK2,Q9BVS4,P30622,dark_kinome_ppi
Q9BVS4,bait,"Autophosphorylated (in vitro) (PubMed:19564402, PubMed:21880710). Phosphorylation at Ser-335, Ser-380, Ser-548 by PLK1 affects the timing of the metaphase-anaphase transition (PubMed:21880710)",1,mT-RIOK2,Q9BVS4,Q5TB80,dark_kinome_ppi
Q9BVS4,bait,"Autophosphorylated (in vitro) (PubMed:19564402, PubMed:21880710). Phosphorylation at Ser-335, Ser-380, Ser-548 by PLK1 affects the timing of the metaphase-anaphase transition (PubMed:21880710)",1,mT-RIOK2,Q9BVS4,Q9H1I8,dark_kinome_ppi
Q9BVS4,bait,"Autophosphorylated (in vitro) (PubMed:19564402, PubMed:21880710). Phosphorylation at Ser-335, Ser-380, Ser-548 by PLK1 affects the timing of the metaphase-anaphase transition (PubMed:21880710)",1,mT-RIOK2,Q9BVS4,O95905,dark_kinome_ppi
Q9BVS4,bait,"Autophosphorylated (in vitro) (PubMed:19564402, PubMed:21880710). Phosphorylation at Ser-335, Ser-380, Ser-548 by PLK1 affects the timing of the metaphase-anaphase transition (PubMed:21880710)",1,mT-RIOK2,Q9BVS4,P54296,dark_kinome_ppi
Q9BVS4,bait,"Autophosphorylated (in vitro) (PubMed:19564402, PubMed:21880710). Phosphorylation at Ser-335, Ser-380, Ser-548 by PLK1 affects the timing of the metaphase-anaphase transition (PubMed:21880710)",1,mT-RIOK2,Q9BVS4,O75436,dark_kinome_ppi
Q9BVS4,bait,"Autophosphorylated (in vitro) (PubMed:19564402, PubMed:21880710). Phosphorylation at Ser-335, Ser-380, Ser-548 by PLK1 affects the timing of the metaphase-anaphase transition (PubMed:21880710)",1,mT-RIOK2,Q9BVS4,Q52LW3,dark_kinome_ppi
Q9Y463,bait,Autophosphorylated on tyrosine residues. Phosphorylated by MAP kinase. Tyrosine phosphorylation may be required for dimerization,1,mT-DYRK1B,Q9Y463,Q92539,dark_kinome_ppi
Q9Y463,bait,Autophosphorylated on tyrosine residues. Phosphorylated by MAP kinase. Tyrosine phosphorylation may be required for dimerization,1,mT-DYRK1B,Q9Y463,Q71SY5,dark_kinome_ppi
Q9Y463,bait,Autophosphorylated on tyrosine residues. Phosphorylated by MAP kinase. Tyrosine phosphorylation may be required for dimerization,1,mT-DYRK1B,Q9Y463,Q13233,dark_kinome_ppi
Q9Y463,bait,Autophosphorylated on tyrosine residues. Phosphorylated by MAP kinase. Tyrosine phosphorylation may be required for dimerization,1,mT-DYRK1B,Q9Y463,Q13796,dark_kinome_ppi
Q9Y463,bait,Autophosphorylated on tyrosine residues. Phosphorylated by MAP kinase. Tyrosine phosphorylation may be required for dimerization,1,mT-DYRK1B,Q9Y463,Q9H4W6,dark_kinome_ppi
Q9Y463,bait,Autophosphorylated on tyrosine residues. Phosphorylated by MAP kinase. Tyrosine phosphorylation may be required for dimerization,1,mT-DYRK1B,Q9Y463,Q6ZSY5,dark_kinome_ppi
Q9Y463,bait,Autophosphorylated on tyrosine residues. Phosphorylated by MAP kinase. Tyrosine phosphorylation may be required for dimerization,1,mT-DYRK1B,Q9Y463,Q9NYF3,dark_kinome_ppi
Q9Y463,bait,Autophosphorylated on tyrosine residues. Phosphorylated by MAP kinase. Tyrosine phosphorylation may be required for dimerization,1,mT-DYRK1B,Q9Y463,Q9C073,dark_kinome_ppi
Q9Y463,bait,Autophosphorylated on tyrosine residues. Phosphorylated by MAP kinase. Tyrosine phosphorylation may be required for dimerization,1,mT-DYRK1B,Q9Y463,Q9HAZ2,dark_kinome_ppi
Q9Y463,bait,Autophosphorylated on tyrosine residues. Phosphorylated by MAP kinase. Tyrosine phosphorylation may be required for dimerization,1,mT-DYRK1B,Q9Y463,Q08999,dark_kinome_ppi
Q8IWU2,bait,Autophosphorylated. Phosphorylated (By similarity),1,mT-LMTK2,Q8IWU2,Q15005,dark_kinome_ppi
Q8IWU2,bait,Autophosphorylated. Phosphorylated (By similarity),1,mT-LMTK2,Q8IWU2,Q9H920,dark_kinome_ppi
Q8IWU2,bait,Autophosphorylated. Phosphorylated (By similarity),1,mT-LMTK2,Q8IWU2,Q9Y6I9,dark_kinome_ppi
Q8IWU2,bait,Autophosphorylated. Phosphorylated (By similarity),1,mT-LMTK2,Q8IWU2,Q86UP2,dark_kinome_ppi
Q8IWU2,bait,Autophosphorylated. Phosphorylated (By similarity),1,mT-LMTK2,Q8IWU2,P63167,dark_kinome_ppi
Q8IWU2,bait,Autophosphorylated. Phosphorylated (By similarity),1,mT-LMTK2,Q8IWU2,Q5VV42,dark_kinome_ppi
Q8IWU2,bait,Autophosphorylated. Phosphorylated (By similarity),1,mT-LMTK2,Q8IWU2,Q9BTX1,dark_kinome_ppi
Q8IWU2,bait,Autophosphorylated. Phosphorylated (By similarity),1,mT-LMTK2,Q8IWU2,P51648,dark_kinome_ppi
Q8IWU2,bait,Autophosphorylated. Phosphorylated (By similarity),1,mT-LMTK2,Q8IWU2,P08708,dark_kinome_ppi
O14874,bait,Autophosphorylated,1,BCKDK-mT,O14874,Q5T2R2,dark_kinome_ppi
O14874,bait,Autophosphorylated,1,BCKDK-mT,O14874,Q9UI32,dark_kinome_ppi
O14874,bait,Autophosphorylated,1,BCKDK-mT,O14874,Q8N3R3,dark_kinome_ppi
O14874,bait,Autophosphorylated,1,BCKDK-mT,O14874,Q9NPE2,dark_kinome_ppi
O14874,bait,Autophosphorylated,1,BCKDK-mT,O14874,Q8WWV3,dark_kinome_ppi
O14874,bait,Autophosphorylated,1,BCKDK-mT,O14874,Q9NUB1,dark_kinome_ppi
O14874,bait,Autophosphorylated,1,BCKDK-mT,O14874,Q02218,dark_kinome_ppi
O14874,bait,Autophosphorylated,1,BCKDK-mT,O14874,O43766,dark_kinome_ppi
O14874,bait,Autophosphorylated,1,BCKDK-mT,O14874,P78540,dark_kinome_ppi
O14874,bait,Autophosphorylated,1,BCKDK-mT,O14874,P10109,dark_kinome_ppi
O14874,bait,Autophosphorylated,1,BCKDK-mT,O14874,Q9BQ95,dark_kinome_ppi
O14874,bait,Autophosphorylated,1,BCKDK-mT,O14874,P43155,dark_kinome_ppi
O14874,bait,Autophosphorylated,1,BCKDK-mT,O14874,Q6P161,dark_kinome_ppi
O14874,bait,Autophosphorylated,1,BCKDK-mT,O14874,P30038,dark_kinome_ppi
O14874,bait,Autophosphorylated,1,BCKDK-mT,O14874,Q5SXM8,dark_kinome_ppi
O14874,bait,Autophosphorylated,1,BCKDK-mT,O14874,Q7Z6M4,dark_kinome_ppi
O14874,bait,Autophosphorylated,1,BCKDK-mT,O14874,Q86UY8,dark_kinome_ppi
Q99640,bait,Autophosphorylated. Phosphorylated by CDC2-CCNB1 complexes on undefined serine and threonine residues. The phosphorylation by CDC2-CCNB1 complexes may inhibit the catalytic activity,1,PKMYT1-mT,Q99640,Q8IUH4,dark_kinome_ppi
Q99640,bait,Autophosphorylated. Phosphorylated by CDC2-CCNB1 complexes on undefined serine and threonine residues. The phosphorylation by CDC2-CCNB1 complexes may inhibit the catalytic activity,1,PKMYT1-mT,Q99640,O94851,dark_kinome_ppi
Q99640,bait,Autophosphorylated. Phosphorylated by CDC2-CCNB1 complexes on undefined serine and threonine residues. The phosphorylation by CDC2-CCNB1 complexes may inhibit the catalytic activity,1,PKMYT1-mT,Q99640,Q13370,dark_kinome_ppi
Q99640,bait,Autophosphorylated. Phosphorylated by CDC2-CCNB1 complexes on undefined serine and threonine residues. The phosphorylation by CDC2-CCNB1 complexes may inhibit the catalytic activity,1,PKMYT1-mT,Q99640,Q99758,dark_kinome_ppi
Q99640,bait,Autophosphorylated. Phosphorylated by CDC2-CCNB1 complexes on undefined serine and threonine residues. The phosphorylation by CDC2-CCNB1 complexes may inhibit the catalytic activity,1,PKMYT1-mT,Q99640,Q7Z3D4,dark_kinome_ppi
Q99640,bait,Autophosphorylated. Phosphorylated by CDC2-CCNB1 complexes on undefined serine and threonine residues. The phosphorylation by CDC2-CCNB1 complexes may inhibit the catalytic activity,1,PKMYT1-mT,Q99640,O75197,dark_kinome_ppi
Q99640,bait,Autophosphorylated. Phosphorylated by CDC2-CCNB1 complexes on undefined serine and threonine residues. The phosphorylation by CDC2-CCNB1 complexes may inhibit the catalytic activity,1,PKMYT1-mT,Q99640,Q9UHQ9,dark_kinome_ppi
Q99640,bait,Autophosphorylated. Phosphorylated by CDC2-CCNB1 complexes on undefined serine and threonine residues. The phosphorylation by CDC2-CCNB1 complexes may inhibit the catalytic activity,1,PKMYT1-mT,Q99640,A2VDJ0,dark_kinome_ppi
Q99640,bait,Autophosphorylated. Phosphorylated by CDC2-CCNB1 complexes on undefined serine and threonine residues. The phosphorylation by CDC2-CCNB1 complexes may inhibit the catalytic activity,1,PKMYT1-mT,Q99640,O15121,dark_kinome_ppi
Q99640,bait,Autophosphorylated. Phosphorylated by CDC2-CCNB1 complexes on undefined serine and threonine residues. The phosphorylation by CDC2-CCNB1 complexes may inhibit the catalytic activity,1,PKMYT1-mT,Q99640,Q6GPH6,dark_kinome_ppi
Q99640,bait,Autophosphorylated. Phosphorylated by CDC2-CCNB1 complexes on undefined serine and threonine residues. The phosphorylation by CDC2-CCNB1 complexes may inhibit the catalytic activity,1,PKMYT1-mT,Q99640,Q9Y2K6,dark_kinome_ppi
Q99640,bait,Autophosphorylated. Phosphorylated by CDC2-CCNB1 complexes on undefined serine and threonine residues. The phosphorylation by CDC2-CCNB1 complexes may inhibit the catalytic activity,1,PKMYT1-mT,Q99640,Q5K4L6,dark_kinome_ppi
Q99640,bait,Autophosphorylated. Phosphorylated by CDC2-CCNB1 complexes on undefined serine and threonine residues. The phosphorylation by CDC2-CCNB1 complexes may inhibit the catalytic activity,1,PKMYT1-mT,Q99640,Q9H3E2,dark_kinome_ppi
Q99640,bait,Autophosphorylated. Phosphorylated by CDC2-CCNB1 complexes on undefined serine and threonine residues. The phosphorylation by CDC2-CCNB1 complexes may inhibit the catalytic activity,1,PKMYT1-mT,Q99640,Q92896,dark_kinome_ppi
Q99640,bait,Autophosphorylated. Phosphorylated by CDC2-CCNB1 complexes on undefined serine and threonine residues. The phosphorylation by CDC2-CCNB1 complexes may inhibit the catalytic activity,1,PKMYT1-mT,Q99640,Q9H2G9,dark_kinome_ppi
Q99640,bait,Autophosphorylated. Phosphorylated by CDC2-CCNB1 complexes on undefined serine and threonine residues. The phosphorylation by CDC2-CCNB1 complexes may inhibit the catalytic activity,1,PKMYT1-mT,Q99640,Q6NUM9,dark_kinome_ppi
Q99640,bait,Autophosphorylated. Phosphorylated by CDC2-CCNB1 complexes on undefined serine and threonine residues. The phosphorylation by CDC2-CCNB1 complexes may inhibit the catalytic activity,1,PKMYT1-mT,Q99640,Q99941,dark_kinome_ppi
Q99640,bait,Autophosphorylated. Phosphorylated by CDC2-CCNB1 complexes on undefined serine and threonine residues. The phosphorylation by CDC2-CCNB1 complexes may inhibit the catalytic activity,1,PKMYT1-mT,Q99640,O14653,dark_kinome_ppi
Q99640,bait,Autophosphorylated. Phosphorylated by CDC2-CCNB1 complexes on undefined serine and threonine residues. The phosphorylation by CDC2-CCNB1 complexes may inhibit the catalytic activity,1,PKMYT1-mT,Q99640,Q96CP6,dark_kinome_ppi
Q99640,bait,Autophosphorylated. Phosphorylated by CDC2-CCNB1 complexes on undefined serine and threonine residues. The phosphorylation by CDC2-CCNB1 complexes may inhibit the catalytic activity,1,PKMYT1-mT,Q99640,Q6ZS30,dark_kinome_ppi
Q99640,bait,Autophosphorylated. Phosphorylated by CDC2-CCNB1 complexes on undefined serine and threonine residues. The phosphorylation by CDC2-CCNB1 complexes may inhibit the catalytic activity,1,PKMYT1-mT,Q99640,Q6ZMZ3,dark_kinome_ppi
Q99640,bait,Autophosphorylated. Phosphorylated by CDC2-CCNB1 complexes on undefined serine and threonine residues. The phosphorylation by CDC2-CCNB1 complexes may inhibit the catalytic activity,1,PKMYT1-mT,Q99640,Q9UBS9,dark_kinome_ppi
Q99640,bait,Autophosphorylated. Phosphorylated by CDC2-CCNB1 complexes on undefined serine and threonine residues. The phosphorylation by CDC2-CCNB1 complexes may inhibit the catalytic activity,1,PKMYT1-mT,Q99640,O95249,dark_kinome_ppi
Q99640,bait,Autophosphorylated. Phosphorylated by CDC2-CCNB1 complexes on undefined serine and threonine residues. The phosphorylation by CDC2-CCNB1 complexes may inhibit the catalytic activity,1,PKMYT1-mT,Q99640,Q8IYS0,dark_kinome_ppi
Q99640,bait,Autophosphorylated. Phosphorylated by CDC2-CCNB1 complexes on undefined serine and threonine residues. The phosphorylation by CDC2-CCNB1 complexes may inhibit the catalytic activity,1,PKMYT1-mT,Q99640,Q9UBV7,dark_kinome_ppi
Q99640,bait,Autophosphorylated. Phosphorylated by CDC2-CCNB1 complexes on undefined serine and threonine residues. The phosphorylation by CDC2-CCNB1 complexes may inhibit the catalytic activity,1,PKMYT1-mT,Q99640,P04035,dark_kinome_ppi
Q99640,bait,Autophosphorylated. Phosphorylated by CDC2-CCNB1 complexes on undefined serine and threonine residues. The phosphorylation by CDC2-CCNB1 complexes may inhibit the catalytic activity,1,PKMYT1-mT,Q99640,Q14573,dark_kinome_ppi
Q99640,bait,Autophosphorylated. Phosphorylated by CDC2-CCNB1 complexes on undefined serine and threonine residues. The phosphorylation by CDC2-CCNB1 complexes may inhibit the catalytic activity,1,PKMYT1-mT,Q99640,O94898,dark_kinome_ppi
Q8IWQ3,bait,"Phosphorylated at Thr-174 by STK11/LKB1 in complex with STE20-related adapter-alpha (STRADA) pseudo kinase and CAB39. Not phosphorylated at Thr-174 by CaMKK2. In contrast, it is phosphorylated and activated by CaMKK1. May be inactivated via dephosphorylation of Thr-174 by PP2C. Phosphorylated at Thr-260 by PKA. Phosphorylation at Thr-260 by PKA was not observed in another study (PubMed:18339622), but this may reflect differences in the experimental approach. Phosphorylation at Thr-260 seems to play a role in the regulation of insulin secretion (PubMed:22669945)",1,mT-BRSK2,Q8IWQ3,Q8TDC3,dark_kinome_ppi
Q8IWQ3,bait,"Polyubiquitinated by the APC complex in conjunction with FZR1, leading to its proteasomal degradation. Targeted for proteasomal degradation by interaction with COPS5. BRSK2 levels change during the cell cycle. BRSK2 levels are low at the G1/S boundary and gradually increase as cells progress into G2 phase. BRSK2 levels decrease rapidly at the end of mitosis",1,mT-BRSK2,Q8IWQ3,Q8TDC3,dark_kinome_ppi
Q8IWQ3,bait,"Phosphorylated at Thr-174 by STK11/LKB1 in complex with STE20-related adapter-alpha (STRADA) pseudo kinase and CAB39. Not phosphorylated at Thr-174 by CaMKK2. In contrast, it is phosphorylated and activated by CaMKK1. May be inactivated via dephosphorylation of Thr-174 by PP2C. Phosphorylated at Thr-260 by PKA. Phosphorylation at Thr-260 by PKA was not observed in another study (PubMed:18339622), but this may reflect differences in the experimental approach. Phosphorylation at Thr-260 seems to play a role in the regulation of insulin secretion (PubMed:22669945)",1,mT-BRSK2,Q8IWQ3,Q13425,dark_kinome_ppi
Q8IWQ3,bait,"Polyubiquitinated by the APC complex in conjunction with FZR1, leading to its proteasomal degradation. Targeted for proteasomal degradation by interaction with COPS5. BRSK2 levels change during the cell cycle. BRSK2 levels are low at the G1/S boundary and gradually increase as cells progress into G2 phase. BRSK2 levels decrease rapidly at the end of mitosis",1,mT-BRSK2,Q8IWQ3,Q13425,dark_kinome_ppi
Q8IWQ3,bait,"Phosphorylated at Thr-174 by STK11/LKB1 in complex with STE20-related adapter-alpha (STRADA) pseudo kinase and CAB39. Not phosphorylated at Thr-174 by CaMKK2. In contrast, it is phosphorylated and activated by CaMKK1. May be inactivated via dephosphorylation of Thr-174 by PP2C. Phosphorylated at Thr-260 by PKA. Phosphorylation at Thr-260 by PKA was not observed in another study (PubMed:18339622), but this may reflect differences in the experimental approach. Phosphorylation at Thr-260 seems to play a role in the regulation of insulin secretion (PubMed:22669945)",1,mT-BRSK2,Q8IWQ3,Q8IUZ0,dark_kinome_ppi
Q8IWQ3,bait,"Polyubiquitinated by the APC complex in conjunction with FZR1, leading to its proteasomal degradation. Targeted for proteasomal degradation by interaction with COPS5. BRSK2 levels change during the cell cycle. BRSK2 levels are low at the G1/S boundary and gradually increase as cells progress into G2 phase. BRSK2 levels decrease rapidly at the end of mitosis",1,mT-BRSK2,Q8IWQ3,Q8IUZ0,dark_kinome_ppi
Q8IWQ3,bait,"Phosphorylated at Thr-174 by STK11/LKB1 in complex with STE20-related adapter-alpha (STRADA) pseudo kinase and CAB39. Not phosphorylated at Thr-174 by CaMKK2. In contrast, it is phosphorylated and activated by CaMKK1. May be inactivated via dephosphorylation of Thr-174 by PP2C. Phosphorylated at Thr-260 by PKA. Phosphorylation at Thr-260 by PKA was not observed in another study (PubMed:18339622), but this may reflect differences in the experimental approach. Phosphorylation at Thr-260 seems to play a role in the regulation of insulin secretion (PubMed:22669945)",1,mT-BRSK2,Q8IWQ3,Q96BD8,dark_kinome_ppi
Q8IWQ3,bait,"Polyubiquitinated by the APC complex in conjunction with FZR1, leading to its proteasomal degradation. Targeted for proteasomal degradation by interaction with COPS5. BRSK2 levels change during the cell cycle. BRSK2 levels are low at the G1/S boundary and gradually increase as cells progress into G2 phase. BRSK2 levels decrease rapidly at the end of mitosis",1,mT-BRSK2,Q8IWQ3,Q96BD8,dark_kinome_ppi
Q8IWQ3,bait,"Phosphorylated at Thr-174 by STK11/LKB1 in complex with STE20-related adapter-alpha (STRADA) pseudo kinase and CAB39. Not phosphorylated at Thr-174 by CaMKK2. In contrast, it is phosphorylated and activated by CaMKK1. May be inactivated via dephosphorylation of Thr-174 by PP2C. Phosphorylated at Thr-260 by PKA. Phosphorylation at Thr-260 by PKA was not observed in another study (PubMed:18339622), but this may reflect differences in the experimental approach. Phosphorylation at Thr-260 seems to play a role in the regulation of insulin secretion (PubMed:22669945)",1,mT-BRSK2,Q8IWQ3,P33947,dark_kinome_ppi
Q8IWQ3,bait,"Polyubiquitinated by the APC complex in conjunction with FZR1, leading to its proteasomal degradation. Targeted for proteasomal degradation by interaction with COPS5. BRSK2 levels change during the cell cycle. BRSK2 levels are low at the G1/S boundary and gradually increase as cells progress into G2 phase. BRSK2 levels decrease rapidly at the end of mitosis",1,mT-BRSK2,Q8IWQ3,P33947,dark_kinome_ppi
Q8IWQ3,bait,"Phosphorylated at Thr-174 by STK11/LKB1 in complex with STE20-related adapter-alpha (STRADA) pseudo kinase and CAB39. Not phosphorylated at Thr-174 by CaMKK2. In contrast, it is phosphorylated and activated by CaMKK1. May be inactivated via dephosphorylation of Thr-174 by PP2C. Phosphorylated at Thr-260 by PKA. Phosphorylation at Thr-260 by PKA was not observed in another study (PubMed:18339622), but this may reflect differences in the experimental approach. Phosphorylation at Thr-260 seems to play a role in the regulation of insulin secretion (PubMed:22669945)",1,mT-BRSK2,Q8IWQ3,Q9P2D0,dark_kinome_ppi
Q8IWQ3,bait,"Polyubiquitinated by the APC complex in conjunction with FZR1, leading to its proteasomal degradation. Targeted for proteasomal degradation by interaction with COPS5. BRSK2 levels change during the cell cycle. BRSK2 levels are low at the G1/S boundary and gradually increase as cells progress into G2 phase. BRSK2 levels decrease rapidly at the end of mitosis",1,mT-BRSK2,Q8IWQ3,Q9P2D0,dark_kinome_ppi
Q8IWQ3,bait,"Phosphorylated at Thr-174 by STK11/LKB1 in complex with STE20-related adapter-alpha (STRADA) pseudo kinase and CAB39. Not phosphorylated at Thr-174 by CaMKK2. In contrast, it is phosphorylated and activated by CaMKK1. May be inactivated via dephosphorylation of Thr-174 by PP2C. Phosphorylated at Thr-260 by PKA. Phosphorylation at Thr-260 by PKA was not observed in another study (PubMed:18339622), but this may reflect differences in the experimental approach. Phosphorylation at Thr-260 seems to play a role in the regulation of insulin secretion (PubMed:22669945)",1,mT-BRSK2,Q8IWQ3,Q8N1F8,dark_kinome_ppi
Q8IWQ3,bait,"Polyubiquitinated by the APC complex in conjunction with FZR1, leading to its proteasomal degradation. Targeted for proteasomal degradation by interaction with COPS5. BRSK2 levels change during the cell cycle. BRSK2 levels are low at the G1/S boundary and gradually increase as cells progress into G2 phase. BRSK2 levels decrease rapidly at the end of mitosis",1,mT-BRSK2,Q8IWQ3,Q8N1F8,dark_kinome_ppi
Q8IWQ3,bait,"Phosphorylated at Thr-174 by STK11/LKB1 in complex with STE20-related adapter-alpha (STRADA) pseudo kinase and CAB39. Not phosphorylated at Thr-174 by CaMKK2. In contrast, it is phosphorylated and activated by CaMKK1. May be inactivated via dephosphorylation of Thr-174 by PP2C. Phosphorylated at Thr-260 by PKA. Phosphorylation at Thr-260 by PKA was not observed in another study (PubMed:18339622), but this may reflect differences in the experimental approach. Phosphorylation at Thr-260 seems to play a role in the regulation of insulin secretion (PubMed:22669945)",1,mT-BRSK2,Q8IWQ3,O94964,dark_kinome_ppi
Q8IWQ3,bait,"Polyubiquitinated by the APC complex in conjunction with FZR1, leading to its proteasomal degradation. Targeted for proteasomal degradation by interaction with COPS5. BRSK2 levels change during the cell cycle. BRSK2 levels are low at the G1/S boundary and gradually increase as cells progress into G2 phase. BRSK2 levels decrease rapidly at the end of mitosis",1,mT-BRSK2,Q8IWQ3,O94964,dark_kinome_ppi
Q8IWQ3,bait,"Phosphorylated at Thr-174 by STK11/LKB1 in complex with STE20-related adapter-alpha (STRADA) pseudo kinase and CAB39. Not phosphorylated at Thr-174 by CaMKK2. In contrast, it is phosphorylated and activated by CaMKK1. May be inactivated via dephosphorylation of Thr-174 by PP2C. Phosphorylated at Thr-260 by PKA. Phosphorylation at Thr-260 by PKA was not observed in another study (PubMed:18339622), but this may reflect differences in the experimental approach. Phosphorylation at Thr-260 seems to play a role in the regulation of insulin secretion (PubMed:22669945)",1,mT-BRSK2,Q8IWQ3,Q9H1I8,dark_kinome_ppi
Q8IWQ3,bait,"Polyubiquitinated by the APC complex in conjunction with FZR1, leading to its proteasomal degradation. Targeted for proteasomal degradation by interaction with COPS5. BRSK2 levels change during the cell cycle. BRSK2 levels are low at the G1/S boundary and gradually increase as cells progress into G2 phase. BRSK2 levels decrease rapidly at the end of mitosis",1,mT-BRSK2,Q8IWQ3,Q9H1I8,dark_kinome_ppi
Q8IWQ3,bait,"Phosphorylated at Thr-174 by STK11/LKB1 in complex with STE20-related adapter-alpha (STRADA) pseudo kinase and CAB39. Not phosphorylated at Thr-174 by CaMKK2. In contrast, it is phosphorylated and activated by CaMKK1. May be inactivated via dephosphorylation of Thr-174 by PP2C. Phosphorylated at Thr-260 by PKA. Phosphorylation at Thr-260 by PKA was not observed in another study (PubMed:18339622), but this may reflect differences in the experimental approach. Phosphorylation at Thr-260 seems to play a role in the regulation of insulin secretion (PubMed:22669945)",1,mT-BRSK2,Q8IWQ3,Q9H4H8,dark_kinome_ppi
Q8IWQ3,bait,"Polyubiquitinated by the APC complex in conjunction with FZR1, leading to its proteasomal degradation. Targeted for proteasomal degradation by interaction with COPS5. BRSK2 levels change during the cell cycle. BRSK2 levels are low at the G1/S boundary and gradually increase as cells progress into G2 phase. BRSK2 levels decrease rapidly at the end of mitosis",1,mT-BRSK2,Q8IWQ3,Q9H4H8,dark_kinome_ppi
Q8IWQ3,bait,"Phosphorylated at Thr-174 by STK11/LKB1 in complex with STE20-related adapter-alpha (STRADA) pseudo kinase and CAB39. Not phosphorylated at Thr-174 by CaMKK2. In contrast, it is phosphorylated and activated by CaMKK1. May be inactivated via dephosphorylation of Thr-174 by PP2C. Phosphorylated at Thr-260 by PKA. Phosphorylation at Thr-260 by PKA was not observed in another study (PubMed:18339622), but this may reflect differences in the experimental approach. Phosphorylation at Thr-260 seems to play a role in the regulation of insulin secretion (PubMed:22669945)",1,mT-BRSK2,Q8IWQ3,Q9Y484,dark_kinome_ppi
Q8IWQ3,bait,"Polyubiquitinated by the APC complex in conjunction with FZR1, leading to its proteasomal degradation. Targeted for proteasomal degradation by interaction with COPS5. BRSK2 levels change during the cell cycle. BRSK2 levels are low at the G1/S boundary and gradually increase as cells progress into G2 phase. BRSK2 levels decrease rapidly at the end of mitosis",1,mT-BRSK2,Q8IWQ3,Q9Y484,dark_kinome_ppi
Q8IWQ3,bait,"Phosphorylated at Thr-174 by STK11/LKB1 in complex with STE20-related adapter-alpha (STRADA) pseudo kinase and CAB39. Not phosphorylated at Thr-174 by CaMKK2. In contrast, it is phosphorylated and activated by CaMKK1. May be inactivated via dephosphorylation of Thr-174 by PP2C. Phosphorylated at Thr-260 by PKA. Phosphorylation at Thr-260 by PKA was not observed in another study (PubMed:18339622), but this may reflect differences in the experimental approach. Phosphorylation at Thr-260 seems to play a role in the regulation of insulin secretion (PubMed:22669945)",1,mT-BRSK2,Q8IWQ3,Q96HS1,dark_kinome_ppi
Q8IWQ3,bait,"Polyubiquitinated by the APC complex in conjunction with FZR1, leading to its proteasomal degradation. Targeted for proteasomal degradation by interaction with COPS5. BRSK2 levels change during the cell cycle. BRSK2 levels are low at the G1/S boundary and gradually increase as cells progress into G2 phase. BRSK2 levels decrease rapidly at the end of mitosis",1,mT-BRSK2,Q8IWQ3,Q96HS1,dark_kinome_ppi
Q8IWQ3,bait,"Phosphorylated at Thr-174 by STK11/LKB1 in complex with STE20-related adapter-alpha (STRADA) pseudo kinase and CAB39. Not phosphorylated at Thr-174 by CaMKK2. In contrast, it is phosphorylated and activated by CaMKK1. May be inactivated via dephosphorylation of Thr-174 by PP2C. Phosphorylated at Thr-260 by PKA. Phosphorylation at Thr-260 by PKA was not observed in another study (PubMed:18339622), but this may reflect differences in the experimental approach. Phosphorylation at Thr-260 seems to play a role in the regulation of insulin secretion (PubMed:22669945)",1,mT-BRSK2,Q8IWQ3,Q9UPY3,dark_kinome_ppi
Q8IWQ3,bait,"Polyubiquitinated by the APC complex in conjunction with FZR1, leading to its proteasomal degradation. Targeted for proteasomal degradation by interaction with COPS5. BRSK2 levels change during the cell cycle. BRSK2 levels are low at the G1/S boundary and gradually increase as cells progress into G2 phase. BRSK2 levels decrease rapidly at the end of mitosis",1,mT-BRSK2,Q8IWQ3,Q9UPY3,dark_kinome_ppi
Q8IWQ3,bait,"Phosphorylated at Thr-174 by STK11/LKB1 in complex with STE20-related adapter-alpha (STRADA) pseudo kinase and CAB39. Not phosphorylated at Thr-174 by CaMKK2. In contrast, it is phosphorylated and activated by CaMKK1. May be inactivated via dephosphorylation of Thr-174 by PP2C. Phosphorylated at Thr-260 by PKA. Phosphorylation at Thr-260 by PKA was not observed in another study (PubMed:18339622), but this may reflect differences in the experimental approach. Phosphorylation at Thr-260 seems to play a role in the regulation of insulin secretion (PubMed:22669945)",1,mT-BRSK2,Q8IWQ3,Q3SY69,dark_kinome_ppi
Q8IWQ3,bait,"Polyubiquitinated by the APC complex in conjunction with FZR1, leading to its proteasomal degradation. Targeted for proteasomal degradation by interaction with COPS5. BRSK2 levels change during the cell cycle. BRSK2 levels are low at the G1/S boundary and gradually increase as cells progress into G2 phase. BRSK2 levels decrease rapidly at the end of mitosis",1,mT-BRSK2,Q8IWQ3,Q3SY69,dark_kinome_ppi
Q8IWQ3,bait,"Phosphorylated at Thr-174 by STK11/LKB1 in complex with STE20-related adapter-alpha (STRADA) pseudo kinase and CAB39. Not phosphorylated at Thr-174 by CaMKK2. In contrast, it is phosphorylated and activated by CaMKK1. May be inactivated via dephosphorylation of Thr-174 by PP2C. Phosphorylated at Thr-260 by PKA. Phosphorylation at Thr-260 by PKA was not observed in another study (PubMed:18339622), but this may reflect differences in the experimental approach. Phosphorylation at Thr-260 seems to play a role in the regulation of insulin secretion (PubMed:22669945)",1,mT-BRSK2,Q8IWQ3,Q7Z569,dark_kinome_ppi
Q8IWQ3,bait,"Polyubiquitinated by the APC complex in conjunction with FZR1, leading to its proteasomal degradation. Targeted for proteasomal degradation by interaction with COPS5. BRSK2 levels change during the cell cycle. BRSK2 levels are low at the G1/S boundary and gradually increase as cells progress into G2 phase. BRSK2 levels decrease rapidly at the end of mitosis",1,mT-BRSK2,Q8IWQ3,Q7Z569,dark_kinome_ppi
Q8IWQ3,bait,"Phosphorylated at Thr-174 by STK11/LKB1 in complex with STE20-related adapter-alpha (STRADA) pseudo kinase and CAB39. Not phosphorylated at Thr-174 by CaMKK2. In contrast, it is phosphorylated and activated by CaMKK1. May be inactivated via dephosphorylation of Thr-174 by PP2C. Phosphorylated at Thr-260 by PKA. Phosphorylation at Thr-260 by PKA was not observed in another study (PubMed:18339622), but this may reflect differences in the experimental approach. Phosphorylation at Thr-260 seems to play a role in the regulation of insulin secretion (PubMed:22669945)",1,mT-BRSK2,Q8IWQ3,Q96II8,dark_kinome_ppi
Q8IWQ3,bait,"Polyubiquitinated by the APC complex in conjunction with FZR1, leading to its proteasomal degradation. Targeted for proteasomal degradation by interaction with COPS5. BRSK2 levels change during the cell cycle. BRSK2 levels are low at the G1/S boundary and gradually increase as cells progress into G2 phase. BRSK2 levels decrease rapidly at the end of mitosis",1,mT-BRSK2,Q8IWQ3,Q96II8,dark_kinome_ppi
Q8IWQ3,bait,"Phosphorylated at Thr-174 by STK11/LKB1 in complex with STE20-related adapter-alpha (STRADA) pseudo kinase and CAB39. Not phosphorylated at Thr-174 by CaMKK2. In contrast, it is phosphorylated and activated by CaMKK1. May be inactivated via dephosphorylation of Thr-174 by PP2C. Phosphorylated at Thr-260 by PKA. Phosphorylation at Thr-260 by PKA was not observed in another study (PubMed:18339622), but this may reflect differences in the experimental approach. Phosphorylation at Thr-260 seems to play a role in the regulation of insulin secretion (PubMed:22669945)",1,mT-BRSK2,Q8IWQ3,Q9NYA4,dark_kinome_ppi
Q8IWQ3,bait,"Polyubiquitinated by the APC complex in conjunction with FZR1, leading to its proteasomal degradation. Targeted for proteasomal degradation by interaction with COPS5. BRSK2 levels change during the cell cycle. BRSK2 levels are low at the G1/S boundary and gradually increase as cells progress into G2 phase. BRSK2 levels decrease rapidly at the end of mitosis",1,mT-BRSK2,Q8IWQ3,Q9NYA4,dark_kinome_ppi
Q8IWQ3,bait,"Phosphorylated at Thr-174 by STK11/LKB1 in complex with STE20-related adapter-alpha (STRADA) pseudo kinase and CAB39. Not phosphorylated at Thr-174 by CaMKK2. In contrast, it is phosphorylated and activated by CaMKK1. May be inactivated via dephosphorylation of Thr-174 by PP2C. Phosphorylated at Thr-260 by PKA. Phosphorylation at Thr-260 by PKA was not observed in another study (PubMed:18339622), but this may reflect differences in the experimental approach. Phosphorylation at Thr-260 seems to play a role in the regulation of insulin secretion (PubMed:22669945)",1,mT-BRSK2,Q8IWQ3,Q9UHD2,dark_kinome_ppi
Q8IWQ3,bait,"Polyubiquitinated by the APC complex in conjunction with FZR1, leading to its proteasomal degradation. Targeted for proteasomal degradation by interaction with COPS5. BRSK2 levels change during the cell cycle. BRSK2 levels are low at the G1/S boundary and gradually increase as cells progress into G2 phase. BRSK2 levels decrease rapidly at the end of mitosis",1,mT-BRSK2,Q8IWQ3,Q9UHD2,dark_kinome_ppi
Q8IWQ3,bait,"Phosphorylated at Thr-174 by STK11/LKB1 in complex with STE20-related adapter-alpha (STRADA) pseudo kinase and CAB39. Not phosphorylated at Thr-174 by CaMKK2. In contrast, it is phosphorylated and activated by CaMKK1. May be inactivated via dephosphorylation of Thr-174 by PP2C. Phosphorylated at Thr-260 by PKA. Phosphorylation at Thr-260 by PKA was not observed in another study (PubMed:18339622), but this may reflect differences in the experimental approach. Phosphorylation at Thr-260 seems to play a role in the regulation of insulin secretion (PubMed:22669945)",1,mT-BRSK2,Q8IWQ3,Q9UPQ7,dark_kinome_ppi
Q8IWQ3,bait,"Polyubiquitinated by the APC complex in conjunction with FZR1, leading to its proteasomal degradation. Targeted for proteasomal degradation by interaction with COPS5. BRSK2 levels change during the cell cycle. BRSK2 levels are low at the G1/S boundary and gradually increase as cells progress into G2 phase. BRSK2 levels decrease rapidly at the end of mitosis",1,mT-BRSK2,Q8IWQ3,Q9UPQ7,dark_kinome_ppi
Q8IWQ3,bait,"Phosphorylated at Thr-174 by STK11/LKB1 in complex with STE20-related adapter-alpha (STRADA) pseudo kinase and CAB39. Not phosphorylated at Thr-174 by CaMKK2. In contrast, it is phosphorylated and activated by CaMKK1. May be inactivated via dephosphorylation of Thr-174 by PP2C. Phosphorylated at Thr-260 by PKA. Phosphorylation at Thr-260 by PKA was not observed in another study (PubMed:18339622), but this may reflect differences in the experimental approach. Phosphorylation at Thr-260 seems to play a role in the regulation of insulin secretion (PubMed:22669945)",1,mT-BRSK2,Q8IWQ3,Q0PNE2,dark_kinome_ppi
Q8IWQ3,bait,"Polyubiquitinated by the APC complex in conjunction with FZR1, leading to its proteasomal degradation. Targeted for proteasomal degradation by interaction with COPS5. BRSK2 levels change during the cell cycle. BRSK2 levels are low at the G1/S boundary and gradually increase as cells progress into G2 phase. BRSK2 levels decrease rapidly at the end of mitosis",1,mT-BRSK2,Q8IWQ3,Q0PNE2,dark_kinome_ppi
Q8IWQ3,bait,"Phosphorylated at Thr-174 by STK11/LKB1 in complex with STE20-related adapter-alpha (STRADA) pseudo kinase and CAB39. Not phosphorylated at Thr-174 by CaMKK2. In contrast, it is phosphorylated and activated by CaMKK1. May be inactivated via dephosphorylation of Thr-174 by PP2C. Phosphorylated at Thr-260 by PKA. Phosphorylation at Thr-260 by PKA was not observed in another study (PubMed:18339622), but this may reflect differences in the experimental approach. Phosphorylation at Thr-260 seems to play a role in the regulation of insulin secretion (PubMed:22669945)",1,mT-BRSK2,Q8IWQ3,Q8TDD1,dark_kinome_ppi
Q8IWQ3,bait,"Polyubiquitinated by the APC complex in conjunction with FZR1, leading to its proteasomal degradation. Targeted for proteasomal degradation by interaction with COPS5. BRSK2 levels change during the cell cycle. BRSK2 levels are low at the G1/S boundary and gradually increase as cells progress into G2 phase. BRSK2 levels decrease rapidly at the end of mitosis",1,mT-BRSK2,Q8IWQ3,Q8TDD1,dark_kinome_ppi
Q8IWQ3,bait,"Phosphorylated at Thr-174 by STK11/LKB1 in complex with STE20-related adapter-alpha (STRADA) pseudo kinase and CAB39. Not phosphorylated at Thr-174 by CaMKK2. In contrast, it is phosphorylated and activated by CaMKK1. May be inactivated via dephosphorylation of Thr-174 by PP2C. Phosphorylated at Thr-260 by PKA. Phosphorylation at Thr-260 by PKA was not observed in another study (PubMed:18339622), but this may reflect differences in the experimental approach. Phosphorylation at Thr-260 seems to play a role in the regulation of insulin secretion (PubMed:22669945)",1,mT-BRSK2,Q8IWQ3,Q5THJ4,dark_kinome_ppi
Q8IWQ3,bait,"Polyubiquitinated by the APC complex in conjunction with FZR1, leading to its proteasomal degradation. Targeted for proteasomal degradation by interaction with COPS5. BRSK2 levels change during the cell cycle. BRSK2 levels are low at the G1/S boundary and gradually increase as cells progress into G2 phase. BRSK2 levels decrease rapidly at the end of mitosis",1,mT-BRSK2,Q8IWQ3,Q5THJ4,dark_kinome_ppi
Q8IWQ3,bait,"Phosphorylated at Thr-174 by STK11/LKB1 in complex with STE20-related adapter-alpha (STRADA) pseudo kinase and CAB39. Not phosphorylated at Thr-174 by CaMKK2. In contrast, it is phosphorylated and activated by CaMKK1. May be inactivated via dephosphorylation of Thr-174 by PP2C. Phosphorylated at Thr-260 by PKA. Phosphorylation at Thr-260 by PKA was not observed in another study (PubMed:18339622), but this may reflect differences in the experimental approach. Phosphorylation at Thr-260 seems to play a role in the regulation of insulin secretion (PubMed:22669945)",1,mT-BRSK2,Q8IWQ3,O95985,dark_kinome_ppi
Q8IWQ3,bait,"Polyubiquitinated by the APC complex in conjunction with FZR1, leading to its proteasomal degradation. Targeted for proteasomal degradation by interaction with COPS5. BRSK2 levels change during the cell cycle. BRSK2 levels are low at the G1/S boundary and gradually increase as cells progress into G2 phase. BRSK2 levels decrease rapidly at the end of mitosis",1,mT-BRSK2,Q8IWQ3,O95985,dark_kinome_ppi
Q8IWQ3,bait,"Phosphorylated at Thr-174 by STK11/LKB1 in complex with STE20-related adapter-alpha (STRADA) pseudo kinase and CAB39. Not phosphorylated at Thr-174 by CaMKK2. In contrast, it is phosphorylated and activated by CaMKK1. May be inactivated via dephosphorylation of Thr-174 by PP2C. Phosphorylated at Thr-260 by PKA. Phosphorylation at Thr-260 by PKA was not observed in another study (PubMed:18339622), but this may reflect differences in the experimental approach. Phosphorylation at Thr-260 seems to play a role in the regulation of insulin secretion (PubMed:22669945)",1,mT-BRSK2,Q8IWQ3,Q9UJX4,dark_kinome_ppi
Q8IWQ3,bait,"Polyubiquitinated by the APC complex in conjunction with FZR1, leading to its proteasomal degradation. Targeted for proteasomal degradation by interaction with COPS5. BRSK2 levels change during the cell cycle. BRSK2 levels are low at the G1/S boundary and gradually increase as cells progress into G2 phase. BRSK2 levels decrease rapidly at the end of mitosis",1,mT-BRSK2,Q8IWQ3,Q9UJX4,dark_kinome_ppi
Q8IWQ3,bait,"Phosphorylated at Thr-174 by STK11/LKB1 in complex with STE20-related adapter-alpha (STRADA) pseudo kinase and CAB39. Not phosphorylated at Thr-174 by CaMKK2. In contrast, it is phosphorylated and activated by CaMKK1. May be inactivated via dephosphorylation of Thr-174 by PP2C. Phosphorylated at Thr-260 by PKA. Phosphorylation at Thr-260 by PKA was not observed in another study (PubMed:18339622), but this may reflect differences in the experimental approach. Phosphorylation at Thr-260 seems to play a role in the regulation of insulin secretion (PubMed:22669945)",1,mT-BRSK2,Q8IWQ3,P51153,dark_kinome_ppi
Q8IWQ3,bait,"Polyubiquitinated by the APC complex in conjunction with FZR1, leading to its proteasomal degradation. Targeted for proteasomal degradation by interaction with COPS5. BRSK2 levels change during the cell cycle. BRSK2 levels are low at the G1/S boundary and gradually increase as cells progress into G2 phase. BRSK2 levels decrease rapidly at the end of mitosis",1,mT-BRSK2,Q8IWQ3,P51153,dark_kinome_ppi
Q8IWQ3,bait,"Phosphorylated at Thr-174 by STK11/LKB1 in complex with STE20-related adapter-alpha (STRADA) pseudo kinase and CAB39. Not phosphorylated at Thr-174 by CaMKK2. In contrast, it is phosphorylated and activated by CaMKK1. May be inactivated via dephosphorylation of Thr-174 by PP2C. Phosphorylated at Thr-260 by PKA. Phosphorylation at Thr-260 by PKA was not observed in another study (PubMed:18339622), but this may reflect differences in the experimental approach. Phosphorylation at Thr-260 seems to play a role in the regulation of insulin secretion (PubMed:22669945)",1,mT-BRSK2,Q8IWQ3,P61106,dark_kinome_ppi
Q8IWQ3,bait,"Polyubiquitinated by the APC complex in conjunction with FZR1, leading to its proteasomal degradation. Targeted for proteasomal degradation by interaction with COPS5. BRSK2 levels change during the cell cycle. BRSK2 levels are low at the G1/S boundary and gradually increase as cells progress into G2 phase. BRSK2 levels decrease rapidly at the end of mitosis",1,mT-BRSK2,Q8IWQ3,P61106,dark_kinome_ppi
Q8IWQ3,bait,"Phosphorylated at Thr-174 by STK11/LKB1 in complex with STE20-related adapter-alpha (STRADA) pseudo kinase and CAB39. Not phosphorylated at Thr-174 by CaMKK2. In contrast, it is phosphorylated and activated by CaMKK1. May be inactivated via dephosphorylation of Thr-174 by PP2C. Phosphorylated at Thr-260 by PKA. Phosphorylation at Thr-260 by PKA was not observed in another study (PubMed:18339622), but this may reflect differences in the experimental approach. Phosphorylation at Thr-260 seems to play a role in the regulation of insulin secretion (PubMed:22669945)",1,mT-BRSK2,Q8IWQ3,Q15392,dark_kinome_ppi
Q8IWQ3,bait,"Polyubiquitinated by the APC complex in conjunction with FZR1, leading to its proteasomal degradation. Targeted for proteasomal degradation by interaction with COPS5. BRSK2 levels change during the cell cycle. BRSK2 levels are low at the G1/S boundary and gradually increase as cells progress into G2 phase. BRSK2 levels decrease rapidly at the end of mitosis",1,mT-BRSK2,Q8IWQ3,Q15392,dark_kinome_ppi
Q8IWQ3,bait,"Phosphorylated at Thr-174 by STK11/LKB1 in complex with STE20-related adapter-alpha (STRADA) pseudo kinase and CAB39. Not phosphorylated at Thr-174 by CaMKK2. In contrast, it is phosphorylated and activated by CaMKK1. May be inactivated via dephosphorylation of Thr-174 by PP2C. Phosphorylated at Thr-260 by PKA. Phosphorylation at Thr-260 by PKA was not observed in another study (PubMed:18339622), but this may reflect differences in the experimental approach. Phosphorylation at Thr-260 seems to play a role in the regulation of insulin secretion (PubMed:22669945)",1,mT-BRSK2,Q8IWQ3,Q9UID3,dark_kinome_ppi
Q8IWQ3,bait,"Polyubiquitinated by the APC complex in conjunction with FZR1, leading to its proteasomal degradation. Targeted for proteasomal degradation by interaction with COPS5. BRSK2 levels change during the cell cycle. BRSK2 levels are low at the G1/S boundary and gradually increase as cells progress into G2 phase. BRSK2 levels decrease rapidly at the end of mitosis",1,mT-BRSK2,Q8IWQ3,Q9UID3,dark_kinome_ppi
Q8IWQ3,bait,"Phosphorylated at Thr-174 by STK11/LKB1 in complex with STE20-related adapter-alpha (STRADA) pseudo kinase and CAB39. Not phosphorylated at Thr-174 by CaMKK2. In contrast, it is phosphorylated and activated by CaMKK1. May be inactivated via dephosphorylation of Thr-174 by PP2C. Phosphorylated at Thr-260 by PKA. Phosphorylation at Thr-260 by PKA was not observed in another study (PubMed:18339622), but this may reflect differences in the experimental approach. Phosphorylation at Thr-260 seems to play a role in the regulation of insulin secretion (PubMed:22669945)",1,mT-BRSK2,Q8IWQ3,Q9C0H5,dark_kinome_ppi
Q8IWQ3,bait,"Polyubiquitinated by the APC complex in conjunction with FZR1, leading to its proteasomal degradation. Targeted for proteasomal degradation by interaction with COPS5. BRSK2 levels change during the cell cycle. BRSK2 levels are low at the G1/S boundary and gradually increase as cells progress into G2 phase. BRSK2 levels decrease rapidly at the end of mitosis",1,mT-BRSK2,Q8IWQ3,Q9C0H5,dark_kinome_ppi
Q8IWQ3,bait,"Phosphorylated at Thr-174 by STK11/LKB1 in complex with STE20-related adapter-alpha (STRADA) pseudo kinase and CAB39. Not phosphorylated at Thr-174 by CaMKK2. In contrast, it is phosphorylated and activated by CaMKK1. May be inactivated via dephosphorylation of Thr-174 by PP2C. Phosphorylated at Thr-260 by PKA. Phosphorylation at Thr-260 by PKA was not observed in another study (PubMed:18339622), but this may reflect differences in the experimental approach. Phosphorylation at Thr-260 seems to play a role in the regulation of insulin secretion (PubMed:22669945)",1,mT-BRSK2,Q8IWQ3,O75955,dark_kinome_ppi
Q8IWQ3,bait,"Polyubiquitinated by the APC complex in conjunction with FZR1, leading to its proteasomal degradation. Targeted for proteasomal degradation by interaction with COPS5. BRSK2 levels change during the cell cycle. BRSK2 levels are low at the G1/S boundary and gradually increase as cells progress into G2 phase. BRSK2 levels decrease rapidly at the end of mitosis",1,mT-BRSK2,Q8IWQ3,O75955,dark_kinome_ppi
Q8IWQ3,bait,"Phosphorylated at Thr-174 by STK11/LKB1 in complex with STE20-related adapter-alpha (STRADA) pseudo kinase and CAB39. Not phosphorylated at Thr-174 by CaMKK2. In contrast, it is phosphorylated and activated by CaMKK1. May be inactivated via dephosphorylation of Thr-174 by PP2C. Phosphorylated at Thr-260 by PKA. Phosphorylation at Thr-260 by PKA was not observed in another study (PubMed:18339622), but this may reflect differences in the experimental approach. Phosphorylation at Thr-260 seems to play a role in the regulation of insulin secretion (PubMed:22669945)",1,mT-BRSK2,Q8IWQ3,Q14679,dark_kinome_ppi
Q8IWQ3,bait,"Polyubiquitinated by the APC complex in conjunction with FZR1, leading to its proteasomal degradation. Targeted for proteasomal degradation by interaction with COPS5. BRSK2 levels change during the cell cycle. BRSK2 levels are low at the G1/S boundary and gradually increase as cells progress into G2 phase. BRSK2 levels decrease rapidly at the end of mitosis",1,mT-BRSK2,Q8IWQ3,Q14679,dark_kinome_ppi
Q8IWQ3,bait,"Phosphorylated at Thr-174 by STK11/LKB1 in complex with STE20-related adapter-alpha (STRADA) pseudo kinase and CAB39. Not phosphorylated at Thr-174 by CaMKK2. In contrast, it is phosphorylated and activated by CaMKK1. May be inactivated via dephosphorylation of Thr-174 by PP2C. Phosphorylated at Thr-260 by PKA. Phosphorylation at Thr-260 by PKA was not observed in another study (PubMed:18339622), but this may reflect differences in the experimental approach. Phosphorylation at Thr-260 seems to play a role in the regulation of insulin secretion (PubMed:22669945)",1,mT-BRSK2,Q8IWQ3,Q9NNW5,dark_kinome_ppi
Q8IWQ3,bait,"Polyubiquitinated by the APC complex in conjunction with FZR1, leading to its proteasomal degradation. Targeted for proteasomal degradation by interaction with COPS5. BRSK2 levels change during the cell cycle. BRSK2 levels are low at the G1/S boundary and gradually increase as cells progress into G2 phase. BRSK2 levels decrease rapidly at the end of mitosis",1,mT-BRSK2,Q8IWQ3,Q9NNW5,dark_kinome_ppi
Q9HCP0,bait,Autophosphorylated,1,mT-CSNK1G1,Q9HCP0,Q6ZNJ1,dark_kinome_ppi
Q9HCP0,bait,Autophosphorylated,1,mT-CSNK1G1,Q9HCP0,Q6P1M3,dark_kinome_ppi
Q9HCP0,bait,Autophosphorylated,1,mT-CSNK1G1,Q9HCP0,Q5FWE3,dark_kinome_ppi
Q9HCP0,bait,Autophosphorylated,1,mT-CSNK1G1,Q9HCP0,Q9UK32,dark_kinome_ppi
Q9HCP0,bait,Autophosphorylated,1,mT-CSNK1G1,Q9HCP0,Q14517,dark_kinome_ppi
Q9HCP0,bait,Autophosphorylated,1,mT-CSNK1G1,Q9HCP0,Q5T5P2,dark_kinome_ppi
Q9HCP0,bait,Autophosphorylated,1,mT-CSNK1G1,Q9HCP0,Q96DX4,dark_kinome_ppi
Q9HCP0,bait,Autophosphorylated,1,mT-CSNK1G1,Q9HCP0,Q13884,dark_kinome_ppi
Q9HCP0,bait,Autophosphorylated,1,mT-CSNK1G1,Q9HCP0,Q2LD37,dark_kinome_ppi
Q9HCP0,bait,Autophosphorylated,1,mT-CSNK1G1,Q9HCP0,Q08357,dark_kinome_ppi
Q9HCP0,bait,Autophosphorylated,1,mT-CSNK1G1,Q9HCP0,Q9H2K8,dark_kinome_ppi
Q9HCP0,bait,Autophosphorylated,1,mT-CSNK1G1,Q9HCP0,Q7L9B9,dark_kinome_ppi
Q9HCP0,bait,Autophosphorylated,1,mT-CSNK1G1,Q9HCP0,Q9Y4D8,dark_kinome_ppi
Q9HCP0,bait,Autophosphorylated,1,mT-CSNK1G1,Q9HCP0,O75096,dark_kinome_ppi
Q9HCP0,bait,Autophosphorylated,1,mT-CSNK1G1,Q9HCP0,O95180,dark_kinome_ppi
Q9HCP0,bait,Autophosphorylated,1,mT-CSNK1G1,Q9HCP0,Q13443,dark_kinome_ppi
Q9HCP0,bait,Autophosphorylated,1,mT-CSNK1G1,Q9HCP0,Q12767,dark_kinome_ppi
Q9HCP0,bait,Autophosphorylated,1,mT-CSNK1G1,Q9HCP0,Q5VWQ8,dark_kinome_ppi
Q9HCP0,bait,Autophosphorylated,1,mT-CSNK1G1,Q9HCP0,Q8IVH8,dark_kinome_ppi
Q9HCP0,bait,Autophosphorylated,1,mT-CSNK1G1,Q9HCP0,Q96ST8,dark_kinome_ppi
Q9HCP0,bait,Autophosphorylated,1,mT-CSNK1G1,Q9HCP0,Q14644,dark_kinome_ppi
Q9HCP0,bait,Autophosphorylated,1,mT-CSNK1G1,Q9HCP0,Q9ULI3,dark_kinome_ppi
Q9HCP0,bait,Autophosphorylated,1,mT-CSNK1G1,Q9HCP0,Q7Z5N4,dark_kinome_ppi
Q9HCP0,bait,Autophosphorylated,1,mT-CSNK1G1,Q9HCP0,Q6NZI2,dark_kinome_ppi
Q9HCP0,bait,Autophosphorylated,1,mT-CSNK1G1,Q9HCP0,Q96NL0,dark_kinome_ppi
Q9HCP0,bait,Autophosphorylated,1,mT-CSNK1G1,Q9HCP0,Q8ND30,dark_kinome_ppi
Q9HCP0,bait,Autophosphorylated,1,mT-CSNK1G1,Q9HCP0,P36383,dark_kinome_ppi
Q9HCP0,bait,Autophosphorylated,1,mT-CSNK1G1,Q9HCP0,Q9NPG1,dark_kinome_ppi
Q9HCP0,bait,Autophosphorylated,1,mT-CSNK1G1,Q9HCP0,Q96PY5,dark_kinome_ppi
Q9HCP0,bait,Autophosphorylated,1,mT-CSNK1G1,Q9HCP0,Q96Q45,dark_kinome_ppi
Q9HCP0,bait,Autophosphorylated,1,mT-CSNK1G1,Q9HCP0,Q9Y2H5,dark_kinome_ppi
Q9HCP0,bait,Autophosphorylated,1,mT-CSNK1G1,Q9HCP0,Q5T2T1,dark_kinome_ppi
